iteration,residual
1,19.727683342983571
2,19.704645883715276
3,19.68163532697378
4,19.658651641342999
5,19.635694795443605
6,19.612764757932858
7,19.589861497504643
8,19.566984982889437
9,19.544135182854138
10,19.521312066202253
11,19.498515601773544
12,19.475745758444329
13,19.453002505127191
14,19.430285810771011
15,19.407595644360985
16,19.384931974918494
17,19.36229477150092
18,19.339684003202226
19,19.317099639152026
20,19.294541648516063
21,19.272010000496415
22,19.249504664330761
23,19.227025609292728
24,19.204572804692049
25,19.182146219874053
26,19.159745824220131
27,19.137371587147143
28,19.115023478107837
29,19.092701466590668
30,19.070405522119561
31,19.048135614254267
32,19.025891712589605
33,19.003673786756625
34,18.981481806421204
35,18.959315741284993
36,18.937175561084931
37,18.915061235593139
38,18.892972734617398
39,18.87091002800042
40,18.848873085619989
41,18.826861877389767
42,18.804876373257784
43,18.782916543207708
44,18.760982357258047
45,18.739073785461894
46,18.71719079790811
47,18.695333364720153
48,18.673501456056073
49,18.651695042109335
50,18.629914093107526
51,18.608158579313422
52,18.586428471024735
53,18.564723738573306
54,18.543044352326273
55,18.52139028268455
56,18.499761500084688
57,18.478157974996442
58,18.456579677925205
59,18.435026579410028
60,18.413498650025264
61,18.391995860378795
62,18.370518181113226
63,18.349065582904924
64,18.327638036465444
65,18.306235512539402
66,18.284857981906843
67,18.263505415381097
68,18.242177783809286
69,18.220875058073226
70,18.199597209089223
71,18.178344207805942
72,18.157116025206996
73,18.135912632310706
74,18.114734000167296
75,18.093580099862393
76,18.07245090251471
77,18.051346379276485
78,18.030266501334435
79,18.009211239908119
80,17.98818056625133
81,17.967174451650934
82,17.946192867427332
83,17.925235784934706
84,17.904303175560766
85,17.8833950107263
86,17.862511261886102
87,17.841651900527324
88,17.8208168981709
89,17.800006226371067
90,17.779219856715596
91,17.758457760824623
92,17.7377199103523
93,17.717006276985373
94,17.696316832443653
95,17.675651548480033
96,17.655010396880463
97,17.63439334946397
98,17.613800378082413
99,17.593231454620014
100,17.57268655099454
101,17.552165639156588
102,17.531668691088651
103,17.51119567880653
104,17.490746574358862
105,17.470321349826875
106,17.449919977323937
107,17.429542428996484
108,17.409188677022847
109,17.388858693614893
110,17.368552451016157
111,17.348269921502535
112,17.328011077382762
113,17.307775890997465
114,17.287564334719875
115,17.267376380954886
116,17.247212002141392
117,17.227071170747848
118,17.206953859277178
119,17.186860040262566
120,17.166789686271908
121,17.1467427699003
122,17.126719263781307
123,17.106719140574292
124,17.086742372975198
125,17.066788933709063
126,17.04685879553422
127,17.026951931239495
128,17.007068313646549
129,16.987207915609872
130,16.967370710012109
131,16.947556669770606
132,16.927765767834611
133,16.907997977182454
134,16.888253270825295
135,16.868531621807136
136,16.848833003201058
137,16.829157388113444
138,16.809504749680698
139,16.789875061072067
140,16.770268295486805
141,16.750684426156539
142,16.73112342634386
143,16.711585269341366
144,16.692069928474968
145,16.67257737709966
146,16.653107588601859
147,16.633660536401759
148,16.614236193947228
149,16.594834534718963
150,16.575455532226755
151,16.556099160014625
152,16.536765391654281
153,16.517454200749782
154,16.498165560935693
155,16.478899445877992
156,16.459655829272215
157,16.440434684845332
158,16.421235986355729
159,16.40205970759088
160,16.382905822369686
161,16.363774304542009
162,16.34466512798679
163,16.325578266616272
164,16.306513694369908
165,16.287471385219046
166,16.268451313166466
167,16.249453452243554
168,16.230477776512661
169,16.211524260066618
170,16.192592877028289
171,16.173683601551961
172,16.154796407819116
173,16.135931270045031
174,16.117088162472637
175,16.098267059375363
176,16.079467935057131
177,16.060690763852353
178,16.041935520123573
179,16.023202178265713
180,16.004490712702303
181,15.985801097885489
182,15.967133308299312
183,15.948487318457364
184,15.929863102901383
185,15.911260636205469
186,15.892679892969994
187,15.874120847829102
188,15.855583475442735
189,15.837067750501792
190,15.818573647729071
191,15.800101141871762
192,15.781650207712234
193,15.763220820057718
194,15.744812953747337
195,15.726426583650243
196,15.708061684662784
197,15.689718231711337
198,15.671396199751825
199,15.653095563770195
200,15.634816298779128
201,15.616558379824612
202,15.598321781977491
203,15.580106480339103
204,15.56191245004174
205,15.543739666245378
206,15.525588104137656
207,15.507457738937182
208,15.48934854589117
209,15.471260500274512
210,15.453193577392122
211,15.435147752577526
212,15.41712300119333
213,15.399119298629817
214,15.381136620306822
215,15.363174941673261
216,15.345234238206197
217,15.327314485411302
218,15.309415658822862
219,15.291537734004249
220,15.2736806865451
221,15.255844492067887
222,15.238029126219942
223,15.220234564678618
224,15.202460783148007
225,15.184707757363157
226,15.166975463084446
227,15.149263876103682
228,15.131572972239406
229,15.113902727337369
230,15.096253117273339
231,15.07862411795076
232,15.061015705300754
233,15.043427855282117
234,15.025860543883192
235,15.008313747118594
236,14.99078744103249
237,14.973281601696717
238,14.955796205209857
239,14.938331227700505
240,14.92088664532306
241,14.903462434260998
242,14.886058570724069
243,14.868675030952975
244,14.851311791213286
245,14.833968827798708
246,14.816646117031569
247,14.799343635260458
248,14.782061358864455
249,14.764799264247035
250,14.747557327839344
251,14.730335526103486
252,14.713133835525026
253,14.69595223261954
254,14.678790693928876
255,14.66164919602209
256,14.644527715498254
257,14.627426228978022
258,14.610344713116756
259,14.593283144590457
260,14.576241500106084
261,14.55921975639593
262,14.542217890222302
263,14.525235878371905
264,14.508273697658645
265,14.491331324925515
266,14.474408737039894
267,14.457505910899187
268,14.440622823424247
269,14.423759451567829
270,14.406915772302385
271,14.39009176263508
272,14.373287399593719
273,14.356502660237062
274,14.339737521649203
275,14.322991960939561
276,14.30626595524758
277,14.289559481735219
278,14.272872517594452
279,14.256205040042589
280,14.239557026324144
281,14.222928453710836
282,14.206319299496899
283,14.189729541006589
284,14.173159155592305
285,14.156608120628965
286,14.140076413520562
287,14.123564011696425
288,14.107070892612148
289,14.090597033749596
290,14.074142412616895
291,14.057707006749386
292,14.041290793707732
293,14.024893751079807
294,14.008515856476937
295,13.992157087540468
296,13.975817421936137
297,13.95949683735501
298,13.943195311514426
299,13.92691282215705
300,13.910649347054624
301,13.894404864002356
302,13.878179350820773
303,13.861972785358549
304,13.845785145488753
305,13.829616409110717
306,13.813466554150043
307,13.797335558554851
308,13.781223400303276
309,13.765130057398787
310,13.749055507868306
311,13.732999729765021
312,13.716962701169326
313,13.700944400185071
314,13.684944804942372
315,13.668963893597612
316,13.653001644333445
317,13.637058035355036
318,13.62113304489476
319,13.605226651212197
320,13.589338832588503
321,13.573469567333916
322,13.557618833780253
323,13.541786610288414
324,13.525972875242747
325,13.510177607052935
326,13.494400784152115
327,13.478642385003441
328,13.462902388089768
329,13.447180771921161
330,13.431477515035827
331,13.415792595990732
332,13.400125993374743
333,13.384477685795492
334,13.368847651890624
335,13.353235870320306
336,13.337642319770032
337,13.322066978947809
338,13.30650982659261
339,13.290970841462162
340,13.275450002340465
341,13.259947288038724
342,13.244462677391597
343,13.228996149256259
344,13.213547682518028
345,13.198117256084734
346,13.182704848889541
347,13.167310439889066
348,13.151934008067133
349,13.136575532429138
350,13.12123499200769
351,13.105912365857906
352,13.090607633058363
353,13.075320772715781
354,13.06005176395939
355,13.044800585940939
356,13.02956721783845
357,13.014351638856201
358,12.999153828217246
359,12.983973765174648
360,12.96881142900118
361,12.953666798997752
362,12.938539854486857
363,12.923430574816312
364,12.908338939356454
365,12.893264927503887
366,12.878208518677729
367,12.863169692322428
368,12.848148427904947
369,12.833144704914766
370,12.818158502872322
371,12.803189801314002
372,12.788238579802456
373,12.773304817928487
374,12.758388495298838
375,12.743489591551214
376,12.728608086343023
377,12.713743959359812
378,12.698897190301205
379,12.684067758904348
380,12.669255644918586
381,12.654460828122343
382,12.639683288315622
383,12.624923005323756
384,12.610179958993655
385,12.595454129199434
386,12.580745495832096
387,12.566054038811723
388,12.551379738081858
389,12.536722573606673
390,12.522082525375676
391,12.507459573398076
392,12.492853697713102
393,12.478264878377802
394,12.463693095472687
395,12.449138329105468
396,12.434600559404496
397,12.420079766519697
398,12.405575930628208
399,12.391089031927804
400,12.376619050637832
401,12.362165967003913
402,12.347729761294179
403,12.333310413796465
404,12.318907904825814
405,12.30452221471978
406,12.290153323836559
407,12.275801212559678
408,12.261465861290482
409,12.24714725046222
410,12.232845360522209
411,12.218560171945912
412,12.204291665228494
413,12.190039820892322
414,12.175804619477592
415,12.161586041547011
416,12.147384067692373
417,12.133198678520477
418,12.119029854665335
419,12.104877576781591
420,12.090741825550159
421,12.076622581669781
422,12.062519825862649
423,12.048433538874407
424,12.034363701476035
425,12.020310294454454
426,12.006273298626612
427,11.992252694824462
428,11.978248463907164
429,11.964260586755458
430,11.95028904427166
431,11.936333817378724
432,11.92239488702681
433,11.908472234182964
434,11.894565839841441
435,11.880675685011504
436,11.866801750732435
437,11.852944018062283
438,11.839102468080668
439,11.825277081888796
440,11.811467840611316
441,11.797674725397277
442,11.783897717411673
443,11.770136797845764
444,11.756391947914267
445,11.742663148848786
446,11.728950381906248
447,11.715253628366106
448,11.701572869525627
449,11.687908086709291
450,11.674259261259399
451,11.660626374542648
452,11.647009407943553
453,11.633408342873841
454,11.619823160763058
455,11.606253843061397
456,11.592700371246249
457,11.579162726811896
458,11.565640891275136
459,11.552134846175276
460,11.538644573073208
461,11.52517005354952
462,11.511711269207318
463,11.498268201673161
464,11.484840832593306
465,11.471429143633715
466,11.458033116485677
467,11.444652732857367
468,11.431287974482295
469,11.417938823113664
470,11.404605260525324
471,11.391287268514571
472,11.377984828897468
473,11.364697923511656
474,11.351426534219165
475,11.338170642897037
476,11.324930231449519
477,11.311705281799622
478,11.298495775890053
479,11.28530169568792
480,11.272123023180024
481,11.258959740369116
482,11.245811829288909
483,11.232679271986244
484,11.219562050530484
485,11.206460147016315
486,11.193373543551564
487,11.180302222272196
488,11.167246165329191
489,11.154205354901668
490,11.141179773180946
491,11.12816940238555
492,11.115174224752765
493,11.102194222539579
494,11.089229378023617
495,11.076279673505022
496,11.063345091304576
497,11.050425613763696
498,11.037521223239754
499,11.024631902117321
500,11.011757632797858
501,10.998898397706279
502,10.986054179283448
503,10.973224959994619
504,10.960410722322871
505,10.947611448774735
506,10.934827121874568
507,10.922057724169242
508,10.909303238222517
509,10.896563646623479
510,10.883838931978106
511,10.871129076912071
512,10.858434064072629
513,10.845753876130486
514,10.83308849577042
515,10.820437905702539
516,10.807802088652901
517,10.795181027371951
518,10.782574704627967
519,10.769983103210794
520,10.757406205926234
521,10.744843995605413
522,10.732296455096344
523,10.719763567267686
524,10.707245315010605
525,10.694741681233154
526,10.682252648862155
527,10.669778200847878
528,10.657318320160297
529,10.644872989786268
530,10.632442192735169
531,10.620025912035135
532,10.607624130734004
533,10.595236831902131
534,10.58286399862488
535,10.570505614010127
536,10.558161661185455
537,10.545832123297204
538,10.533516983513296
539,10.521216225017598
540,10.508929831019309
541,10.496657784741696
542,10.484400069432425
543,10.472156668350411
544,10.459927564786474
545,10.447712742039871
546,10.43551218343613
547,10.423325872317662
548,10.411153792044708
549,10.398995926002835
550,10.386852257589807
551,10.374722770226839
552,10.362607447352977
553,10.350506272428838
554,10.338419228933803
555,10.326346300362264
556,10.314287470232069
557,10.302242722080761
558,10.290212039462775
559,10.27819540595412
560,10.266192805146755
561,10.254204220654216
562,10.242229636108801
563,10.230269035163447
564,10.2183224014861
565,10.206389718765351
566,10.194470970714175
567,10.182566141054933
568,10.170675213538127
569,10.158798171926458
570,10.14693500000608
571,10.135085681579092
572,10.123250200467298
573,10.111428540514076
574,10.09962068557688
575,10.087826619537553
576,10.07604632629107
577,10.064279789753988
578,10.052526993864435
579,10.040787922573678
580,10.029062559854561
581,10.017350889700564
582,10.00565289612018
583,9.9939685631425395
584,9.9822978748164743
585,9.9706408152067656
586,9.9589973683978918
587,9.9473675184940369
588,9.9357512496181464
589,9.9241485459081726
590,9.912559391522711
591,9.9009837706438102
592,9.8894216674619599
593,9.8778730661948586
594,9.8663379510752094
595,9.8548163063526086
596,9.8433081162972886
597,9.8318133651973056
598,9.8203320373613554
599,9.808864117109394
600,9.7974095887876409
601,9.7859684367592052
602,9.7745406453984547
603,9.7631261991060185
604,9.7517250822956694
605,9.7403372794074397
606,9.7289627748888705
607,9.717601553211896
608,9.7062535988634551
609,9.6949188963511332
610,9.6835974302012726
611,9.6722891849571049
612,9.6609941451749943
613,9.6497122954413257
614,9.6384436203462371
615,9.6271881045080097
616,9.6159457325618138
617,9.6047164891503218
618,9.5935003589518555
619,9.5822973266484919
620,9.5711073769448198
621,9.5599304945660695
622,9.5487666642487294
623,9.5376158707555554
624,9.5264780988586804
625,9.515353333350884
626,9.504241559047454
627,9.4931427607768164
628,9.4820569233824088
629,9.4709840317339307
630,9.4599240707085901
631,9.4488770252136192
632,9.4378428801562428
633,9.426821620481217
634,9.4158132311370473
635,9.4048176970910049
636,9.3938350033385003
637,9.3828651348805785
638,9.3719080767407963
639,9.3609638139577225
640,9.3500323315924376
641,9.3391136147210378
642,9.3282076484308742
643,9.3173144178355631
644,9.3064339080637364
645,9.2955661042590325
646,9.2847109915838537
647,9.2738685552193658
648,9.2630387803579897
649,9.2522216522221683
650,9.2414171560343465
651,9.2306252770469879
652,9.2198460005275642
653,9.2090793117585594
654,9.1983251960412229
655,9.1875836386880554
656,9.1768546250397094
657,9.1661381404443336
658,9.155434170272601
659,9.1447426999101893
660,9.1340637147615418
661,9.1233972002423549
662,9.1127431417945974
663,9.1021015248677433
664,9.0914723349394091
665,9.0808555574909615
666,9.070251178031917
667,9.0596591820830454
668,9.0490795551801266
669,9.0385122828852129
670,9.0279573507659787
671,9.0174147444126209
672,9.0068844494303395
673,8.9963664514468569
674,8.9858607360973934
675,8.9753672890434437
676,8.9648860959502521
677,8.9544171425168333
678,8.9439604144459608
679,8.9335158974629163
680,8.9230835773042454
681,8.9126634397290054
682,8.9022554705131416
683,8.8918596554438558
684,8.8814759803252361
685,8.8711044309857652
686,8.8607449932633013
687,8.8503976530163495
688,8.8400623961127902
689,8.8297392084467727
690,8.8194280759199533
691,8.8091289844621325
692,8.798841920001232
693,8.7885668685008227
694,8.7783038159282327
695,8.7680527482770536
696,8.7578136515427545
697,8.7475865117545784
698,8.7373713149417647
699,8.7271680471673321
700,8.7169766944905405
701,8.7067972430025495
702,8.6966296788057775
703,8.6864739880176494
704,8.6763301567743571
705,8.6661981712214722
706,8.6560780175327086
707,8.6459696818874097
708,8.6358731504855619
709,8.625788409540279
710,8.6157154452853195
711,8.6056542439675745
712,8.5956047918508176
713,8.5855670752138398
714,8.5755410803541867
715,8.5655267935825439
716,8.5555242012246051
717,8.5455332896304572
718,8.5355540451501835
719,8.525586454163891
720,8.5156305030666939
721,8.5056861782574646
722,8.4957534661650893
723,8.4858323532278384
724,8.4759228259027477
725,8.4660248706543531
726,8.4561384739734624
727,8.4462636223602612
728,8.4364003023355778
729,8.4265485004314957
730,8.4167082031969862
731,8.4068793971979083
732,8.3970620690132503
733,8.3872562052407673
734,8.3774617924932233
735,8.367678817398394
736,8.3579072666028154
737,8.3481471267567766
738,8.338398384542467
739,8.3286610266476977
740,8.3189350397790509
741,8.3092204106543601
742,8.2995171260158536
743,8.289825172611387
744,8.2801445372113314
745,8.2704752065973164
746,8.2608171675678577
747,8.2511704069346035
748,8.2415349115298451
749,8.2319106682008805
750,8.2222976638025127
751,8.2126958852139378
752,8.2031053193256085
753,8.1935259530429896
754,8.1839577732865543
755,8.1744007669917842
756,8.1648549211166817
757,8.1553202226192436
758,8.1457966584893668
759,8.1362842157244533
760,8.1267828813312839
761,8.1172926423429104
762,8.1078134858017616
763,8.0983453987634064
764,8.0888883683059234
765,8.0794423815111482
766,8.0700074254871801
767,8.0605834873552542
768,8.0511705542403611
769,8.041768613301258
770,8.0323776516929559
771,8.0229976566004826
772,8.0136286152107434
773,8.0042705147387867
774,7.9949233424034141
775,7.985587085449696
776,7.9762617311208253
777,7.9669472666937686
778,7.9576436794473677
779,7.9483509566792279
780,7.939069085705718
781,7.9297980538525872
782,7.9205378484587188
783,7.9112884568855115
784,7.9020498665056218
785,7.8928220646992111
786,7.8836050388764614
787,7.8743987764475545
788,7.8652032648451877
789,7.856018491513316
790,7.846844443914657
791,7.8376811095213101
792,7.8285284758260127
793,7.819386530329008
794,7.8102552605511795
795,7.8011346540246658
796,7.7920246982984933
797,7.7829253809348238
798,7.7738366895089497
799,7.7647586116130531
800,7.7556911348543247
801,7.7466342468493368
802,7.7375879352334245
803,7.7285521876625625
804,7.7195269917908478
805,7.7105123353061513
806,7.7015082058888398
807,7.6925145912586803
808,7.6835314791241833
809,7.674558857231383
810,7.6655967133225635
811,7.6566450351681521
812,7.6477038105404507
813,7.6387730272380319
814,7.629852673063219
815,7.6209427358370991
816,7.6120432033995202
817,7.6031540635940855
818,7.5942753042887885
819,7.5854069133591269
820,7.5765488787031146
821,7.5677011882187664
822,7.5588638298284874
823,7.550036791467817
824,7.5412200610910576
825,7.5324136266506354
826,7.5236174761289956
827,7.5148315975160909
828,7.5060559788168826
829,7.4972906080513431
830,7.4885354732488247
831,7.4797905624574437
832,7.471055863740327
833,7.4623313651662295
834,7.4536170548320504
835,7.4449129208328131
836,7.4362189512860546
837,7.4275351343280773
838,7.4188614580951819
839,7.4101979107480611
840,7.4015444804624178
841,7.3929011554177073
842,7.3842679238196531
843,7.3756447738739785
844,7.3670316938126748
845,7.3584286718752381
846,7.3498356963161751
847,7.3412527554012499
848,7.3326798374187421
849,7.3241169306569311
850,7.3155640234266119
851,7.3070211040554662
852,7.2984881608749266
853,7.289965182235191
854,7.2814521565014658
855,7.272949072052092
856,7.2644559172766678
857,7.2559726805779263
858,7.2474993503754854
859,7.2390359151039743
860,7.2305823632017754
861,7.2221386831316616
862,7.2137048633657876
863,7.2052808923875657
864,7.1968667586954185
865,7.1884624508027786
866,7.1800679572362132
867,7.1716832665316694
868,7.1633083672457349
869,7.1549432479425015
870,7.1465878972010728
871,7.1382423036136835
872,7.1299064557894578
873,7.1215803423412707
874,7.1132639519063892
875,7.1049572731277095
876,7.0966602946668891
877,7.0883730051930929
878,7.0800953933979995
879,7.0718274479714118
880,7.0635691576312771
881,7.0553205111030461
882,7.0470814971215541
883,7.0388521044385195
884,7.0306323218169204
885,7.0224221380422494
886,7.0142215418943712
887,7.006030522186923
888,6.9978490677316643
889,6.9896771673591198
890,6.9815148099110704
891,6.9733619842461838
892,6.9652186792343853
893,6.9570848837531054
894,6.9489605867004141
895,6.9408457769837613
896,6.9327404435256081
897,6.9246445752559218
898,6.9165581611253071
899,6.9084811900918748
900,6.9004136511287442
901,6.8923555332221715
902,6.8843068253677915
903,6.8762675165781264
904,6.8682375958807098
905,6.8602170523049502
906,6.8522058749084005
907,6.844204052746738
908,6.8362115749000303
909,6.8282284304558507
910,6.8202546085092788
911,6.8122900981835368
912,6.8043348885943429
913,6.7963889688893104
914,6.7884523282123013
915,6.7805249557334459
916,6.7726068406285025
917,6.7646979720863634
918,6.7567983393053028
919,6.7489079315061087
920,6.741026737913324
921,6.7331547477665001
922,6.7252919503164472
923,6.7174383348327362
924,6.7095938905886934
925,6.7017586068782826
926,6.6939324730010954
927,6.686115478271736
928,6.678307612021694
929,6.6705088635862104
930,6.6627192223211669
931,6.6549386775899491
932,6.647167218769078
933,6.6394048352482073
934,6.6316515164338776
935,6.623907251736382
936,6.6161720305810237
937,6.6084458424118688
938,6.6007286766767361
939,6.593020522842207
940,6.585321370380492
941,6.5776312087844397
942,6.5699500275506519
943,6.5622778161982467
944,6.5546145642463411
945,6.5469602612309377
946,6.5393148967086807
947,6.5316784602362112
948,6.5240509413908123
949,6.5164323297591471
950,6.5088226149335062
951,6.5012217865324509
952,6.4936298341726646
953,6.4860467474914687
954,6.4784725161336922
955,6.4709071297629253
956,6.4633505780465113
957,6.4558028506668022
958,6.4482639373249153
959,6.4407338277182138
960,6.4332125115740819
961,6.4256999786236548
962,6.4181962186055754
963,6.4107012212753718
964,6.4032149764035813
965,6.3957374737682473
966,6.388268703156796
967,6.3808086543772893
968,6.3733573172434212
969,6.3659146815782659
970,6.3584807372274117
971,6.351055474036448
972,6.3436388818659752
973,6.3362309505953558
974,6.3288316701058269
975,6.3214410303011439
976,6.3140590210831844
977,6.3066856323782163
978,6.2993208541200154
979,6.2919646762498607
980,6.2846170887296706
981,6.2772780815251163
982,6.2699476446168791
983,6.2626257679931454
984,6.2553124416646169
985,6.2480076556382427
986,6.2407113999472399
987,6.2334236646285781
988,6.226144439726732
989,6.2188737153124443
990,6.2116114814564574
991,6.2043577282388958
992,6.1971124457623974
993,6.1898756241296029
994,6.1826472534656665
995,6.1754273238976189
996,6.168215825571254
997,6.1610127486379946
998,6.1538180832623963
999,6.1466318196259024
1000,6.1394539479155847
1001,6.1322844583316485
1002,6.1251233410836816
1003,6.1179705863981573
1004,6.1108261845071778
1005,6.1036901256541034
1006,6.0965624001048093
1007,6.0894429981176659
1008,6.0823319099773112
1009,6.0752291259758886
1010,6.068134636416799
1011,6.0610484316090725
1012,6.0539705018823771
1013,6.0469008375738866
1014,6.0398394290282811
1015,6.0327862666052496
1016,6.0257413406776141
1017,6.0187046416219516
1018,6.0116761598411053
1019,6.0046558857285373
1020,5.9976438097021019
1021,5.990639922192786
1022,5.9836442136353298
1023,5.9766566744757323
1024,5.9696772951806301
1025,5.9627060662147837
1026,5.9557429780617168
1027,5.9487880212199631
1028,5.941841186189933
1029,5.9349024634870453
1030,5.9279718436342268
1031,5.9210493171787943
1032,5.9141348746624347
1033,5.9072285066437242
1034,5.9003302036981227
1035,5.8934399564067199
1036,5.8865577553618644
1037,5.8796835911634089
1038,5.8728174544318437
1039,5.8659593357895385
1040,5.8591092258757467
1041,5.8522671153353514
1042,5.8454329948282471
1043,5.8386068550199557
1044,5.8317886866003912
1045,5.8249784802519624
1046,5.8181762266814703
1047,5.8113819165994665
1048,5.804595540727763
1049,5.7978170898069328
1050,5.7910465545794256
1051,5.7842839257989489
1052,5.7775291942379727
1053,5.7707823506689673
1054,5.7640433858831654
1055,5.7573122906793053
1056,5.7505890558692592
1057,5.743873672270527
1058,5.7371661307174966
1059,5.7304664220520598
1060,5.7237745371273681
1061,5.7170904668040752
1062,5.7104142019615995
1063,5.7037457334793586
1064,5.6970850522536578
1065,5.6904321491976875
1066,5.6837870152208865
1067,5.6771496412533313
1068,5.6705200182344813
1069,5.6638981371112997
1070,5.6572839888420097
1071,5.6506775643979648
1072,5.6440788547599032
1073,5.6374878509160666
1074,5.6309045438715835
1075,5.6243289246353347
1076,5.6177609842312117
1077,5.6112007136906108
1078,5.6046481040580627
1079,5.598103146389354
1080,5.5915658317440267
1081,5.5850361512003834
1082,5.5785140958423565
1083,5.5719996567670123
1084,5.5654928250770448
1085,5.5589935918901592
1086,5.5525019483353191
1087,5.5460178855471156
1088,5.5395413946732743
1089,5.5330724668690259
1090,5.5266110933083636
1091,5.520157265165281
1092,5.5137109736287817
1093,5.5072722098991269
1094,5.5008409651859598
1095,5.4944172307083035
1096,5.4880009976945638
1097,5.4815922573844036
1098,5.4751910010287448
1099,5.4687972198916404
1100,5.4624109052371468
1101,5.4560320483518323
1102,5.4496606405241446
1103,5.4432966730556638
1104,5.4369401372573503
1105,5.4305910244514246
1106,5.4242493259694875
1107,5.4179150331506438
1108,5.4115881373490096
1109,5.4052686299262067
1110,5.3989565022569899
1111,5.3926517457217429
1112,5.3863543517102315
1113,5.3800643116272298
1114,5.3737816168812671
1115,5.3675062589033864
1116,5.3612382291152496
1117,5.3549775189666633
1118,5.3487241199055564
1119,5.3424780233967457
1120,5.3362392209125522
1121,5.3300077039346796
1122,5.3237834639523358
1123,5.3175664924753665
1124,5.3113567810061149
1125,5.3051543210750669
1126,5.2989591042070785
1127,5.2927711219495235
1128,5.2865903658497739
1129,5.2804168274720888
1130,5.2742504983882323
1131,5.2680913701755978
1132,5.2619394344284638
1133,5.2557946827486148
1134,5.2496571067434656
1135,5.2435266980335618
1136,5.2374034482507099
1137,5.2312873490360952
1138,5.2251783920365327
1139,5.2190765689157255
1140,5.2129818713392497
1141,5.2068942909858187
1142,5.2008138195454015
1143,5.1947404487154731
1144,5.1886741702085173
1145,5.1826149757351443
1146,5.1765628570284763
1147,5.1705178058235148
1148,5.1644798138665173
1149,5.1584488729149998
1150,5.1524249747358581
1151,5.1464081110997419
1152,5.140398273797941
1153,5.1343954546236183
1154,5.1283996453774456
1155,5.1224108378807305
1156,5.116429023949153
1157,5.1104541954209095
1158,5.104486344137948
1159,5.0985254619515965
1160,5.0925715407206908
1161,5.086624572320952
1162,5.0806845486318526
1163,5.0747514615403713
1164,5.0688253029522503
1165,5.0629060647713544
1166,5.0569937389203119
1167,5.0510883173217493
1168,5.0451897919170587
1169,5.0392981546532596
1170,5.0334133974848756
1171,5.0275355123758132
1172,5.0216644913049882
1173,5.0158003262550706
1174,5.0099430092199855
1175,5.0040925322030407
1176,4.9982488872150501
1177,4.99241206627996
1178,4.9865820614254703
1179,4.980758864696166
1180,4.9749424681385097
1181,4.9691328638139733
1182,4.963330043789659
1183,4.9575340001420489
1184,4.9517447249607596
1185,4.9459622103354075
1186,4.9401864483781246
1187,4.9344174312010427
1188,4.9286551509256755
1189,4.9228995996885452
1190,4.9171507696261765
1191,4.9114086528976078
1192,4.9056732416581257
1193,4.8999445280761496
1194,4.8942225043351097
1195,4.888507162614685
1196,4.8827984951226968
1197,4.87709649405571
1198,4.8714011516346796
1199,4.8657124600805615
1200,4.8600304116293227
1201,4.854354998520682
1202,4.848686213003738
1203,4.8430240473482318
1204,4.8373684938163954
1205,4.8317195446835983
1206,4.8260771922477232
1207,4.8204414287972721
1208,4.8148122466395096
1209,4.809189638092958
1210,4.8035735954742638
1211,4.797964111122587
1212,4.7923611773733379
1213,4.7867647865788117
1214,4.7811749311025604
1215,4.7755916033062613
1216,4.7700147955722301
1217,4.764444500286535
1218,4.7588807098389969
1219,4.7533234166363227
1220,4.7477726130946021
1221,4.7422282916317995
1222,4.7366904446790139
1223,4.7311590646729735
1224,4.7256341440635392
1225,4.7201156753099545
1226,4.7146036508770912
1227,4.7090980632373265
1228,4.7035989048761708
1229,4.6981061682828891
1230,4.6926198459598769
1231,4.6871399304189145
1232,4.6816664141755329
1233,4.6761992897546447
1234,4.6707385496980498
1235,4.6652841865475461
1236,4.6598361928524392
1237,4.6543945611826727
1238,4.6489592841025598
1239,4.6435303541914266
1240,4.6381077640436077
1241,4.6326915062478093
1242,4.6272815734115005
1243,4.6218779581496552
1244,4.6164806530866294
1245,4.6110896508505297
1246,4.6057049440825999
1247,4.6003265254315853
1248,4.594954387551863
1249,4.589588523110943
1250,4.5842289247819625
1251,4.5788755852493193
1252,4.5735284972049142
1253,4.568187653342525
1254,4.5628530463784447
1255,4.5575246690214612
1256,4.5522025140010021
1257,4.5468865740539979
1258,4.5415768419136295
1259,4.536273310339344
1260,4.5309759720868366
1261,4.5256848199230584
1262,4.5203998466224684
1263,4.5151210449764108
1264,4.5098484077705994
1265,4.5045819278095136
1266,4.4993215979051362
1267,4.494067410867574
1268,4.4888193595332018
1269,4.4835774367290133
1270,4.478341635304516
1271,4.4731119481092199
1272,4.4678883679982624
1273,4.462670887845543
1274,4.4574595005268387
1275,4.4522541989273074
1276,4.4470549759358597
1277,4.4418618244601689
1278,4.4366747374060314
1279,4.4314937076961316
1280,4.4263187282512764
1281,4.4211497920091594
1282,4.4159868919112268
1283,4.4108300209101827
1284,4.4056791719624835
1285,4.4005343380414725
1286,4.3953955121186157
1287,4.390262687178514
1288,4.3851358562132727
1289,4.3800150122243799
1290,4.3749001482189511
1291,4.3697912572153603
1292,4.3646883322338565
1293,4.3595913663153292
1294,4.3545003524969141
1295,4.3494152838270068
1296,4.3443361533633809
1297,4.3392629541694419
1298,4.3341956793273564
1299,4.3291343219080343
1300,4.3240788750086514
1301,4.3190293317226338
1302,4.313985685158416
1303,4.3089479284281857
1304,4.3039160546591395
1305,4.2988900569728479
1306,4.2938699285133932
1307,4.2888556624267373
1308,4.2838472518625927
1309,4.2788446899894357
1310,4.273847969971988
1311,4.2688570849881087
1312,4.2638720282287874
1313,4.258892792883139
1314,4.2539193721552895
1315,4.2489517592549921
1316,4.2439899474013822
1317,4.2390339298154718
1318,4.2340836997370346
1319,4.2291392504020919
1320,4.2242005750616762
1321,4.2192676669762008
1322,4.2143405194079548
1323,4.2094191256304869
1324,4.2045034789229714
1325,4.1995935725777196
1326,4.1946893998889179
1327,4.1897909541620093
1328,4.1848982287080672
1329,4.1800112168437931
1330,4.1751299119046514
1331,4.1702543072223541
1332,4.1653843961398707
1333,4.1605201720114282
1334,4.1556616281875014
1335,4.1508087580448327
1336,4.1459615549526596
1337,4.1411200122952296
1338,4.136284123460543
1339,4.1314538818478574
1340,4.1266292808601834
1341,4.1218103139155415
1342,4.1169969744281998
1343,4.112189255831189
1344,4.10738715155754
1345,4.1025906550515412
1346,4.0977997597649862
1347,4.0930144591609263
1348,4.088234746700536
1349,4.0834606158600018
1350,4.07869206011926
1351,4.0739290729732591
1352,4.0691716479150708
1353,4.0644197784490244
1354,4.0596734580907068
1355,4.0549326803575809
1356,4.0501974387764923
1357,4.0454677268836665
1358,4.0407435382190826
1359,4.0360248663396048
1360,4.0313117047964697
1361,4.0266040471578002
1362,4.0219018869935947
1363,4.017205217888864
1364,4.0125140334286158
1365,4.0078283272034883
1366,4.0031480928228831
1367,3.9984733238924481
1368,3.9938040140309656
1369,3.9891401568684755
1370,3.9844817460312649
1371,3.9798287751606316
1372,3.9751812379053781
1373,3.970539127919936
1374,3.9659024388643656
1375,3.9612711644099847
1376,3.9566452982337403
1377,3.9520248340200843
1378,3.9474097654609737
1379,3.9428000862577468
1380,3.9381957901098659
1381,3.933596870737432
1382,3.9290033218605465
1383,3.9244151372049392
1384,3.9198323105075978
1385,3.9152548355148915
1386,3.910682705971313
1387,3.906115915641994
1388,3.9015544582864377
1389,3.8969983276772808
1390,3.8924475175946656
1391,3.8879020218281153
1392,3.8833618341671534
1393,3.8788269484181899
1394,3.8742973583857583
1395,3.8697730578875262
1396,3.8652540407449139
1397,3.8607403007887227
1398,3.8562318318591355
1399,3.8517286277963354
1400,3.8472306824573916
1401,3.8427379896974974
1402,3.8382505433812271
1403,3.8337683373862892
1404,3.8292913655903922
1405,3.8248196218825021
1406,3.8203531001553377
1407,3.8158917943147515
1408,3.8114356982684723
1409,3.8069848059279816
1410,3.8025391112216473
1411,3.7980986080778374
1412,3.7936632904361773
1413,3.7892331522400453
1414,3.784808187436572
1415,3.7803883899916508
1416,3.7759737538655465
1417,3.7715642730335337
1418,3.7671599414765162
1419,3.762760753177274
1420,3.7583667021354734
1421,3.7539777823451521
1422,3.7495939878209867
1423,3.7452153125701488
1424,3.7408417506223253
1425,3.7364732960015741
1426,3.732109942743211
1427,3.7277516848938093
1428,3.7233985164999424
1429,3.7190504316213175
1430,3.7147074243176421
1431,3.710369488659881
1432,3.7060366187302569
1433,3.7017088086091161
1434,3.6973860523861863
1435,3.6930683441643293
1436,3.6887556780464066
1437,3.6844480481446613
1438,3.6801454485750891
1439,3.6758478734668194
1440,3.6715553169508581
1441,3.6672677731675924
1442,3.6629852362649147
1443,3.6587077003925934
1444,3.6544351597116549
1445,3.6501676083887542
1446,3.6459050405980515
1447,3.6416474505193359
1448,3.6373948323417777
1449,3.6331471802545474
1450,3.6289044884637018
1451,3.6246667511752979
1452,3.6204339625991451
1453,3.6162061169638156
1454,3.6119832084922527
1455,3.607765231420534
1456,3.6035521799866128
1457,3.5993440484415768
1458,3.5951408310402662
1459,3.5909425220431497
1460,3.5867491157200777
1461,3.5825606063446531
1462,3.5783769881979839
1463,3.5741982555668068
1464,3.5700244027472401
1465,3.565855424042907
1466,3.5616913137574309
1467,3.5575320662094452
1468,3.5533776757194597
1469,3.5492281366154894
1470,3.5450834432330542
1471,3.5409435899095505
1472,3.5368085709973847
1473,3.5326783808489632
1474,3.5285530138279504
1475,3.524432464296134
1476,3.5203167266303121
1477,3.5162057952166643
1478,3.5120996644376175
1479,3.5079983286868561
1480,3.50390178236557
1481,3.499810019882454
1482,3.4957230356499553
1483,3.4916408240861503
1484,3.4875633796203727
1485,3.4834906966875852
1486,3.4794227697208742
1487,3.4753595931720889
1488,3.4713011614912022
1489,3.4672474691375683
1490,3.4631985105780467
1491,3.4591542802813731
1492,3.4551147727312932
1493,3.4510799824078005
1494,3.4470499038040221
1495,3.4430245314187142
1496,3.4390038597562618
1497,3.4349878833248022
1498,3.4309765966437307
1499,3.4269699942361949
1500,3.4229680706309713
1501,3.4189708203624654
1502,3.4149782379782163
1503,3.4109903180238872
1504,3.4070070550563987
1505,3.4030284436345477
1506,3.3990544783283889
1507,3.3950851537136058
1508,3.3911204643677579
1509,3.3871604048815391
1510,3.3832049698475193
1511,3.3792541538638972
1512,3.3753079515345004
1513,3.3713663574762904
1514,3.3674293663043526
1515,3.3634969726487824
1516,3.3595691711340465
1517,3.3556459563996217
1518,3.35172732309249
1519,3.3478132658596333
1520,3.3439037793574151
1521,3.3399988582478275
1522,3.3360984972022441
1523,3.3322026908901621
1524,3.3283114339998416
1525,3.324424721213914
1526,3.320542547226268
1527,3.3166649067382976
1528,3.3127917944513969
1529,3.3089232050838464
1530,3.3050591333539265
1531,3.3011995739780415
1532,3.2973445216969872
1533,3.2934939712365492
1534,3.2896479173525335
1535,3.2858063547801071
1536,3.2819692782882099
1537,3.278136682625143
1538,3.2743085625692276
1539,3.2704849128856512
1540,3.2666657283602403
1541,3.2628510037750686
1542,3.2590407339234679
1543,3.255234913600646
1544,3.2514335376130683
1545,3.2476366007728292
1546,3.2438440978920231
1547,3.2400560237958782
1548,3.2362723733096228
1549,3.2324931412659903
1550,3.2287183225127243
1551,3.224947911888187
1552,3.2211819042495033
1553,3.2174202944537984
1554,3.2136630773657022
1555,3.2099102478535975
1556,3.2061618007952482
1557,3.2024177310721709
1558,3.1986780335752636
1559,3.1949427031954243
1560,3.1912117348348086
1561,3.1874851233993247
1562,3.1837628637986333
1563,3.1800449509536528
1564,3.1763313797890542
1565,3.172622145233261
1566,3.168917242216573
1567,3.1652166656936815
1568,3.1615204106005153
1569,3.1578284718973944
1570,3.1541408445390102
1571,3.1504575234931882
1572,3.1467785037315061
1573,3.1431037802311708
1574,3.1394333479712651
1575,3.1357672019477585
1576,3.1321053371491154
1577,3.1284477485788105
1578,3.1247944312403182
1579,3.1211453801483708
1580,3.1175005903233295
1581,3.1138600567818027
1582,3.1102237745591617
1583,3.1065917386907778
1584,3.1029639442157748
1585,3.0993403861807818
1586,3.0957210596399327
1587,3.0921059596529905
1588,3.0884950812834706
1589,3.0848884195967647
1590,3.0812859696751511
1591,3.0776877265990317
1592,3.0740936854525609
1593,3.070503841331151
1594,3.0669181893358428
1595,3.0633367245658012
1596,3.0597594421333247
1597,3.0561863371600935
1598,3.052617404758406
1599,3.0490526400630764
1600,3.0454920382014135
1601,3.0419355943157362
1602,3.0383833035539927
1603,3.0348351610585018
1604,3.0312911619884693
1605,3.0277513015068531
1606,3.0242155747784878
1607,3.0206839769775891
1608,3.017156503280249
1609,3.0136331488738173
1610,3.0101139089456437
1611,3.006598778690583
1612,3.0030877533109952
1613,2.9995808280129928
1614,2.9960779980045644
1615,2.9925792585124618
1616,2.9890846047521786
1617,2.9855940319542191
1618,2.9821075353528399
1619,2.978625110191679
1620,2.9751467517106218
1621,2.9716724551664404
1622,2.9682022158084016
1623,2.9647360289064113
1624,2.961273889720994
1625,2.9578157935295608
1626,2.9543617356132752
1627,2.9509117112495482
1628,2.9474657157326773
1629,2.9440237443588364
1630,2.9405857924260754
1631,2.9371518552399496
1632,2.9337219281135192
1633,2.930296006363597
1634,2.9268740853126247
1635,2.9234561602943017
1636,2.9200422266329458
1637,2.9166322796716377
1638,2.9132263147553346
1639,2.909824327234622
1640,2.906426312460086
1641,2.9030322657991987
1642,2.8996421826138037
1643,2.8962560582751258
1644,2.8928738881656475
1645,2.8894956676622225
1646,2.8861213921529623
1647,2.8827510570334831
1648,2.8793846576975253
1649,2.8760221895575917
1650,2.8726636480149277
1651,2.8693090284857887
1652,2.8659583263920592
1653,2.8626115371593759
1654,2.8592686562171283
1655,2.8559296790022111
1656,2.8525946009533949
1657,2.8492634175207083
1658,2.8459361241541798
1659,2.8426127163094668
1660,2.8392931894553604
1661,2.8359775390531468
1662,2.8326657605772461
1663,2.8293578495114597
1664,2.8260538013302079
1665,2.8227536115323022
1666,2.8194572756052967
1667,2.8161647890517556
1668,2.8128761473761195
1669,2.8095913460865813
1670,2.8063103806988394
1671,2.8030332467379733
1672,2.7997599397253099
1673,2.7964904551896814
1674,2.7932247886749302
1675,2.7899629357136408
1676,2.7867048918590371
1677,2.7834506526605902
1678,2.7802002136752764
1679,2.7769535704638244
1680,2.7737107185982208
1681,2.7704716536466996
1682,2.7672363711868759
1683,2.7640048668038704
1684,2.7607771360828033
1685,2.7575531746219291
1686,2.7543329780195021
1687,2.7511165418719004
1688,2.7479038617942648
1689,2.7446949333961075
1690,2.7414897522963217
1691,2.7382883141250587
1692,2.7350906145068405
1693,2.7318966490755709
1694,2.7287064134726586
1695,2.7255199033413886
1696,2.7223371143269222
1697,2.7191580420931833
1698,2.7159826822928386
1699,2.7128110305916882
1700,2.7096430826630375
1701,2.7064788341783159
1702,2.7033182808164575
1703,2.7001614182639018
1704,2.6970082422089643
1705,2.6938587483512184
1706,2.6907129323883612
1707,2.6875707900218422
1708,2.6844323169699975
1709,2.6812975089380293
1710,2.6781663616555313
1711,2.6750388708370871
1712,2.6719150322216718
1713,2.6687948415407554
1714,2.6656782945351893
1715,2.6625653869477013
1716,2.6594561145322766
1717,2.6563504730429006
1718,2.653248458235435
1719,2.6501500658788752
1720,2.6470552917403407
1721,2.6439641315982083
1722,2.6408765812289787
1723,2.6377926364166577
1724,2.6347122929565088
1725,2.6316355466344139
1726,2.6285623932568942
1727,2.6254928286267183
1728,2.6224268485485309
1729,2.6193644488401109
1730,2.6163056253211132
1731,2.6132503738130692
1732,2.6101986901450154
1733,2.6071505701516169
1734,2.6041060096712916
1735,2.6010650045499624
1736,2.5980275506297996
1737,2.5949936437661076
1738,2.5919632798198196
1739,2.5889364546499922
1740,2.5859131641250639
1741,2.5828934041172253
1742,2.5798771705061725
1743,2.5768644591716012
1744,2.57385526599696
1745,2.5708495868788312
1746,2.5678474177156736
1747,2.5648487544021932
1748,2.56185359284623
1749,2.5588619289631294
1750,2.5558737586607312
1751,2.5528890778656383
1752,2.5499078825025774
1753,2.5469301684981511
1754,2.5439559317845912
1755,2.5409851683091396
1756,2.5380178740077803
1757,2.5350540448371368
1758,2.5320936767463271
1759,2.5291367656919745
1760,2.5261833076382074
1761,2.5232332985566592
1762,2.5202867344133346
1763,2.5173436111911247
1764,2.5144039248672918
1765,2.5114676714303559
1766,2.5085348468725894
1767,2.5056054471900175
1768,2.5026794683786653
1769,2.4997569064458154
1770,2.4968377574062557
1771,2.4939220172691452
1772,2.4910096820567769
1773,2.4881007477895674
1774,2.4851952104973147
1775,2.4822930662154459
1776,2.4793943109793877
1777,2.4764989408283196
1778,2.4736069518145549
1779,2.4707183399904071
1780,2.4678331014081896
1781,2.464951232129597
1782,2.4620727282200767
1783,2.4591975857507049
1784,2.4563258007963102
1785,2.453457369435474
1786,2.45059228775053
1787,2.4477305518350696
1788,2.4448721577714267
1789,2.4420171016682031
1790,2.4391653796227426
1791,2.4363169877398945
1792,2.4334719221357655
1793,2.4306301789189573
1794,2.4277917542168344
1795,2.4249566441511323
1796,2.4221248448492156
1797,2.4192963524459539
1798,2.4164711630799691
1799,2.4136492728936361
1800,2.4108306780368345
1801,2.4080153746594442
1802,2.40520335891885
1803,2.4023946269724368
1804,2.3995891749888472
1805,2.3967869991367237
1806,2.3939880955922139
1807,2.3911924605295893
1808,2.3884000901362552
1809,2.3856109805958643
1810,2.3828251281052033
1811,2.3800425288573064
1812,2.3772631790527128
1813,2.3744870748994669
1814,2.3717142126074893
1815,2.3689445883904532
1816,2.3661781984639081
1817,2.3634150390527848
1818,2.3606551063857668
1819,2.35789839669529
1820,2.3551449062137904
1821,2.3523946311887141
1822,2.3496475678562496
1823,2.3469037124751009
1824,2.3441630612908377
1825,2.3414256105677929
1826,2.3386913565665464
1827,2.3359602955514309
1828,2.3332324237980369
1829,2.3305077375800782
1830,2.3277862331768979
1831,2.3250679068734676
1832,2.322352754960388
1833,2.3196407737282594
1834,2.316931959471435
1835,2.314226308497402
1836,2.3115238171117709
1837,2.3088244816201526
1838,2.3061282983412918
1839,2.3034352635939332
1840,2.3007453737005741
1841,2.2980586249874642
1842,2.2953750137883584
1843,2.2926945364370117
1844,2.2900171892746841
1845,2.2873429686482645
1846,2.2846718709046416
1847,2.2820038923963333
1848,2.2793390294833622
1849,2.2766772785257512
1850,2.2740186358872756
1851,2.2713630979410921
1852,2.2687106610603576
1853,2.2660613216238574
1854,2.2634150760178824
1855,2.2607719206249706
1856,2.2581318518389177
1857,2.2554948660516434
1858,2.2528609596663247
1859,2.2502301290880151
1860,2.2476023707236443
1861,2.2449776809838946
1862,2.2423560562869533
1863,2.2397374930528842
1864,2.237121987703627
1865,2.2345095366723795
1866,2.2319001363923392
1867,2.2292937833004562
1868,2.2266904738374333
1869,2.224090204449602
1870,2.2214929715851701
1871,2.2188987717017268
1872,2.2163076012549849
1873,2.2137194567062863
1874,2.2111343345226016
1875,2.2085522311784063
1876,2.2059731431444236
1877,2.2033970669007581
1878,2.2008239989275142
1879,2.1982539357160542
1880,2.1956868737521114
1881,2.1931228095364292
1882,2.1905617395659989
1883,2.1880036603434401
1884,2.1854485683770015
1885,2.1828964601805607
1886,2.1803473322642426
1887,2.1778011811569349
1888,2.1752580033706388
1889,2.1727177954417471
1890,2.1701805538991477
1891,2.1676462752811094
1892,2.165114956122149
1893,2.1625865929717931
1894,2.160061182375816
1895,2.1575387208856207
1896,2.1550192050601154
1897,2.1525026314582081
1898,2.149988996638807
1899,2.1474782971795832
1900,2.1449705296450734
1901,2.1424656906148249
1902,2.1399637766702613
1903,2.1374647843928058
1904,2.134968710369511
1905,2.132475551194934
1906,2.1299853034655087
1907,2.1274979637814213
1908,2.125013528742858
1909,2.1225319949650152
1910,2.1200533590518318
1911,2.1175776176260097
1912,2.1151047673046208
1913,2.1126348047122434
1914,2.1101677264734553
1915,2.1077035292222157
1916,2.1052422095962364
1917,2.1027837642332292
1918,2.1003281897746584
1919,2.0978754828713697
1920,2.0954256401760851
1921,2.0929786583377741
1922,2.0905345340204162
1923,2.0880932638861149
1924,2.0856548446007261
1925,2.0832192728357346
1926,2.0807865452663776
1927,2.0783566585735214
1928,2.0759296094342794
1929,2.073505394537023
1930,2.0710840105738759
1931,2.0686654542407146
1932,2.0662497222296627
1933,2.0638368112459782
1934,2.0614267179967949
1935,2.0590194391892469
1936,2.0566149715342208
1937,2.0542133117538608
1938,2.0518144565684349
1939,2.049418402698211
1940,2.0470251468784673
1941,2.0446346858388531
1942,2.0422470163146467
1943,2.039862135046755
1944,2.0374800387798375
1945,2.0351007242623065
1946,2.0327241882406977
1947,2.0303504274765571
1948,2.0279794387258021
1949,2.0256112187537312
1950,2.0232457643218904
1951,2.0208830722087123
1952,2.0185231391794956
1953,2.016165962022054
1954,2.0138115375091914
1955,2.0114598624305979
1956,2.0091109335759638
1957,2.0067647477349793
1958,2.0044213017085921
1959,2.0020805922977503
1960,1.9997426163034013
1961,1.9974073705339987
1962,1.9950748518017478
1963,1.9927450569207303
1964,1.9904179827125332
1965,1.988093626002496
1966,1.9857719836103291
1967,1.9834530523726299
1968,1.981136829116614
1969,1.9788233106863837
1970,1.9765124939204124
1971,1.9742043756628023
1972,1.9718989527651607
1973,1.9695962220809713
1974,1.9672961804618414
1975,1.9649988247687598
1976,1.9627041518664676
1977,1.9604121586215826
1978,1.9581228419044747
1979,1.955836198591143
1980,1.9535522255594626
1981,1.9512709196873088
1982,1.9489922778656907
1983,1.9467162969781124
1984,1.9444429739212119
1985,1.9421723055916271
1986,1.9399042888878724
1987,1.9376389207103382
1988,1.9353761979687965
1989,1.9331161175748954
1990,1.9308586764459121
1991,1.9286038714897422
1992,1.9263516996386729
1993,1.9241021578118576
1994,1.9218552429378308
1995,1.9196109519563851
1996,1.9173692817923025
1997,1.9151302293928805
1998,1.9128937916997877
1999,1.9106599656546928
2000,1.9084287482161508
2001,1.9062001363314593
2002,1.9039741269591735
2003,1.9017507170616008
2004,1.8995299036048017
2005,1.8973116835492074
2006,1.8950960538777648
2007,1.892883011556534
2008,1.8906725535647093
2009,1.8884646768871136
2010,1.88625937850857
2011,1.8840566554195302
2012,1.8818565046123223
2013,1.8796589230811509
2014,1.877463907825849
2015,1.8752714558500025
2016,1.8730815641609497
2017,1.8708942297716578
2018,1.868709449689465
2019,1.8665272209367199
2020,1.8643475405282659
2021,1.862170405495833
2022,1.859995812863646
2023,1.8578237596634348
2024,1.8556542429269294
2025,1.8534872596914884
2026,1.8513228070038521
2027,1.8491608819051317
2028,1.8470014814439437
2029,1.8448446026764096
2030,1.8426902426492695
2031,1.8405383984261501
2032,1.838389067070678
2033,1.8362422456464798
2034,1.8340979312209347
2035,1.8319561208726796
2036,1.8298168116690936
2037,1.8276800006944425
2038,1.8255456850311156
2039,1.8234138617652549
2040,1.8212845279811261
2041,1.8191576807798813
2042,1.8170333172532913
2043,1.8149114345006321
2044,1.812792029624932
2045,1.8106750997348484
2046,1.8085606419390385
2047,1.8064486533480359
2048,1.8043391310817556
2049,1.8022320722601124
2050,1.8001274740048976
2051,1.7980253334416549
2052,1.7959256477034333
2053,1.7938284139176528
2054,1.7917336292286199
2055,1.7896412907731361
2056,1.7875513956936315
2057,1.7854639411381654
2058,1.7833789242547968
2059,1.7812963422009662
2060,1.7792161921284853
2061,1.777138471198547
2062,1.7750631765760969
2063,1.7729903054298333
2064,1.7709198549247016
2065,1.7688518222350289
2066,1.7667862045388947
2067,1.7647229990162547
2068,1.7626622028508174
2069,1.7606038132262911
2070,1.7585478273338893
2071,1.7564942423685779
2072,1.7544430555234467
2073,1.7523942639972143
2074,1.7503478649961044
2075,1.7483038557282169
2076,1.7462622333960229
2077,1.7442229952151276
2078,1.7421861384011359
2079,1.7401516601771581
2080,1.7381195577587991
2081,1.7360898283804269
2082,1.7340624692613991
2083,1.732037477639836
2084,1.7300148507482291
2085,1.7279945858228227
2086,1.7259766801129948
2087,1.7239611308587419
2088,1.721947935307566
2089,1.7199370907107212
2090,1.7179285943288434
2091,1.7159224434113105
2092,1.7139186352243871
2093,1.7119171670305853
2094,1.7099180360961694
2095,1.7079212396949093
2096,1.7059267751005744
2097,1.7039346395850583
2098,1.7019448304333882
2099,1.6999573449287151
2100,1.6979721803560663
2101,1.6959893340042218
2102,1.6940088031638376
2103,1.6920305851387039
2104,1.6900546772232292
2105,1.6880810767174512
2106,1.6861097809326651
2107,1.6841407871745371
2108,1.6821740927524862
2109,1.6802096949834364
2110,1.678247591186188
2111,1.6762877786795414
2112,1.6743302547898018
2113,1.672375016845151
2114,1.6704220621718944
2115,1.6684713881113475
2116,1.6665229919935685
2117,1.6645768711579965
2118,1.662633022951576
2119,1.6606914447212515
2120,1.6587521338102149
2121,1.6568150875785446
2122,1.6548803033769375
2123,1.6529477785617195
2124,1.6510175104967215
2125,1.6490894965514034
2126,1.6471637340839671
2127,1.6452402204751302
2128,1.6433189530905998
2129,1.6413999293092172
2130,1.6394831465173285
2131,1.6375686020881461
2132,1.6356562934136452
2133,1.6337462178858007
2134,1.6318383728890826
2135,1.629932755821095
2136,1.6280293640831942
2137,1.6261281950767368
2138,1.6242292462030792
2139,1.622332514871083
2140,1.6204379984914861
2141,1.6185456944769026
2142,1.6166556002455754
2143,1.6147677132119951
2144,1.6128820308056622
2145,1.6109985504448197
2146,1.6091172695664733
2147,1.6072381855944948
2148,1.6053612959696426
2149,1.6034865981232935
2150,1.6016140894980821
2151,1.5997437675403956
2152,1.5978756296947447
2153,1.5960096734093929
2154,1.5941458961344799
2155,1.5922842953332792
2156,1.5904248684559306
2157,1.5885676129713364
2158,1.5867125263390178
2159,1.5848596060241247
2160,1.583008849499312
2161,1.5811602542428635
2162,1.5793138177255581
2163,1.5774695374238032
2164,1.5756274108271404
2165,1.5737874354138535
2166,1.5719496086753602
2167,1.570113928101202
2168,1.568280391184673
2169,1.5664489954265723
2170,1.5646197383183178
2171,1.5627926173719662
2172,1.5609676300864403
2173,1.5591447739719209
2174,1.5573240465404645
2175,1.5555054453078807
2176,1.5536889677862262
2177,1.5518746114969393
2178,1.5500623739670869
2179,1.5482522527181073
2180,1.5464442452789438
2181,1.5446383491841684
2182,1.5428345619683534
2183,1.5410328811641947
2184,1.5392333043156456
2185,1.5374358289629073
2186,1.535640452655562
2187,1.5338471729375633
2188,1.532055987367875
2189,1.530266893494203
2190,1.5284798888773874
2191,1.5266949710745157
2192,1.524912137653933
2193,1.5231313861764793
2194,1.5213527142104997
2195,1.5195761193318444
2196,1.5178015991144875
2197,1.5160291511342792
2198,1.5142587729708221
2199,1.5124904622037192
2200,1.5107242164275834
2201,1.50896003322577
2202,1.5071979101872632
2203,1.5054378449085524
2204,1.503679834988003
2205,1.5019238780239805
2206,1.5001699716186032
2207,1.4984181133796179
2208,1.4966683009110191
2209,1.494920531829935
2210,1.4931748037459889
2211,1.4914311142744328
2212,1.4896894610380238
2213,1.4879498416576429
2214,1.4862122537560472
2215,1.4844766949634989
2216,1.4827431629121366
2217,1.4810116552340988
2218,1.4792821695596479
2219,1.4775547035340562
2220,1.4758292547988436
2221,1.4741058209955302
2222,1.472384399773141
2223,1.4706649887769483
2224,1.4689475856616061
2225,1.4672321880873971
2226,1.4655187937089751
2227,1.4638074001828703
2228,1.4620980051806229
2229,1.4603906063625158
2230,1.4586852013963367
2231,1.4569817879611311
2232,1.4552803637209342
2233,1.4535809263604202
2234,1.4518834735586348
2235,1.4501880029964995
2236,1.4484945123586888
2237,1.4468029993336293
2238,1.4451134616116244
2239,1.4434258968867295
2240,1.4417403028548768
2241,1.4400566772138743
2242,1.438375017665283
2243,1.4366953219144161
2244,1.4350175876684632
2245,1.4333418126364903
2246,1.4316679945238107
2247,1.4299961310545004
2248,1.4283262199451305
2249,1.4266582589103958
2250,1.4249922456762485
2251,1.4233281779667648
2252,1.4216660535116497
2253,1.4200058700424842
2254,1.4183476252908498
2255,1.4166913169902038
2256,1.4150369428852614
2257,1.4133845007113564
2258,1.4117339882150801
2259,1.4100854031467767
2260,1.4084387432455323
2261,1.4067940062729487
2262,1.4051511899812461
2263,1.4035102921226448
2264,1.4018713104624989
2265,1.4002342427624102
2266,1.3985990867839801
2267,1.3969658403000682
2268,1.3953345010741522
2269,1.3937050668847204
2270,1.392077535504632
2271,1.3904519047104988
2272,1.388828172286438
2273,1.3872063360109375
2274,1.3855863936756194
2275,1.3839683430646008
2276,1.3823521819676274
2277,1.3807379081819502
2278,1.3791255195010674
2279,1.3775150137259826
2280,1.3759063886539467
2281,1.3742996420915918
2282,1.3726947718455504
2283,1.3710917757224548
2284,1.3694906515364422
2285,1.3678913970997739
2286,1.3662940102303398
2287,1.3646984887460298
2288,1.3631048304684865
2289,1.3615130332249812
2290,1.3599230948352801
2291,1.3583350131360359
2292,1.35674878595452
2293,1.3551644111273851
2294,1.3535818864912839
2295,1.3520012098828691
2296,1.3504223791462986
2297,1.3488453921276065
2298,1.3472702466728268
2299,1.3456969406279937
2300,1.3441254718485227
2301,1.3425558381898293
2302,1.3409880375035763
2303,1.339422067656437
2304,1.3378579265038268
2305,1.3362956119161715
2306,1.3347351217582679
2307,1.3331764538967892
2308,1.3316196062059136
2309,1.3300645765598194
2310,1.3285113628345611
2311,1.3269599629118221
2312,1.3254103746732857
2313,1.3238625960025117
2314,1.3223166247886884
2315,1.3207724589097467
2316,1.3192300962736379
2317,1.3176895347639215
2318,1.31615077228292
2319,1.314613806727327
2320,1.3130786359975886
2321,1.3115452579979034
2322,1.3100136706343466
2323,1.3084838718242506
2324,1.306955859469938
2325,1.3054296314849887
2326,1.303905185790488
2327,1.3023825203000159
2328,1.3008616329384102
2329,1.2993425216286323
2330,1.29782518429552
2331,1.2963096188676635
2332,1.294795823279282
2333,1.293283795460842
2334,1.2917735333446865
2335,1.2902650348744158
2336,1.2887582979880017
2337,1.2872533206290446
2338,1.2857501007411452
2339,1.2842486362735326
2340,1.2827489251754363
2341,1.2812509653979618
2342,1.2797547548997199
2343,1.278260291637445
2344,1.2767675735678716
2345,1.2752765986514867
2346,1.2737873648600349
2347,1.2722998701540031
2348,1.2708141125032599
2349,1.2693300898814261
2350,1.2678478002621227
2351,1.2663672416189706
2352,1.2648884119330959
2353,1.2634113091875008
2354,1.2619359313595588
2355,1.2604622764416538
2356,1.2589903424149116
2357,1.2575201272735923
2358,1.2560516290100796
2359,1.254584845622386
2360,1.2531197751028953
2361,1.2516564154514962
2362,1.2501947646755827
2363,1.2487348207750435
2364,1.2472765817572726
2365,1.2458200456315403
2366,1.2443652104108691
2367,1.242912074108282
2368,1.2414606347386778
2369,1.2400108903207083
2370,1.2385628388749013
2371,1.2371164784255371
2372,1.2356718069968962
2373,1.2342288226170115
2374,1.2327875233120398
2375,1.2313479071231479
2376,1.2299099720783688
2377,1.2284737162132406
2378,1.2270391375689302
2379,1.2256062341903571
2380,1.2241750041149355
2381,1.2227454453932138
2382,1.2213175560701115
2383,1.2198913341999293
2384,1.2184667778313394
2385,1.217043885022395
2386,1.2156226538311496
2387,1.2142030823137804
2388,1.2127851685358457
2389,1.2113689105572754
2390,1.2099543064473803
2391,1.2085413542735954
2392,1.2071300521089843
2393,1.2057203980247342
2394,1.2043123900939088
2395,1.2029060264008293
2396,1.2015013050204357
2397,1.200098224035173
2398,1.1986967815312386
2399,1.1972969755948302
2400,1.1958988043140215
2401,1.1945022657787627
2402,1.1931073580846328
2403,1.1917140793253342
2404,1.1903224275983224
2405,1.1889324010066813
2406,1.1875439976478661
2407,1.186157215632466
2408,1.184772053063565
2409,1.1833885080479998
2410,1.1820065787019882
2411,1.1806262631342432
2412,1.1792475594628591
2413,1.17787046580593
2414,1.176494980279674
2415,1.1751211010115667
2416,1.1737488261215787
2417,1.1723781537353093
2418,1.171009081985863
2419,1.1696416090007153
2420,1.1682757329148472
2421,1.166911451861363
2422,1.1655487639789961
2423,1.1641876674064797
2424,1.1628281602862998
2425,1.1614702407609421
2426,1.1601139069803976
2427,1.1587591570871523
2428,1.1574059892349495
2429,1.1560544015775329
2430,1.1547043922667697
2431,1.1533559594620322
2432,1.1520091013189402
2433,1.1506638160024949
2434,1.1493201016701924
2435,1.1479779564964152
2436,1.1466373786405357
2437,1.1452983662788128
2438,1.1439609175762475
2439,1.1426250307128514
2440,1.1412907038611306
2441,1.1399579351992204
2442,1.1386267229108846
2443,1.1372970651761347
2444,1.1359689601787346
2445,1.1346424061080771
2446,1.1333174011535549
2447,1.1319939435026847
2448,1.1306720313486116
2449,1.1293516628882336
2450,1.1280328363203249
2451,1.1267155498417833
2452,1.1253998016551356
2453,1.1240855899647848
2454,1.1227729129751338
2455,1.1214617688943382
2456,1.1201521559305536
2457,1.1188440723013169
2458,1.117537516211031
2459,1.1162324858866144
2460,1.1149289795418513
2461,1.1136269953942788
2462,1.1123265316726914
2463,1.111027586594626
2464,1.1097301583907535
2465,1.1084342452879923
2466,1.1071398455170132
2467,1.1058469573159921
2468,1.1045555789099712
2469,1.1032657085427553
2470,1.1019773444487677
2471,1.1006904848755659
2472,1.0994051280613257
2473,1.0981212722517284
2474,1.0968389156943312
2475,1.0955580566385679
2476,1.0942786933376245
2477,1.0930008240409348
2478,1.0917244470073137
2479,1.0904495604899476
2480,1.0891761627551564
2481,1.0879042520580027
2482,1.086633826661054
2483,1.0853648848362594
2484,1.0840974248461863
2485,1.0828314449609076
2486,1.0815669434580009
2487,1.0803039186000338
2488,1.0790423686702131
2489,1.0777822919461164
2490,1.0765236867053216
2491,1.075266551229159
2492,1.0740108838008353
2493,1.0727566827091859
2494,1.07150394624117
2495,1.0702526726818704
2496,1.0690028603313804
2497,1.0677545074729065
2498,1.0665076124102943
2499,1.0652621734380083
2500,1.0640181888542652
2501,1.0627756569629108
2502,1.0615345760696668
2503,1.0602949444727503
2504,1.0590567604872645
2505,1.0578200224189316
2506,1.0565847285828545
2507,1.0553508772847553
2508,1.0541184668509951
2509,1.0528874955872958
2510,1.0516579618218946
2511,1.0504298638736476
2512,1.0492032000632867
2513,1.0479779687171731
2514,1.0467541681654202
2515,1.0455317967343891
2516,1.0443108527560696
2517,1.0430913345643278
2518,1.0418732404930298
2519,1.0406565688779179
2520,1.0394413180603634
2521,1.038227486377985
2522,1.0370150721796589
2523,1.0358040738048802
2524,1.0345944895987724
2525,1.0333863179158409
2526,1.0321795570993331
2527,1.0309742055093829
2528,1.029770261496743
2529,1.0285677234177948
2530,1.0273665896270434
2531,1.026166858492128
2532,1.0249685283675536
2533,1.0237715976228356
2534,1.0225760646199844
2535,1.0213819277303915
2536,1.020189185321696
2537,1.0189978357652896
2538,1.0178078774344401
2539,1.0166193087061681
2540,1.0154321279537415
2541,1.0142463335616858
2542,1.0130619239070215
2543,1.0118788973761506
2544,1.0106972523517221
2545,1.0095169872201382
2546,1.0083381003678005
2547,1.0071605901923686
2548,1.0059844550802444
2549,1.0048096934253348
2550,1.0036363036252993
2551,1.0024642840815501
2552,1.001293633187994
2553,1.000124349351672
2554,0.99895643097211984
2555,0.99778987645637851
2556,0.99662468421148886
2557,0.99546085264636808
2558,0.99429838017556216
2559,0.99313726520235945
2560,0.99197750615443991
2561,0.99081910143884444
2562,0.98966204947950043
2563,0.98850634869283016
2564,0.98735199750088476
2565,0.98619899433134417
2566,0.98504733760813579
2567,0.98389702575893956
2568,0.98274805721518799
2569,0.98160043040080847
2570,0.98045414375849116
2571,0.97930919571591601
2572,0.9781655847157732
2573,0.97702330919137148
2574,0.97588236758727731
2575,0.97474275834055202
2576,0.97360447990326715
2577,0.97246753071623659
2578,0.97133190922777934
2579,0.97019761388809067
2580,0.96906464314736585
2581,0.96793299545767642
2582,0.96680266927859904
2583,0.96567366306220526
2584,0.96454597526994801
2585,0.96341960436140395
2586,0.96229454879990228
2587,0.96117080704314339
2588,0.96004837756759043
2589,0.95892725883282004
2590,0.95780744930966655
2591,0.95668894746896427
2592,0.95557175178717635
2593,0.95445586073513711
2594,0.95334127279306224
2595,0.95222798643553863
2596,0.95111600014090569
2597,0.95000531239688424
2598,0.94889592168556625
2599,0.94778782648904369
2600,0.94668102529503739
2601,0.94557551659689698
2602,0.94447129888046699
2603,0.94336837063722079
2604,0.94226673036801312
2605,0.94116637656431734
2606,0.94006730772511193
2607,0.93896952234749909
2608,0.93787301893420982
2609,0.93677779598797517
2610,0.93568385201340243
2611,0.93459118551697518
2612,0.93349979500705327
2613,0.93240967899574911
2614,0.93132083599329885
2615,0.9302332645099386
2616,0.9291469630634096
2617,0.92806193016770056
2618,0.9269781643480578
2619,0.92589566412222257
2620,0.92481442800793612
2621,0.92373445453419734
2622,0.92265574222625257
2623,0.9215782896074719
2624,0.92050209520497794
2625,0.91942715756090354
2626,0.91835347519674249
2627,0.91728104664899879
2628,0.91620987045417646
2629,0.91513994515253205
2630,0.91407126927869331
2631,0.9130038413804219
2632,0.91193765999046927
2633,0.91087272366034966
2634,0.90980903093594845
2635,0.90874658036127476
2636,0.90768537048784281
2637,0.90662539986716684
2638,0.90556666705263733
2639,0.90450917059576852
2640,0.90345290905933229
2641,0.90239788099484286
2642,0.90134408496131957
2643,0.90029151952528685
2644,0.89924018324388777
2645,0.89819007468552303
2646,0.89714119241859336
2647,0.89609353500774691
2648,0.89504710102138441
2649,0.89400188903353539
2650,0.89295789761447686
2651,0.89191512534011463
2652,0.89087357079010709
2653,0.88983323254036006
2654,0.88879410916677937
2655,0.88775619925465221
2656,0.88671950138363698
2657,0.88568401414277342
2658,0.88464973611547248
2659,0.8836166658926502
2660,0.88258480205959378
2661,0.88155414321097181
2662,0.88052468793394778
2663,0.87949643483069539
2664,0.87846938249400697
2665,0.87744352952042737
2666,0.87641887451025402
2667,0.87539541606378435
2668,0.87437315278882088
2669,0.8733520832819085
2670,0.872332206152726
2671,0.87131352001095219
2672,0.87029602346063706
2673,0.86927971511521196
2674,0.86826459358810826
2675,0.86725065749275732
2676,0.86623790544634305
2677,0.86522633606604937
2678,0.86421594796530765
2679,0.86320673977255946
2680,0.86219871010123617
2681,0.86119185758165562
2682,0.86018618083850684
2683,0.85918167849647886
2684,0.85817834918588953
2685,0.85717619153893299
2686,0.85617520418217452
2687,0.85517538575156082
2688,0.85417673488303858
2689,0.85317925021255447
2690,0.85218293037605519
2691,0.85118777401699253
2692,0.85019377977318944
2693,0.84920094628622145
2694,0.84820927220892173
2695,0.84721875618098952
2696,0.84622939685150544
2697,0.84524119286955013
2698,0.84425414288232792
2699,0.84326824554830082
2700,0.84228349951842574
2701,0.84129990344741212
2702,0.84031745599559826
2703,0.83933615581581733
2704,0.838356001577789
2705,0.83737699193434645
2706,0.83639912555145679
2707,0.83542240109508714
2708,0.83444681723120462
2709,0.83347237262952889
2710,0.8324990659541508
2711,0.83152689588417139
2712,0.83055586108555779
2713,0.82958596023741105
2714,0.82861719201320339
2715,0.82764955508828331
2716,0.82668304814550442
2717,0.82571766986396777
2718,0.82475341892465071
2719,0.8237902940122831
2720,0.82282829380971856
2721,0.8218674170073158
2722,0.820907662291681
2723,0.81994902834942029
2724,0.81899151387464497
2725,0.8180351175614663
2726,0.81707983810024298
2727,0.81612567419071513
2728,0.81517262452699402
2729,0.81422068780694346
2730,0.81326986273780866
2731,0.81232014801370089
2732,0.81137154233998909
2733,0.81042404442204219
2734,0.80947765296710539
2735,0.80853236668430017
2736,0.80758818428274803
2737,0.80664510447157045
2738,0.80570312596176519
2739,0.80476224746995884
2740,0.80382246771090171
2741,0.80288378540309668
2742,0.80194619926317035
2743,0.80100970800962557
2744,0.80007431036471777
2745,0.79914000505070237
2746,0.79820679079546364
2747,0.79727466632313326
2748,0.7963436303615955
2749,0.79541368163685833
2750,0.79448481888055855
2751,0.79355704082996181
2752,0.79263034621107609
2753,0.79170473376304329
2754,0.79078020221750023
2755,0.78985675031734137
2756,0.78893437679607981
2757,0.78801308040036255
2758,0.78709285986933153
2759,0.78617371394775748
2760,0.78525564138041115
2761,0.78433864091018701
2762,0.78342271128936092
2763,0.78250785126645617
2764,0.78159405959374861
2765,0.78068133502351411
2766,0.77976967630990479
2767,0.77885908220519651
2768,0.77794955146729394
2769,0.77704108285597806
2770,0.77613367512915354
2771,0.77522732705035391
2772,0.77432203737748384
2773,0.77341780487970568
2774,0.77251462832055295
2775,0.77161250646355917
2776,0.77071143807976294
2777,0.76981142194395547
2778,0.7689124568234228
2779,0.76801454148545101
2780,0.76711767471233638
2781,0.76622185527511755
2782,0.76532708195233823
2783,0.7644333535187896
2784,0.76354066876239679
2785,0.76264902645607469
2786,0.76175842538774841
2787,0.76086886433783796
2788,0.75998034209426846
2789,0.75909285744308874
2790,0.75820640917034765
2791,0.75732099607335168
2792,0.75643661693439712
2793,0.75555327055266674
2794,0.75467095571420939
2795,0.75378967122196039
2796,0.75290941586947369
2797,0.75203018845593206
2798,0.75115198778239456
2799,0.75027481264429141
2800,0.7493986618483105
2801,0.74852353419926343
2802,0.74764942850196181
2803,0.74677634355934097
2804,0.74590427818371763
2805,0.74503323118177966
2806,0.74416320136396752
2807,0.74329418754635046
2808,0.74242618853936893
2809,0.74155920315533963
2810,0.74069323021783695
2811,0.73982826853542505
2812,0.73896431693543085
2813,0.73810137423579991
2814,0.73723943925447777
2815,0.73637851082066763
2816,0.73551858775419132
2817,0.73465966888237577
2818,0.73380175303254791
2819,0.73294483903578722
2820,0.73208892572129691
2821,0.73123401191640391
2822,0.73038009645594026
2823,0.72952717817849055
2824,0.72867525591513427
2825,0.72782432850257972
2826,0.72697439478128778
2827,0.72612545358984304
2828,0.72527750376870637
2829,0.72443054416021491
2830,0.72358457361045836
2831,0.72273959095989759
2832,0.72189559506025114
2833,0.72105258475197986
2834,0.72021055889055485
2835,0.71936951632581836
2836,0.71852945590761264
2837,0.71769037648953249
2838,0.71685227692517273
2839,0.71601515607000443
2840,0.71517901278137497
2841,0.71434384592226052
2842,0.71350965434625591
2843,0.71267643691633731
2844,0.71184419249548092
2845,0.71101291994853921
2846,0.71018261814036465
2847,0.70935328593393343
2848,0.70852492219972685
2849,0.70769752580634993
2850,0.70687109562616024
2851,0.70604563052588654
2852,0.7052211293853915
2853,0.70439759107140387
2854,0.7035750144675389
2855,0.70275339844240159
2856,0.70193274188148347
2857,0.70111304365901839
2858,0.70029430266049786
2859,0.69947651776390829
2860,0.69865968785661747
2861,0.69784381181848809
2862,0.69702888854064049
2863,0.69621491690481363
2864,0.69540189580588041
2865,0.6945898241330849
2866,0.69377870077191861
2867,0.69296852462288328
2868,0.69215929457334668
2869,0.69135100952193429
2870,0.69054366836351899
2871,0.68973726999672624
2872,0.68893181331830522
2873,0.6881272972325102
2874,0.68732372063984293
2875,0.6865210824426814
2876,0.68571938154152734
2877,0.68491861684626387
2878,0.68411878726489783
2879,0.6833198917016835
2880,0.682521929066504
2881,0.68172489827111871
2882,0.68092879822728702
2883,0.68013362784676834
2884,0.67933938604695088
2885,0.6785460717414703
2886,0.67775368384583856
2887,0.67696222127932015
2888,0.67617168296117958
2889,0.67538206781255761
2890,0.6745933747564713
2891,0.67380560271406142
2892,0.67301875061209759
2893,0.67223281737359686
2894,0.6714478019272051
2895,0.67066370319969193
2896,0.66988052012345578
2897,0.66909825162901881
2898,0.66831689664315064
2899,0.6675364541057548
2900,0.66675692294360089
2901,0.66597830210222131
2902,0.66520059050838565
2903,0.66442378710762628
2904,0.66364789083797049
2905,0.66287290063744553
2906,0.66209881545158378
2907,0.66132563422028878
2908,0.66055335588909292
2909,0.65978197940165229
2910,0.65901150371100436
2911,0.65824192776080526
2912,0.65747325050033989
2913,0.65670547088076947
2914,0.65593858785137893
2915,0.6551726003689583
2916,0.65440750738654507
2917,0.65364330786092928
2918,0.65288000074327213
2919,0.65211758499599248
2920,0.65135605957775666
2921,0.65059542344910726
2922,0.64983567556871058
2923,0.64907681490649061
2924,0.64831884041923737
2925,0.6475617510731223
2926,0.64680554583431682
2927,0.64605022367274489
2928,0.64529578355645423
2929,0.64454222445724507
2930,0.64378954533941257
2931,0.64303774518413837
2932,0.64228682295947015
2933,0.64153677764096073
2934,0.64078760820603919
2935,0.64003931363025834
2936,0.63929189289479982
2937,0.63854534497521642
2938,0.63779966885268979
2939,0.6370548635140304
2940,0.6363109279385436
2941,0.63556786110928731
2942,0.63482566201682455
2943,0.63408432964233696
2944,0.63334386297826384
2945,0.63260426100766309
2946,0.6318655227248503
2947,0.63112764712226477
2948,0.63039063319046951
2949,0.6296544799237801
2950,0.62891918631651211
2951,0.62818475136485741
2952,0.62745117406688411
2953,0.6267184534244129
2954,0.62598658842988308
2955,0.62525557809074417
2956,0.62452542140131173
2957,0.62379611737278784
2958,0.62306766500324062
2959,0.62234006330199587
2960,0.62161331127462682
2961,0.62088740792858299
2962,0.62016235227506644
2963,0.61943814331965041
2964,0.61871478007728953
2965,0.61799226155918585
2966,0.61727058677841773
2967,0.61654975474993978
2968,0.61582976449058291
2969,0.61511061501717801
2970,0.61439230534655598
2971,0.61367483449742399
2972,0.61295820149036551
2973,0.61224240534971652
2974,0.6115274450960605
2975,0.61081331975560971
2976,0.61010002835082389
2977,0.60938756990791532
2978,0.60867594345122
2979,0.60796514801820789
2980,0.60725518263133871
2981,0.60654604632432985
2982,0.60583773812714614
2983,0.60513025707162871
2984,0.60442360219524749
2985,0.6037177725298436
2986,0.60301276711101071
2987,0.60230858498560014
2988,0.60160522518170045
2989,0.60090268674241043
2990,0.60020096870707629
2991,0.59950007012254936
2992,0.59879999002629958
2993,0.59810072746517828
2994,0.59740228148416052
2995,0.59670465113009763
2996,0.59600783544984093
2997,0.59531183349024175
2998,0.59461664430565653
2999,0.59392226694481287
3000,0.59322870045643838
3001,0.59253594389676578
3002,0.59184399632202778
3003,0.59115285678470453
3004,0.5904625243372762
3005,0.58977299804535688
3006,0.58908427696330301
3007,0.58839636015109986
3008,0.5877092466687327
3009,0.58702293557806307
3010,0.58633742594658134
3011,0.5856527168323965
3012,0.58496880730487522
3013,0.5842856964277553
3014,0.5836033832704034
3015,0.58292186690030989
3016,0.58224114638308888
3017,0.58156122079561212
3018,0.58088208920724627
3019,0.58020375069111052
3020,0.57952620431844781
3021,0.5788494491661299
3022,0.57817348431102855
3023,0.57749830883001552
3024,0.57682392179996256
3025,0.57615032230337027
3026,0.5754775094171104
3027,0.57480548222180727
3028,0.57413423980371403
3029,0.57346378124345498
3030,0.57279410562728328
3031,0.57212521204145206
3032,0.57145709957033819
3033,0.57078976730207109
3034,0.57012321432853275
3035,0.56945743973410001
3036,0.5687924426162837
3037,0.56812822206133695
3038,0.56746477716864685
3039,0.56680210703009537
3040,0.56614021073756449
3041,0.56547908739044128
3042,0.56481873608436028
3043,0.56415915592058485
3044,0.56350034599474952
3045,0.56284230541187019
3046,0.56218503327133396
3047,0.56152852867252789
3048,0.56087279072234419
3049,0.56021781852767505
3050,0.55956361119166009
3051,0.55891016782119152
3052,0.55825748752316151
3053,0.5576055694100911
3054,0.55695441258699618
3055,0.55630401616827407
3056,0.55565437926456951
3057,0.55500550099027979
3058,0.55435738045792593
3059,0.55371001678565779
3060,0.55306340908412011
3061,0.55241755647521529
3062,0.55177245807334063
3063,0.5511281130041511
3064,0.55048452038204398
3065,0.5498416793289217
3066,0.54919958897043919
3067,0.54855824842474632
3068,0.54791765682312688
3069,0.54727781328560698
3070,0.54663871693971788
3071,0.54600036691486709
3072,0.54536276233670955
3073,0.54472590233652907
3074,0.54408978604185687
3075,0.54345441258960558
3076,0.54281978110730644
3077,0.54218589073374834
3078,0.5415527405983388
3079,0.54092032983799043
3080,0.54028865759336842
3081,0.53965772299388026
3082,0.53902752518581998
3083,0.53839806330610018
3084,0.53776933649350978
3085,0.53714134389246648
3086,0.53651408464363548
3087,0.53588755789331077
3088,0.53526176278215754
3089,0.53463669845834605
3090,0.53401236406817032
3091,0.53338875875792435
3092,0.53276588167765471
3093,0.53214373197740794
3094,0.53152230880535434
3095,0.53090161131341673
3096,0.53028163865727052
3097,0.52966238998883852
3098,0.52904386446191998
3099,0.52842606123219005
3100,0.52780897945532423
3101,0.52719261829450303
3102,0.52657697689977301
3103,0.52596205443431465
3104,0.52534785005755591
3105,0.52473436293642983
3106,0.52412159222848809
3107,0.52350953709878745
3108,0.52289819670487958
3109,0.52228757022120265
3110,0.52167765681093714
3111,0.52106845564101612
3112,0.5204599658802489
3113,0.51985218669744482
3114,0.51924511725953693
3115,0.51863875674471593
3116,0.51803310432179117
3117,0.51742815916144824
3118,0.51682392044375414
3119,0.51622038733751818
3120,0.51561755901905482
3121,0.51501543466843103
3122,0.51441401346383753
3123,0.51381329458158875
3124,0.51321327720175169
3125,0.51261396050814589
3126,0.51201534367896206
3127,0.51141742589989603
3128,0.51082020635289105
3129,0.51022368422176667
3130,0.50962785869409499
3131,0.50903272895557183
3132,0.50843829419189301
3133,0.50784455359438319
3134,0.50725150635249072
3135,0.50665915165378772
3136,0.50606748869335139
3137,0.50547651665687754
3138,0.50488623474507222
3139,0.50429664214550751
3140,0.50370773805888946
3141,0.503119521678419
3142,0.5025319922010496
3143,0.50194514882373475
3144,0.50135899074905677
3145,0.50077351717021656
3146,0.50018872729542529
3147,0.49960462032163638
3148,0.49902119544955598
3149,0.49843845188739516
3150,0.49785638883773625
3151,0.49727500550691411
3152,0.49669430109751106
3153,0.49611427481961451
3154,0.49553492588143561
3155,0.49495625349306177
3156,0.49437825686082787
3157,0.4938009351966976
3158,0.49322428771451093
3159,0.49264831362623157
3160,0.49207301214569948
3161,0.49149838248487837
3162,0.49092442386136076
3163,0.49035113549273918
3164,0.4897785165928536
3165,0.48920656638117282
3166,0.4886352840827945
3167,0.48806466890780603
3168,0.48749472008318134
3169,0.48692543683026551
3170,0.48635681836852734
3171,0.48578886392681703
3172,0.48522157272647964
3173,0.48465494399448911
3174,0.48408897695406677
3175,0.48352367083781539
3176,0.48295902486895631
3177,0.48239503827633973
3178,0.48183171029632094
3179,0.48126904015399757
3180,0.48070702708197238
3181,0.48014567031472438
3182,0.47958496908485632
3183,0.47902492262497093
3184,0.47846553017517607
3185,0.4779067909661982
3186,0.47734870423814518
3187,0.47679126923112486
3188,0.47623448517961625
3189,0.47567835132560349
3190,0.4751228669110707
3191,0.47456803117612573
3192,0.47401384336275271
3193,0.47346030271668832
3194,0.47290740847804041
3195,0.47235515989629823
3196,0.47180355621344588
3197,0.47125259668272518
3198,0.47070228054424396
3199,0.47015260704936773
3200,0.4696035754513383
3201,0.4690551849977686
3202,0.46850743493814789
3203,0.46796032452759423
3204,0.46741385301559685
3205,0.46686801965727381
3206,0.4663228237152483
3207,0.46577826443150444
3208,0.46523434107241796
3209,0.46469105289310692
3210,0.46414839914868938
3211,0.46360637910366481
3212,0.46306499201315127
3213,0.4625242371416482
3214,0.46198411374802623
3215,0.46144462109490852
3216,0.46090575844679454
3217,0.46036752507193629
3218,0.4598299202273281
3219,0.45929294318497454
3220,0.45875659321125134
3221,0.45822086957065794
3222,0.45768577153332263
3223,0.45715129837124996
3224,0.45661744935081566
3225,0.45608422374590057
3226,0.45555162082663297
3227,0.4550196398668937
3228,0.45448828014056358
3229,0.45395754092152346
3230,0.45342742148740672
3231,0.4528979211120942
3232,0.45236903907134302
3233,0.45184077464466282
3234,0.45131312711343957
3235,0.45078609575530665
3236,0.45025967984602117
3237,0.44973387867447417
3238,0.44920869151829906
3239,0.44868411766263433
3240,0.44816015638698964
3241,0.44763680698025604
3242,0.44711406872944831
3243,0.44659194091782867
3244,0.44607042283053561
3245,0.44554951376021273
3246,0.44502921299387482
3247,0.44450951982041292
3248,0.44399043352871809
3249,0.44347195341518647
3250,0.44295407876870913
3251,0.44243680888005338
3252,0.44192014304749166
3253,0.44140408055991504
3254,0.44088862071934848
3255,0.44037376282031188
3256,0.43985950615357255
3257,0.43934585002490806
3258,0.43883279373071454
3259,0.43832033656738817
3260,0.43780847784070648
3261,0.43729721684706563
3262,0.43678655289036689
3263,0.43627648527638779
3264,0.43576701330340079
3265,0.43525813627530713
3266,0.4347498535035132
3267,0.43424216429004397
3268,0.43373506794255329
3269,0.43322856376681868
3270,0.43272265107612279
3271,0.43221732917624317
3272,0.43171259737295736
3273,0.43120845498705312
3274,0.430704901324308
3275,0.43020193569800463
3276,0.4296995574195494
3277,0.42919776580785379
3278,0.42869656017057162
3279,0.42819593983411947
3280,0.42769590410427488
3281,0.4271964523037019
3282,0.42669758374943573
3283,0.42619929776038784
3284,0.42570159365546972
3285,0.42520447075546913
3286,0.42470792838680266
3287,0.42421196586275295
3288,0.42371658251161287
3289,0.42322177765417018
3290,0.42272755061871775
3291,0.42223390072979589
3292,0.4217408273119449
3293,0.42124832968782883
3294,0.42075640719136936
3295,0.4202650591489831
3296,0.4197742848889629
3297,0.41928408374147791
3298,0.4187944550423261
3299,0.41830539811229522
3300,0.41781691229281209
3301,0.41732899691404585
3302,0.41684165130804191
3303,0.41635487481247452
3304,0.41586866676126538
3305,0.41538302649208875
3306,0.41489795333886631
3307,0.41441344664302487
3308,0.41392950573848614
3309,0.41344612997042945
3310,0.41296331867277652
3311,0.41248107118883043
3312,0.41199938686189425
3313,0.41151826503339478
3314,0.41103770504663512
3315,0.41055770624304205
3316,0.41007826796779495
3317,0.409599389571702
3318,0.40912107039619
3319,0.40864330978831459
3320,0.40816610709325513
3321,0.40768946166557235
3322,0.4072133728523219
3323,0.40673784000243568
3324,0.40626286246859816
3325,0.4057884395959887
3326,0.40531457074479688
3327,0.40484125526395459
3328,0.40436849250989887
3329,0.4038962818334379
3330,0.40342462259288497
3331,0.40295351414467712
3332,0.40248295584337507
3333,0.40201294704541585
3334,0.4015434871128653
3335,0.40107457540403674
3336,0.40060621127724344
3337,0.40013839409267499
3338,0.39967112321239723
3339,0.39920439799847601
3340,0.39873821781485347
3341,0.39827258202359545
3342,0.39780748998864407
3343,0.39734294107394147
3344,0.3968789346490586
3345,0.39641547007793759
3346,0.3959525467301494
3347,0.39549016396963615
3348,0.39502832116972136
3349,0.39456701769622343
3350,0.39410625291871332
3351,0.39364602621051453
3352,0.39318633694495059
3353,0.39272718449159244
3354,0.39226856822188733
3355,0.39181048751291131
3356,0.39135294173986418
3357,0.39089593027606945
3358,0.39043945249860318
3359,0.38998350778078889
3360,0.38952809550533146
3361,0.38907321504555442
3362,0.38861886578603894
3363,0.38816504710198479
3364,0.38771175837422062
3365,0.38725899898732757
3366,0.38680676832025801
3367,0.38635506575196427
3368,0.38590389067453262
3369,0.38545324246691542
3370,0.38500312051181756
3371,0.38455352419757277
3372,0.38410445291063849
3373,0.38365590603934846
3374,0.38320788296453129
3375,0.38276038308202581
3376,0.38231340577828948
3377,0.38186695043977975
3378,0.38142101646421173
3379,0.38097560323241403
3380,0.38053071014585432
3381,0.38008633659474261
3382,0.3796424819692889
3383,0.37919914566345575
3384,0.37875632707495827
3385,0.37831402559963528
3386,0.37787224063332564
3387,0.37743097156999189
3388,0.37699021780734915
3389,0.37654997874686508
3390,0.37611025378437851
3391,0.3756710423232334
3392,0.37523234375926856
3393,0.37479415749770423
3394,0.37435648293625551
3395,0.37391931948014262
3396,0.37348266653083323
3397,0.37304652349730011
3398,0.37261088977538209
3399,0.37217576477592823
3400,0.37174114790228246
3401,0.37130703856717012
3402,0.37087343617018259
3403,0.37044034012216892
3404,0.37000774983210188
3405,0.36957566470895425
3406,0.36914408416732764
3407,0.36871300760868969
3408,0.36828243445139458
3409,0.36785236410816763
3410,0.36742279598798161
3411,0.36699372950543813
3412,0.36656516407513878
3413,0.36613709911168518
3414,0.36570953403155521
3415,0.36528246825122673
3416,0.36485590118717764
3417,0.36442983225400954
3418,0.36400426087570542
3419,0.3635791864649906
3420,0.36315460844772435
3421,0.36273052624038454
3422,0.36230693926320162
3423,0.36188384694391112
3424,0.36146124869711466
3425,0.36103914394867148
3426,0.36061753212444086
3427,0.36019641264652952
3428,0.35977578494079671
3429,0.35935564843122542
3430,0.35893600254930375
3431,0.3585168467171384
3432,0.35809818036058866
3433,0.35768000291489516
3434,0.35726231380404089
3435,0.35684511246139022
3436,0.35642839831467871
3437,0.35601217079539443
3438,0.35559642933314922
3439,0.35518117336693628
3440,0.35476640232261486
3441,0.3543521156373019
3442,0.35393831274436177
3443,0.3535249930809114
3444,0.35311215607843888
3445,0.35269980117593741
3446,0.3522879278124002
3447,0.35187653542494418
3448,0.35146562344693372
3449,0.35105519132299084
3450,0.35064523848835621
3451,0.35023576438952814
3452,0.34982676846174726
3453,0.34941825014775935
3454,0.34901020889031015
3455,0.34860264413214542
3456,0.34819555531788721
3457,0.34778894189215753
3458,0.34738280329957844
3459,0.3469771389810194
3460,0.34657194838860755
3461,0.34616723096696494
3462,0.34576298616446616
3463,0.3453592134276095
3464,0.34495591220289329
3465,0.34455308194432094
3466,0.34415072210026704
3467,0.34374883212098245
3468,0.3433474114604706
3469,0.34294645956522979
3470,0.34254597589113972
3471,0.34214595989220381
3472,0.3417464110205492
3473,0.34134732873205559
3474,0.34094871248072639
3475,0.3405505617224413
3476,0.3401528759149563
3477,0.3397556545122748
3478,0.3393588969777816
3479,0.33896260276172757
3480,0.33856677132937379
3481,0.33817140213847624
3482,0.33777649464866716
3483,0.33738204832145507
3484,0.33698806261834852
3485,0.33659453700085601
3486,0.33620147093236236
3487,0.33580886387625236
3488,0.33541671529591083
3489,0.33502502465472256
3490,0.33463379141982491
3491,0.33424301505835524
3492,0.33385269503369835
3493,0.33346283081299161
3494,0.33307342186712491
3495,0.33268446766323562
3496,0.33229596766846109
3497,0.33190792135369124
3498,0.33152032818981597
3499,0.33113318764397265
3500,0.33074649919455629
3501,0.33036026230495169
3502,0.32997447645730643
3503,0.32958914111688159
3504,0.32920425576019591
3505,0.32881981986752068
3506,0.32843583290224071
3507,0.3280522943521324
3508,0.32766920368245683
3509,0.32728656037911413
3510,0.32690436391487049
3511,0.32652261376999719
3512,0.32614130942476555
3513,0.32576045035381801
3514,0.32538003603930216
3515,0.32500006596711811
3516,0.32462053960815579
3517,0.32424145645394414
3518,0.32386281598100192
3519,0.32348461767522924
3520,0.3231068610168974
3521,0.3227295454937828
3522,0.32235267059178557
3523,0.32197623579117701
3524,0.3216002405816098
3525,0.32122468445273661
3526,0.32084956688482874
3527,0.32047488736941515
3528,0.32010064539427224
3529,0.3197268404490527
3530,0.31935347202340919
3531,0.31898053961074696
3532,0.31860804269508985
3533,0.31823598076984311
3534,0.31786435333216451
3535,0.31749315986795418
3536,0.31712239987624619
3537,0.31675207284669321
3538,0.31638217827645304
3539,0.31601271565517836
3540,0.31564368448753205
3541,0.31527508425941425
3542,0.31490691447736413
3543,0.31453917463103437
3544,0.31417186422321158
3545,0.31380498275105356
3546,0.31343852971359437
3547,0.3130725046079918
3548,0.31270690693703246
3549,0.3123417362016267
3550,0.31197699190268485
3551,0.31161267354299355
3552,0.31124878062346312
3553,0.31088531265063274
3554,0.31052226912541275
3555,0.31015964955058978
3556,0.30979745343457926
3557,0.30943568028016782
3558,0.30907432959577091
3559,0.30871340088605143
3560,0.30835289365942481
3561,0.30799280742430651
3562,0.30763314168723571
3563,0.30727389596038041
3564,0.30691506975027977
3565,0.30655666256722552
3566,0.3061986739215094
3567,0.30584110332717568
3568,0.30548395029076353
3569,0.30512721433006978
3570,0.30477089495726245
3571,0.30441499168263325
3572,0.3040595040258553
3573,0.30370443149534404
3574,0.30334977360889631
3575,0.30299552988055639
3576,0.30264169983187367
3577,0.30228828297689242
3578,0.3019352788315332
3579,0.30158268691359286
3580,0.30123050674462076
3581,0.30087873784053748
3582,0.30052737972476867
3583,0.3001764319132349
3584,0.2998258939312381
3585,0.29947576530032766
3586,0.29912604553642413
3587,0.29877673416670575
3588,0.29842783071272189
3589,0.29807933470165077
3590,0.29773124565128922
3591,0.29738356309256803
3592,0.29703628654703657
3593,0.29668941553999678
3594,0.29634294960425572
3595,0.29599688825761022
3596,0.29565123103474361
3597,0.29530597745908155
3598,0.29496112706343108
3599,0.29461667937121788
3600,0.29427263391900155
3601,0.29392899023208402
3602,0.29358574784327235
3603,0.29324290628537358
3604,0.29290046508556594
3605,0.2925584237822853
3606,0.29221678190833872
3607,0.29187553898902813
3608,0.29153469456654196
3609,0.29119424817556355
3610,0.29085419934514739
3611,0.29051454761560563
3612,0.29017529251974533
3613,0.28983643359787864
3614,0.28949797038844144
3615,0.28915990242799333
3616,0.28882222925121764
3617,0.28848495040030281
3618,0.28814806541743726
3619,0.2878115738391806
3620,0.28747547520584499
3621,0.28713976906149513
3622,0.28680445494081436
3623,0.28646953239537248
3624,0.28613500096172911
3625,0.28580086018582523
3626,0.285467109607973
3627,0.28513374877786596
3628,0.28480077723769254
3629,0.28446819453151745
3630,0.28413600020715796
3631,0.28380419380867877
3632,0.28347277488764971
3633,0.28314174298625921
3634,0.28281109765607709
3635,0.28248083844679689
3636,0.28215096490060704
3637,0.28182147657658246
3638,0.2814923730169116
3639,0.28116365377691682
3640,0.28083531840816794
3641,0.28050736645848223
3642,0.28017979748130578
3643,0.27985261103196096
3644,0.27952580666389387
3645,0.27919938392492177
3646,0.27887334237599587
3647,0.27854768157243853
3648,0.27822240106206703
3649,0.27789750040770883
3650,0.27757297916281004
3651,0.27724883688644558
3652,0.2769250731358141
3653,0.27660168746623798
3654,0.27627867943491585
3655,0.27595604860655149
3656,0.27563379453646725
3657,0.27531191678749062
3658,0.27499041491682025
3659,0.27466928848915989
3660,0.27434853706546075
3661,0.27402816020667403
3662,0.27370815747187466
3663,0.27338852843139522
3664,0.27306927264243436
3665,0.27275038967344839
3666,0.27243187908726479
3667,0.27211374044671105
3668,0.27179597332399602
3669,0.27147857728007091
3670,0.27116155188151575
3671,0.27084489669678685
3672,0.27052861129246425
3673,0.27021269524263308
3674,0.26989714810636828
3675,0.2695819694558787
3676,0.26926715886712577
3677,0.26895271590293696
3678,0.26863864013927369
3679,0.26832493114459227
3680,0.26801158848922529
3681,0.2676986117472579
3682,0.26738600049277522
3683,0.26707375429423358
3684,0.26676187273134694
3685,0.26645035537069534
3686,0.26613920179762157
3687,0.26582841158058196
3688,0.26551798429366164
3689,0.26520791951657458
3690,0.26489821682152964
3691,0.26458887579386969
3692,0.26427989600392721
3693,0.26397127703329248
3694,0.26366301845980322
3695,0.26335511985942084
3696,0.26304758081561186
3697,0.26274040090996653
3698,0.26243357972032255
3699,0.26212711682639389
3700,0.26182101181164708
3701,0.26151526425954863
3702,0.26120987375356508
3703,0.26090483987153412
3704,0.26060016219879856
3705,0.26029584032070119
3706,0.25999187382446109
3707,0.25968826228979225
3708,0.25938500530391373
3709,0.25908210245779717
3710,0.25877955332740399
3711,0.25847735751121093
3712,0.25817551458705568
3713,0.25787402414778615
3714,0.25757288578249771
3715,0.2572720990802857
3716,0.25697166362461665
3717,0.25667157901021476
3718,0.25637184482805164
3719,0.25607246066909894
3720,0.25577342611869947
3721,0.25547474077345367
3722,0.25517640422620946
3723,0.25487841606981476
3724,0.25458077589336492
3725,0.2542834832934604
3726,0.25398653786670167
3727,0.25368993920218408
3728,0.25339368689838437
3729,0.25309778055002674
3730,0.25280221975371164
3731,0.25250700410228699
3732,0.25221213319985836
3733,0.25191760663739737
3734,0.25162342401713333
3735,0.25132958493379043
3736,0.25103608898959795
3737,0.25074293578115636
3738,0.25045012491069496
3739,0.25015765597293793
3740,0.24986552857574337
3741,0.24957374231383553
3742,0.24928229679319622
3743,0.24899119161605474
3744,0.24870042638464038
3745,0.24841000069930616
3746,0.24811991416415766
3747,0.24783016638705299
3748,0.24754075697022146
3749,0.24725168551589236
3750,0.2469629516319238
3751,0.24667455492242138
3752,0.2463864949952432
3753,0.24609877145824741
3754,0.24581138391553956
3755,0.24552433197873033
3756,0.24523761525004903
3757,0.2449512333429826
3758,0.24466518586726546
3759,0.24437947242700317
3760,0.24409409263755896
3761,0.24380904610491469
3762,0.24352433244443358
3763,0.24323995126397377
3764,0.24295590217514593
3765,0.24267218479143701
3766,0.24238879872258143
3767,0.24210574358957124
3768,0.24182301899651201
3769,0.24154062456439582
3770,0.24125855990483333
3771,0.24097682463318779
3772,0.24069541836294614
3773,0.24041434070947162
3774,0.2401335912937563
3775,0.23985316972928714
3776,0.23957307563517991
3777,0.23929330862304529
3778,0.23901386831950419
3779,0.23873475433804356
3780,0.23845596629777918
3781,0.23817750381970312
3782,0.23789936652105489
3783,0.23762155402470284
3784,0.23734406595163901
3785,0.23706690191910293
3786,0.23679006154996293
3787,0.23651354447083991
3788,0.23623735029897339
3789,0.23596147866098424
3790,0.23568592917598827
3791,0.23541070147248264
3792,0.23513579516958313
3793,0.23486120989766321
3794,0.2345869452795912
3795,0.23431300094011173
3796,0.23403937650396942
3797,0.23376607159966142
3798,0.23349308585380865
3799,0.23322041889490827
3800,0.2329480703477049
3801,0.23267603984257199
3802,0.23240432700425415
3803,0.23213293146875366
3804,0.23186185285893887
3805,0.2315910908070595
3806,0.23132064494724155
3807,0.23105051490610592
3808,0.23078070031214978
3809,0.23051120080325169
3810,0.23024201600790881
3811,0.22997314555837087
3812,0.22970458909064015
3813,0.2294363462350901
3814,0.22916841662584672
3815,0.22890079989891229
3816,0.22863349568653654
3817,0.22836650362472175
3818,0.22809982334759391
3819,0.22783345449678413
3820,0.22756739670266588
3821,0.22730164960124141
3822,0.22703621283601813
3823,0.22677108603736948
3824,0.22650626884692657
3825,0.22624176090444423
3826,0.22597756184592474
3827,0.22571367131299921
3828,0.22545008894542248
3829,0.22518681438294938
3830,0.22492384726345846
3831,0.22466118722670456
3832,0.22439883392182389
3833,0.22413678698669501
3834,0.22387504606107275
3835,0.22361361078846451
3836,0.22335248081425393
3837,0.22309165578007215
3838,0.2228311353313028
3839,0.22257091910957702
3840,0.22231100676215473
3841,0.22205139793254333
3842,0.22179209226800276
3843,0.22153308941391667
3844,0.22127438901566873
3845,0.22101599072051889
3846,0.22075789417947964
3847,0.2205000990323058
3848,0.22024260493376244
3849,0.2199854115292332
3850,0.21972851846785432
3851,0.21947192540063828
3852,0.21921563197484503
3853,0.21895963784148706
3854,0.21870394265157686
3855,0.21844854605612693
3856,0.21819344770427349
3857,0.21793864725265785
3858,0.21768414434853997
3859,0.21742993864480861
3860,0.21717602979622883
3861,0.21692241745568938
3862,0.21666910127795533
3863,0.21641608091591544
3864,0.21616335602433476
3865,0.21591092625610206
3866,0.21565879126973495
3867,0.21540695071999846
3868,0.21515540426165766
3869,0.21490415155323014
3870,0.21465319225135723
3871,0.21440252601455653
3872,0.21415215249759309
3873,0.21390207136086078
3874,0.21365228226100094
3875,0.21340278486028372
3876,0.21315357881535044
3877,0.2129046637847187
3878,0.21265603942878239
3879,0.21240770541356421
3880,0.21215966139382922
3881,0.21191190703372384
3882,0.21166444199551823
3883,0.21141726593960627
3884,0.2111703785301344
3885,0.21092377942937277
3886,0.21067746829771525
3887,0.21043144480118456
3888,0.21018570860767968
3889,0.20994025937384195
3890,0.20969509677319917
3891,0.20945022046614523
3892,0.20920563011870283
3893,0.20896132539689469
3894,0.20871730597049606
3895,0.20847357150177712
3896,0.20823012165676055
3897,0.20798695610709791
3898,0.20774407452256446
3899,0.20750147656543036
3900,0.20725916190922342
3901,0.20701713021809007
3902,0.20677538116931068
3903,0.20653391442890798
3904,0.20629272966478093
3905,0.20605182655045737
3906,0.20581120475571255
3907,0.20557086395407428
3908,0.20533080381531785
3909,0.20509102401297105
3910,0.20485152421680916
3911,0.20461230410411255
3912,0.2043733633427802
3913,0.20413470161384503
3914,0.20389631858708232
3915,0.20365821393789615
3916,0.20342038734169063
3917,0.20318283847011728
3918,0.20294556700233277
3919,0.20270857261561745
3920,0.20247185498349915
3921,0.20223541378325824
3922,0.20199924869405136
3923,0.20176335939128262
3924,0.20152774555410866
3925,0.20129240686168612
3926,0.20105734298754283
3927,0.20082255361834053
3928,0.20058803842948333
3929,0.20035379710012788
3930,0.20011982931130709
3931,0.19988613474405389
3932,0.19965271307940122
3933,0.19941956399838198
3934,0.19918668718202912
3935,0.19895408231325182
3936,0.19872174907495929
3937,0.19848968715006074
3938,0.19825789621771281
3939,0.19802637596832981
3940,0.19779512607731584
3941,0.19756414623883775
3942,0.19733343612829965
3943,0.19710299543611584
3944,0.1968728238470718
3945,0.19664292104595302
3946,0.19641328671942124
3947,0.19618392055413822
3948,0.19595482223488944
3949,0.19572599145208922
3950,0.19549742789052302
3951,0.19526913123872888
3952,0.1950411011889974
3953,0.19481333742423776
3954,0.19458583963674056
3955,0.19435860751504383
3956,0.1941316407476856
3957,0.19390493902695646
3958,0.19367850204139445
3959,0.19345232948329014
3960,0.19322642104305784
3961,0.19300077641486443
3962,0.19277539528724794
3963,0.19255027735249894
3964,0.1923254223047843
3965,0.1921008298382709
3966,0.19187649964337303
3967,0.19165243141801011
3968,0.1914286248488439
3969,0.19120507963754638
3970,0.19098179547640812
3971,0.19075877206147226
3972,0.19053600908502941
3973,0.19031350624687524
3974,0.19009126323930034
3975,0.18986927976210041
3976,0.18964755551319487
3977,0.18942609018675058
3978,0.18920488348256323
3979,0.18898393509667596
3980,0.1887632447270082
3981,0.18854281207710819
3982,0.18832263683739023
3983,0.18810271871703141
3984,0.18788305740644604
3985,0.18766365261293491
3986,0.18744450403629373
3987,0.18722561137444191
3988,0.18700697432717514
3989,0.18678859259991795
3990,0.18657046589434231
3991,0.18635259391024392
3992,0.18613497634929474
3993,0.18591761291879558
3994,0.1857005033204184
3995,0.18548364725395891
3996,0.18526704442859418
3997,0.18505069454599618
3998,0.18483459731158944
3999,0.1846187524289222
4000,0.18440315960341899
4001,0.18418781854050434
4002,0.18397272894935532
4003,0.1837578905316439
4004,0.18354330299654717
4005,0.1833289660532422
4006,0.18311487940527724
4007,0.18290104276182936
4008,0.18268745583207566
4009,0.1824741183251932
4010,0.18226102994660651
4011,0.18204819040361639
4012,0.18183559941102875
4013,0.1816232566761444
4014,0.18141116191001669
4015,0.18119931482369897
4016,0.18098771512449205
4017,0.18077636252720183
4018,0.18056525674288168
4019,0.18035439748070867
4020,0.1801437844554887
4021,0.17993341737639887
4022,0.17972329596012135
4023,0.17951341991958578
4024,0.17930378896584551
4025,0.1790944028099539
4026,0.17888526117046941
4027,0.17867636376219795
4028,0.17846771029994543
4029,0.17825930049664149
4030,0.17805113406709203
4031,0.17784321073173179
4032,0.1776355302034904
4033,0.17742809219717379
4034,0.17722089643321667
4035,0.1770139426245487
4036,0.17680723049348088
4037,0.17660075975294284
4038,0.17639453012524561
4039,0.1761885413251951
4040,0.17598279307510231
4041,0.17577728509164944
4042,0.17557201709527123
4043,0.17536698880452614
4044,0.17516219993797263
4045,0.17495765022167428
4046,0.17475333937231327
4047,0.17454926711220062
4048,0.17434543316177106
4049,0.17414183724333562
4050,0.17393847907920532
4051,0.17373535838981488
4052,0.17353247489747534
4053,0.17332982833012653
4054,0.1731274184082032
4055,0.17292524485401636
4056,0.17272330739362959
4057,0.17252160574935391
4058,0.17232013964725287
4059,0.17211890880963751
4060,0.17191791296820022
4061,0.17171715184149947
4062,0.17151662515935137
4063,0.17131633264594323
4064,0.17111627402921489
4065,0.17091644903710621
4066,0.17071685739380446
4067,0.17051749882724951
4068,0.17031837306913375
4069,0.17011947984364448
4070,0.16992081887872154
4071,0.16972238990605734
4072,0.16952419265359173
4073,0.16932622685114082
4074,0.1691284922247682
4075,0.16893098850991881
4076,0.1687337154345325
4077,0.1685366727284254
4078,0.16833986012516619
4079,0.16814327735457099
4080,0.16794692414457965
4081,0.16775080023438968
4082,0.16755490535006465
4083,0.16735923922892579
4084,0.16716380159891295
4085,0.16696859219734736
4086,0.16677361075592143
4087,0.16657885700632755
4088,0.16638433068776323
4089,0.16619003153192088
4090,0.1659959592704929
4091,0.16580211364455308
4092,0.16560849438579381
4093,0.16541510123153633
4094,0.16522193391534931
4095,0.165028992174554
4096,0.16483627574647161
4097,0.16464378436467084
4098,0.16445151777022546
4099,0.16425947570233299
4100,0.1640676578945621
4101,0.16387606408423402
4102,0.16368469401617511
4103,0.16349354742020147
4104,0.16330262404113946
4105,0.1631119236163103
4106,0.16292144589054033
4107,0.16273119059552196
4108,0.1625411574779578
4109,0.16235134627704537
4110,0.16216175673010588
4111,0.16197238858384197
4112,0.16178324157369858
4113,0.16159431544450206
4114,0.16140560993920247
4115,0.1612171247988736
4116,0.16102885976458922
4117,0.16084081458305197
4118,0.16065298899721189
4119,0.16046538274626651
4120,0.16027799558067099
4121,0.16009082723962284
4122,0.15990387746607213
4123,0.15971714600672146
4124,0.15953063261014974
4125,0.15934433701555448
4126,0.15915825897714339
4127,0.15897239823223772
4128,0.15878675453129262
4129,0.15860132762101073
4130,0.15841611724621837
4131,0.1582311231517419
4132,0.1580463450936653
4133,0.15786178281306237
4134,0.15767743606038828
4135,0.15749330457859309
4136,0.15730938812188452
4137,0.15712568644071775
4138,0.1569421992817954
4139,0.15675892639182007
4140,0.15657586752312322
4141,0.15639302242616002
4142,0.15621039085326191
4143,0.15602797254737896
4144,0.15584576727022401
4145,0.1556637747647471
4146,0.15548199478703226
4147,0.15530042708378208
4148,0.15511907141108058
4149,0.15493792752125921
4150,0.1547569951666494
4151,0.15457627409958261
4152,0.15439576407614283
4153,0.1542154648430327
4154,0.15403537616196503
4155,0.153855497783395
4156,0.15367582946153033
4157,0.15349637095057875
4158,0.15331712200662426
4159,0.15313808238575086
4160,0.15295925184404255
4161,0.1527806301319545
4162,0.15260221701307583
4163,0.1524240122378617
4164,0.15224601556802494
4165,0.15206822675589701
4166,0.15189064556131446
4167,0.15171327174036128
4168,0.15153610505099777
4169,0.15135914525493674
4170,0.15118239210638593
4171,0.15100584536518188
4172,0.15082950478928489
4173,0.15065337014228405
4174,0.1504774411783871
4175,0.15030171765930686
4176,0.15012619934675617
4177,0.14995088600057158
4178,0.14977577738058964
4179,0.14960087324664692
4180,0.14942617335857997
4181,0.14925167748560672
4182,0.14907738538193491
4183,0.14890329680927736
4184,0.14872941153497574
4185,0.14855572931699032
4186,0.14838224992266277
4187,0.1482089731155822
4188,0.14803589865183261
4189,0.14786302630063194
4190,0.14769035582744558
4191,0.14751788699398635
4192,0.14734561956196709
4193,0.14717355330060575
4194,0.1470016879753677
4195,0.14683002334796577
4196,0.14665855918574164
4197,0.14648729525603696
4198,0.14631623132244084
4199,0.14614536715604751
4200,0.14597470251669351
4201,0.14580423717547306
4202,0.14563397089972782
4203,0.14546390345492319
4204,0.14529403461215337
4205,0.14512436413876004
4206,0.14495489179833229
4207,0.14478561736384063
4208,0.14461654060637927
4209,0.14444766129141359
4210,0.14427897918816154
4211,0.14411049406584106
4212,0.14394220570117519
4213,0.14377411385400049
4214,0.14360621830291628
4215,0.14343851881151168
4216,0.14327101516026228
4217,0.14310370711463347
4218,0.14293659444571946
4219,0.14276967692649076
4220,0.14260295432616529
4221,0.14243642642334239
4222,0.14227009298536372
4223,0.14210395378895233
4224,0.14193800860332614
4225,0.1417722572070845
4226,0.14160669936756906
4227,0.1414413348671317
4228,0.14127616347123781
4229,0.14111118495848671
4230,0.14094639910184889
4231,0.14078180567804741
4232,0.1406174044638053
4233,0.14045319523021679
4234,0.14028917775588121
4235,0.14012535181939786
4236,0.13996171719186098
4237,0.13979827365562245
4238,0.13963502098365274
4239,0.13947195895267492
4240,0.1393090873412883
4241,0.13914640592809221
4242,0.13898391448605715
4243,0.13882161280128755
4244,0.13865950064675389
4245,0.13849757780293179
4246,0.13833584404654428
4247,0.13817429915994325
4248,0.13801294292172803
4249,0.13785177511049793
4250,0.13769079550672855
4251,0.13753000388901923
4252,0.13736940004159812
4253,0.13720898374118826
4254,0.13704875477201781
4255,0.13688871291643864
4256,0.13672885795117382
4257,0.13656918966045148
4258,0.13640970782287096
4259,0.13625041222828924
4260,0.13609130265155309
4261,0.13593237887876694
4262,0.13577364069415895
4263,0.13561508787820473
4264,0.13545672021888497
4265,0.13529853749855156
4266,0.13514053949580382
4267,0.13498272599674618
4268,0.13482509679123564
4269,0.13466765165974778
4270,0.13451039039213961
4271,0.13435331276701043
4272,0.13419641857421724
4273,0.13403970759986447
4274,0.13388317962442772
4275,0.13372683443776398
4276,0.13357067182973023
4277,0.13341469158267835
4278,0.13325889348646533
4279,0.1331032773271956
4280,0.13294784289097358
4281,0.13279258996765628
4282,0.13263751834522439
4283,0.13248262780978234
4284,0.13232791815118716
4285,0.13217338915929577
4286,0.13201904062021264
4287,0.13186487232379474
4288,0.13171088406740417
4289,0.13155707562964025
4290,0.13140344680786509
4291,0.1312499973881831
4292,0.13109672716420384
4293,0.13094363592203173
4294,0.13079072345715259
4295,0.13063798955942341
4296,0.13048543402057744
4297,0.13033305663234795
4298,0.13018085718459194
4299,0.1300288354727952
4300,0.12987699129056729
4301,0.12972532442401263
4302,0.1295738346723696
4303,0.12942252182361891
4304,0.12927138567512264
4305,0.12912042602049034
4306,0.12896964265145527
4307,0.12881903536162698
4308,0.12866860395024382
4309,0.12851834820903907
4310,0.12836826792786971
4311,0.12821836290972666
4312,0.12806863294446691
4313,0.12791907783320511
4314,0.12776969736767452
4315,0.12762049134148468
4316,0.12747145955575023
4317,0.127322601805957
4318,0.1271739178875908
4319,0.12702540759801373
4320,0.12687707073646415
4321,0.1267289070965516
4322,0.12658091648126701
4323,0.12643309868234365
4324,0.12628545350277243
4325,0.12613798073803917
4326,0.12599068018925852
4327,0.12584355165379257
4328,0.12569659492900342
4329,0.12554980981975827
4330,0.12540319612154294
4331,0.12525675363171951
4332,0.12511048215703147
4333,0.12496438149296461
4334,0.1248184514425099
4335,0.12467269180302941
4336,0.12452710237939034
4337,0.12438168297083106
4338,0.12423643337658995
4339,0.12409135340341047
4340,0.12394644285240729
4341,0.12380170152094248
4342,0.12365712921575954
4343,0.12351272573984938
4344,0.1233684908905741
4345,0.12322442447842973
4346,0.12308052630077836
4347,0.12293679616623975
4348,0.12279323387405226
4349,0.12264983923095939
4350,0.12250661203807577
4351,0.12236355210402115
4352,0.12222065923178647
4353,0.12207793322436265
4354,0.12193537389036944
4355,0.12179298103279777
4356,0.12165075445651484
4357,0.1215086939701404
4358,0.12136679937854165
4359,0.12122507048470953
4360,0.12108350710101633
4361,0.12094210903232926
4362,0.12080087608163924
4363,0.12065980805944231
4364,0.12051890477435821
4365,0.12037816602937788
4366,0.1202375916387499
4367,0.1200971814054652
4368,0.11995693513626725
4369,0.11981685264728091
4370,0.11967693374149711
4371,0.11953717823128816
4372,0.11939758592339754
4373,0.11925815662456872
4374,0.11911889014905029
4375,0.11897978630546201
4376,0.1188408449042999
4377,0.11870206575606
4378,0.11856344866936207
4379,0.11842499345282585
4380,0.11828669992257622
4381,0.11814856789098548
4382,0.11801059716104455
4383,0.11787278755263085
4384,0.11773513887624042
4385,0.11759765093861672
4386,0.11746032355776091
4387,0.11732315654416901
4388,0.11718614970833706
4389,0.11704930286826619
4390,0.11691261583257616
4391,0.11677608841739183
4392,0.11663972043320923
4393,0.11650351169802951
4394,0.11636746202047242
4395,0.11623157122229165
4396,0.11609583911023068
4397,0.1159602655060432
4398,0.11582485021834897
4399,0.11568959306702541
4400,0.11555449386444482
4401,0.11541955242673206
4402,0.11528476857001201
4403,0.11515014211040951
4404,0.11501567286592572
4405,0.11488136064893294
4406,0.11474720527930858
4407,0.11461320657130124
4408,0.11447936434478832
4409,0.11434567841401842
4410,0.11421214859699268
4411,0.11407877471734106
4412,0.11394555658368331
4413,0.11381249401964942
4414,0.11367958684324052
4415,0.11354683487245774
4416,0.11341423792530224
4417,0.11328179582165142
4418,0.1131495083813827
4419,0.11301737542249722
4420,0.11288539676299612
4421,0.11275357222650938
4422,0.11262190162728557
4423,0.11249038479270722
4424,0.11235902153889919
4425,0.11222781168949146
4426,0.11209675506436144
4427,0.11196585148151027
4428,0.11183510076456792
4429,0.11170450273528808
4430,0.11157405721354817
4431,0.11144376402485444
4432,0.11131362298720802
4433,0.1111836339242389
4434,0.11105379666145331
4435,0.11092411101497611
4436,0.11079457681406611
4437,0.11066519388047701
4438,0.11053596203596248
4439,0.11040688110415252
4440,0.11027795091242963
4441,0.11014917128067124
4442,0.11002054203625987
4443,0.10989206299719666
4444,0.10976373399461668
4445,0.10963555485214992
4446,0.10950752539155005
4447,0.10937964544019961
4448,0.1092519148273574
4449,0.10912433337290083
4450,0.10899690090233614
4451,0.10886961724492215
4452,0.10874248222991766
4453,0.10861549567720007
4454,0.10848865741415191
4455,0.10836196727190826
4456,0.10823542507597537
4457,0.10810903064810694
4458,0.10798278382319058
4459,0.10785668442860884
4460,0.10773073228423911
4461,0.10760492722496905
4462,0.10747926908005744
4463,0.10735375767125797
4464,0.10722839283345829
4465,0.10710317439404092
4466,0.10697810218226465
4467,0.10685317602363574
4468,0.10672839575116554
4469,0.10660376119598912
4470,0.10647927218548901
4471,0.10635492854517146
4472,0.10623073011555294
4473,0.10610667671838712
4474,0.10598276819043793
4475,0.10585900435721161
4476,0.10573538505171952
4477,0.10561191010509673
4478,0.10548857935035459
4479,0.10536539261862819
4480,0.10524234973917633
4481,0.10511945054876291
4482,0.10499669487289419
4483,0.10487408255208662
4484,0.10475161341184645
4485,0.10462928728706132
4486,0.10450710401449513
4487,0.10438506341965413
4488,0.10426316534493106
4489,0.10414140961958472
4490,0.10401979607475019
4491,0.10389832454906765
4492,0.10377699487179591
4493,0.10365580688345143
4494,0.10353476041141672
4495,0.10341385529808454
4496,0.10329309137271368
4497,0.10317246847019178
4498,0.10305198643291157
4499,0.10293164508637929
4500,0.10281144427486398
4501,0.10269138382762442
4502,0.10257146358330081
4503,0.10245168338240961
4504,0.10233204305608588
4505,0.10221254244296983
4506,0.1020931813760728
4507,0.10197395969966382
4508,0.10185487724487795
4509,0.10173593385223166
4510,0.10161712935661259
4511,0.10149846360041347
4512,0.10137993641852193
4513,0.10126154764957816
4514,0.10114329713222235
4515,0.10102518470134213
4516,0.10090721020308278
4517,0.1007893734685794
4518,0.10067167434397727
4519,0.10055411266416402
4520,0.10043668826965611
4521,0.10031940100097002
4522,0.10020225069486964
4523,0.100085237195624
4524,0.099968360343749549
4525,0.099851619974133929
4526,0.09973501593292243
4527,0.099618548055002684
4528,0.099502216188396261
4529,0.099386020167990793
4530,0.099269959839931574
4531,0.099154035046611341
4532,0.099038245622917728
4533,0.098922591418748582
4534,0.09880707227086781
4535,0.09869168802354443
4536,0.098576438517294904
4537,0.098461323598264525
4538,0.098346343106969755
4539,0.098231496885803335
4540,0.098116784777158003
4541,0.09800220662905533
4542,0.097887762283888055
4543,0.097773451582172641
4544,0.097659274368178103
4545,0.097545230488049736
4546,0.097431319784180279
4547,0.097317542104591301
4548,0.097203897289799265
4549,0.097090385185949465
4550,0.096977005641063471
4551,0.096863758495657745
4552,0.096750643597753858
4553,0.096637660791620825
4554,0.09652480992340394
4555,0.096412090841124773
4556,0.096299503390928617
4557,0.096187047413331936
4558,0.096074722761985129
4559,0.09596252927740466
4560,0.095850466809488374
4561,0.095738535206257844
4562,0.095626734313858361
4563,0.095515063978435219
4564,0.095403524049886265
4565,0.095292114374356793
4566,0.095180834801744649
4567,0.095069685172566296
4568,0.094958665346100965
4569,0.094847775166617673
4570,0.094737014480261714
4571,0.094626383136930933
4572,0.094515880986523179
4573,0.094405507877060021
4574,0.09429526365656303
4575,0.09418514817680633
4576,0.094075161289564044
4577,0.093965302840981466
4578,0.093855572680956442
4579,0.093745970663139375
4580,0.093636496633675556
4581,0.093527150446215387
4582,0.093417931948780439
4583,0.093308840993144834
4584,0.093199877434835252
4585,0.093091041119996984
4586,0.092982331898527878
4587,0.092873749624078336
4588,0.092765294150298758
4589,0.092656965328963267
4590,0.092548763011845989
4591,0.092440687048844769
4592,0.092332737297362563
4593,0.09222491359979211
4594,0.09211721582291775
4595,0.092009643809132222
4596,0.09190219741583848
4597,0.091794876494810648
4598,0.091687680903451682
4599,0.091580610489783151
4600,0.091473665109331734
4601,0.091366844617624107
4602,0.091260148868310673
4603,0.091153577713165554
4604,0.09104713101334426
4605,0.09094080861686836
4606,0.09083461038114081
4607,0.090728536157935732
4608,0.090622585810284914
4609,0.090516759186209925
4610,0.090411056141237442
4611,0.090305476536522974
4612,0.090200020223840646
4613,0.090094687060593412
4614,0.089989476904184226
4615,0.089884389606387213
4616,0.089779425028357882
4617,0.089674583025622909
4618,0.089569863451832696
4619,0.089465266168142751
4620,0.08936079103195603
4621,0.089256437896922933
4622,0.089152206626075245
4623,0.089048097069310814
4624,0.088944109093413978
4625,0.088840242546406309
4626,0.088736497296948422
4627,0.088632873194938164
4628,0.088529370105283597
4629,0.088425987881635124
4630,0.088322726388900805
4631,0.088219585476978488
4632,0.088116565012652512
4633,0.088013664851449555
4634,0.087910884856401403
4635,0.087808224883034733
4636,0.087705684796257607
4637,0.087603264449720428
4638,0.087500963708331256
4639,0.087398782431369323
4640,0.087296720478113862
4641,0.087194777709720381
4642,0.087092953987344388
4643,0.086991249174017668
4644,0.086889663127143177
4645,0.0867881957097527
4646,0.086686846783001745
4647,0.086585616208045821
4648,0.086484503847916713
4649,0.086383509565646208
4650,0.086282633220513535
4651,0.086181874679303036
4652,0.086081233797541387
4653,0.085980710442012928
4654,0.085880304475749444
4655,0.085780015761782721
4656,0.085679844163144545
4657,0.085579789539114146
4658,0.085479851758352141
4659,0.085380030678261484
4660,0.08528032616937907
4661,0.085180738090984129
4662,0.085081266309861001
4663,0.08498191068904147
4664,0.084882671097186155
4665,0.084783547391698008
4666,0.08468453943936137
4667,0.084585647108836856
4668,0.084486870259403699
4669,0.084388208759722513
4670,0.084289662472825086
4671,0.084191231265495756
4672,0.084092915006395139
4673,0.083994713554802466
4674,0.083896626781254632
4675,0.083798654552535976
4676,0.083700796731678281
4677,0.083603053189218443
4678,0.083505423788188246
4679,0.083407908393495753
4680,0.083310506877554133
4681,0.083213219101518895
4682,0.08311604493780321
4683,0.083018984249438862
4684,0.082922036906962746
4685,0.082825202775282922
4686,0.082728481726812561
4687,0.082631873624583449
4688,0.082535378341008755
4689,0.082438995739120266
4690,0.082342725693207428
4691,0.082246568066302025
4692,0.08215052273081723
4693,0.082054589555413657
4694,0.081958768408751922
4695,0.081863059157616366
4696,0.081767461672543881
4697,0.081671975825947637
4698,0.081576601482735697
4699,0.081481338517197507
4700,0.081386186796117407
4701,0.081291146191908567
4702,0.081196216571355326
4703,0.08110139780874713
4704,0.081006689774620874
4705,0.080912092333884619
4706,0.080817605364580367
4707,0.080723228733492455
4708,0.080628962313034055
4709,0.08053480597374206
4710,0.080440759586153363
4711,0.080346823028309963
4712,0.080252996161367371
4713,0.080159278868996417
4714,0.080065671014228887
4715,0.079972172471354228
4716,0.079878783114661886
4717,0.079785502814688755
4718,0.079692331443848005
4719,0.07959926887830536
4720,0.079506314986721435
4721,0.079413469645261955
4722,0.07932073272634009
4723,0.079228104104245287
4724,0.079135583651390715
4725,0.079043171238313267
4726,0.078950866743054945
4727,0.078858670039905196
4728,0.078766581003153466
4729,0.078674599501460371
4730,0.078582725416620466
4731,0.078490958617294368
4732,0.078399298981524077
4733,0.078307746383599039
4734,0.078216300699684979
4735,0.07812496180031879
4736,0.078033729569171303
4737,0.077942603871150581
4738,0.077851584589927456
4739,0.077760671599791373
4740,0.077669864773155503
4741,0.077579163991814401
4742,0.077488569122552406
4743,0.077398080050916626
4744,0.077307696651196509
4745,0.077217418795805223
4746,0.077127246366537325
4747,0.077037179239558537
4748,0.076947217289158307
4749,0.076857360393378635
4750,0.076767608430261522
4751,0.076677961275972692
4752,0.076588418812306699
4753,0.076498980911676714
4754,0.076409647452124738
4755,0.076320418315445324
4756,0.076231293377804196
4757,0.076142272519119633
4758,0.076053355617433635
4759,0.075964542550788203
4760,0.07587583319534906
4761,0.075787227432910761
4762,0.075698725141515308
4763,0.075610326202957254
4764,0.075522030491526046
4765,0.075433837889016239
4766,0.075345748279098665
4767,0.075257761534186493
4768,0.075169877541703109
4769,0.075082096174061683
4770,0.074994417318685599
4771,0.074906840847988029
4772,0.074819366653144911
4773,0.074731994602816862
4774,0.074644724584427266
4775,0.074557556477894402
4776,0.074470490165012823
4777,0.074383525523824531
4778,0.074296662439876635
4779,0.074209900789334857
4780,0.074123240457746306
4781,0.074036681328781814
4782,0.073950223278607105
4783,0.073863866189016733
4784,0.07377760994931036
4785,0.073691454435653711
4786,0.073605399533593893
4787,0.073519445123049185
4788,0.073433591087690417
4789,0.073347837311188421
4790,0.073262183675337753
4791,0.073176630063809242
4792,0.073091176356521168
4793,0.073005822442773191
4794,0.072920568200607314
4795,0.072835413519323197
4796,0.072750358276962843
4797,0.072665402360949635
4798,0.07258054565307813
4799,0.072495788038895434
4800,0.072411129405824934
4801,0.072326569630032353
4802,0.072242108604569907
4803,0.072157746207479598
4804,0.072073482328061086
4805,0.071989316848108928
4806,0.071905249655046508
4807,0.071821280634420934
4808,0.071737409669903038
4809,0.071653636648916205
4810,0.07156996145325499
4811,0.071486383972219056
4812,0.07140290409135551
4813,0.071319521698087737
4814,0.071236236674210293
4815,0.071153048907146563
4816,0.071069958286196208
4817,0.070986964696906338
4818,0.070904068022947783
4819,0.070821268155496483
4820,0.07073856497822327
4821,0.070655958380427805
4822,0.070573448247657197
4823,0.070491034467334832
4824,0.070408716930636647
4825,0.070326495519357199
4826,0.070244370122796149
4827,0.07016234063588199
4828,0.070080406934780445
4829,0.069998568918172563
4830,0.06991682646597662
4831,0.069835179473121109
4832,0.069753627823276862
4833,0.069672171409496095
4834,0.069590810117325916
4835,0.069509543836065987
4836,0.069428372456892248
4837,0.069347295865351807
4838,0.06926631395449688
4839,0.069185426611750853
4840,0.069104633726413386
4841,0.069023935189660421
4842,0.068943330890791618
4843,0.068862820717230364
4844,0.06878240456390515
4845,0.068702082318239363
4846,0.068621853869532665
4847,0.068541719110837271
4848,0.06846167792770029
4849,0.068381730216926492
4850,0.06830187586781554
4851,0.068222114769667094
4852,0.068142446813657095
4853,0.068062871894714036
4854,0.067983389898385024
4855,0.06790400072147483
4856,0.067824704249530562
4857,0.06774550037935699
4858,0.067666389002130053
4859,0.067587370009025691
4860,0.067508443291219841
4861,0.067429608743640998
4862,0.067350866255588823
4863,0.067272215720115533
4864,0.067193657034025897
4865,0.067115190082867024
4866,0.06703681476531996
4867,0.066958530970684368
4868,0.066880338595765018
4869,0.066802237531737849
4870,0.066724227667902522
4871,0.066646308906692639
4872,0.066568481135531585
4873,0.066490744251224129
4874,0.066413098143069935
4875,0.066335542707873771
4876,0.066258077842440408
4877,0.066180703437945798
4878,0.066103419387442131
4879,0.066026225587734189
4880,0.065949121931874188
4881,0.065872108318543177
4882,0.065795184637040816
4883,0.065718350787924429
4884,0.065641606660493679
4885,0.065564952155305889
4886,0.065488387161660722
4887,0.065411911578239224
4888,0.065335525305598718
4889,0.065259228231162592
4890,0.065183020255488167
4891,0.065106901273503937
4892,0.065030871182014671
4893,0.064954929874072587
4894,0.064879077250235007
4895,0.064803313203554147
4896,0.064727637634587332
4897,0.0646520504345105
4898,0.064576551505757251
4899,0.064501140741379803
4900,0.064425818040059202
4901,0.064350583300476494
4902,0.064275436415683895
4903,0.064200377288115007
4904,0.064125405808945768
4905,0.064050521878733502
4906,0.063975725399911809
4907,0.063901016263656629
4908,0.063826394370525286
4909,0.063751859621075102
4910,0.063677411910234571
4911,0.063603051134808464
4912,0.063528777199106656
4913,0.063454589998057642
4914,0.063380489430342468
4915,0.063306475392765904
4916,0.063232547791514104
4917,0.063158706517763008
4918,0.063084951475822493
4919,0.063011282562497328
4920,0.062937699676468561
4921,0.062864202720169793
4922,0.062790791592282069
4923,0.06271746618961016
4924,0.062644226416463944
4925,0.062571072167771913
4926,0.062498003351596491
4927,0.062425019857237356
4928,0.062352121596509484
4929,0.062279308458712539
4930,0.062206580355661505
4931,0.062133937178532321
4932,0.062061378833511142
4933,0.061988905223031569
4934,0.061916516242022095
4935,0.061844211796668873
4936,0.061771991785652951
4937,0.061699856109531652
4938,0.061627804674491131
4939,0.061555837379212434
4940,0.061483954122376609
4941,0.06141215481016981
4942,0.061340439345025637
4943,0.061268807625625137
4944,0.06119725955440191
4945,0.061125795035665835
4946,0.061054413973726789
4947,0.060983116267265818
4948,0.0609119018205928
4949,0.060840770538017612
4950,0.060769722320097579
4951,0.0606987570692663
4952,0.060627874687957377
4953,0.06055707508423324
4954,0.06048635815489866
4955,0.060415723809892345
4956,0.060345171947895342
4957,0.060274702475093804
4958,0.060204315293921333
4959,0.060134010308687806
4960,0.060063787427455655
4961,0.059993646543277095
4962,0.059923587575472219
4963,0.059853610417093243
4964,0.059783714978078877
4965,0.059713901157110165
4966,0.059644168867878371
4967,0.059574518007188264
4968,0.059504948484978552
4969,0.05943546020180656
4970,0.059366053065734718
4971,0.059296726982949181
4972,0.059227481854007273
4973,0.059158317592600256
4974,0.059089234097409175
4975,0.059020231274620187
4976,0.058951309030419445
4977,0.058882467274745658
4978,0.058813705908156148
4979,0.058745024842465902
4980,0.058676423976355967
4981,0.05860790322539388
4982,0.058539462488260689
4983,0.058471101674895103
4984,0.058402820691483275
4985,0.058334619442335083
4986,0.058266497841141789
4987,0.05819845578658444
4988,0.058130493194230574
4989,0.05806260996276124
4990,0.057994806003991421
4991,0.05792708122598355
4992,0.057859435533047503
4993,0.057791868838874542
4994,0.057724381042145716
4995,0.057656972060304838
4996,0.057589641795785511
4997,0.057522390158526442
4998,0.057455217054713785
4999,0.057388122394286249
5000,0.057321106083429989
5001,0.057254168032083712
5002,0.05718730815393868
5003,0.057120526349552218
5004,0.057053822530739311
5005,0.056987196607438666
5006,0.056920648489588992
5007,0.056854178083376443
5008,0.056787785298739728
5009,0.056721470047493831
5010,0.056655232235824908
5011,0.056589071775547943
5012,0.056522988578477922
5013,0.056456982547048444
5014,0.056391053598703327
5015,0.056325201639628723
5016,0.05625942658163962
5017,0.05619372833092217
5018,0.056128106803043913
5019,0.056062561906067281
5020,0.05599709354993098
5021,0.055931701646449998
5022,0.055866386107439318
5023,0.055801146840961373
5024,0.05573598375695487
5025,0.055670896772863625
5026,0.055605885792997516
5027,0.055540950731047804
5028,0.055476091498829476
5029,0.055411308006281239
5030,0.055346600168970632
5031,0.05528196789308381
5032,0.055217411096064588
5033,0.055152929685975398
5034,0.055088523572754948
5035,0.055024192671970777
5036,0.054959936899190424
5037,0.054895756158723767
5038,0.054831650366138344
5039,0.054767619437001695
5040,0.054703663281252528
5041,0.054639781810705827
5042,0.054575974939052856
5043,0.054512242579984875
5044,0.054448584645316871
5045,0.054385001050616381
5046,0.054321491703945839
5047,0.054258056522749058
5048,0.054194695420717302
5049,0.054131408311541833
5050,0.054068195105161358
5051,0.054005055717143417
5052,0.053941990063055549
5053,0.053878998052836462
5054,0.053816079605806248
5055,0.053753234631903617
5056,0.053690463044819829
5057,0.053627764763874979
5058,0.053565139699007773
5059,0.053502587767662028
5060,0.053440108879776453
5061,0.053377702956547417
5062,0.053315369906037351
5063,0.053253109647566348
5064,0.053190922096701947
5065,0.053128807163382856
5066,0.053066764766929168
5067,0.0530047948247847
5068,0.052942897248764435
5069,0.05288107195068336
5070,0.052819318855490398
5071,0.052757637873124257
5072,0.052696028919152475
5073,0.052634491909142593
5074,0.052573026762414703
5075,0.052511633390783789
5076,0.052450311713569946
5077,0.052389061648216988
5078,0.052327883108416177
5079,0.052266776011611331
5080,0.052205740273369987
5081,0.052144775811135961
5082,0.052083882538600516
5083,0.052023060378836299
5084,0.051962309243658293
5085,0.05190162905426287
5086,0.051841019726217567
5087,0.051780481173213648
5088,0.051720013316447482
5089,0.051659616073362884
5090,0.051599289359527394
5091,0.051539033092384827
5092,0.051478847195007831
5093,0.051418731577335113
5094,0.051358686164315596
5095,0.051298710869640544
5096,0.051238805610753772
5097,0.05117897030885165
5098,0.051119204881377993
5099,0.05105950924390034
5100,0.050999883319491339
5101,0.050940327021842251
5102,0.050880840275901999
5103,0.050821422995361847
5104,0.050762075101418162
5105,0.050702796515267316
5106,0.050643587148724294
5107,0.050584446926738018
5108,0.050525375766752305
5109,0.050466373588087247
5110,0.050407440310062938
5111,0.050348575857628301
5112,0.050289780138845767
5113,0.050231053082416814
5114,0.050172394605785257
5115,0.050113804632023744
5116,0.050055283074823535
5117,0.049996829859133556
5118,0.04993844490239762
5119,0.0498801281258121
5120,0.049821879450573363
5121,0.049763698796001503
5122,0.049705586083292889
5123,0.049647541235520169
5124,0.049589564168250881
5125,0.049531654806433949
5126,0.049473813069389465
5127,0.049416038878313799
5128,0.049358332154403321
5129,0.049300692816978124
5130,0.049243120789110854
5131,0.049185615993874159
5132,0.049128178350588129
5133,0.049070807780449137
5134,0.049013504208406104
5135,0.048956267555655401
5136,0.048899097737764567
5137,0.048841994685311356
5138,0.048784958313863307
5139,0.048727988548369343
5140,0.048671085311902111
5141,0.048614248525657981
5142,0.048557478110833323
5143,0.048500773990500783
5144,0.04844413608585673
5145,0.048387564323726366
5146,0.048331058623429783
5147,0.048274618911792182
5148,0.048218245106257378
5149,0.048161937133650572
5150,0.048105694915168133
5151,0.048049518375758986
5152,0.047993407436619499
5153,0.047937362024574874
5154,0.047881382058945203
5155,0.047825467466555686
5156,0.047769618166726417
5157,0.04771383409003515
5158,0.047658115153925699
5159,0.047602461287099544
5160,0.0475468724070005
5161,0.047491348446082597
5162,0.047435889325542206
5163,0.047380494966575697
5164,0.047325165296008269
5165,0.04726990023691257
5166,0.047214699716113799
5167,0.047159563656684604
5168,0.047104491983573908
5169,0.047049484621730635
5170,0.046994541496103708
5171,0.04693966253164205
5172,0.046884847653294585
5173,0.046830096786010238
5174,0.04677540985473793
5175,0.04672078678817914
5176,0.046666227505653961
5177,0.046611731939616423
5178,0.046557300007510342
5179,0.046502931641789751
5180,0.046448626765527294
5181,0.04639438530742445
5182,0.046340207188677589
5183,0.046286092337988187
5184,0.046232040680305168
5185,0.04617805214433001
5186,0.046124126655011637
5187,0.046070264139175247
5188,0.046016464519893489
5189,0.045962727727744117
5190,0.045909053685799776
5191,0.045855442322761945
5192,0.045801893571084655
5193,0.045748407348211721
5194,0.045694983586597175
5195,0.045641622209313663
5196,0.045588323148815217
5197,0.045535086326298206
5198,0.045481911674216662
5199,0.045428799119395784
5200,0.04537574858490822
5201,0.045322760005084277
5202,0.045269833301120325
5203,0.045216968405470397
5204,0.045164165241207137
5205,0.045111423742660854
5206,0.045058743831027918
5207,0.045006125440638638
5208,0.044953568494565659
5209,0.044901072923386735
5210,0.044848638655803345
5211,0.044796265618640689
5212,0.044743953742476521
5213,0.044691702952259764
5214,0.044639513182320727
5215,0.044587384355732056
5216,0.044535316404947782
5217,0.044483309258669383
5218,0.044431362841845783
5219,0.044379477090683565
5220,0.044327651928255378
5221,0.044275887287015252
5222,0.04422418309191211
5223,0.044172539279152538
5224,0.044120955773685459
5225,0.044069432504212351
5226,0.044017969403187245
5227,0.04396656639743534
5228,0.043915223423163223
5229,0.04386394040344354
5230,0.043812717268854044
5231,0.043761553953725045
5232,0.043710450383005466
5233,0.043659406494778168
5234,0.043608422210239521
5235,0.043557497463719834
5236,0.04350663218579686
5237,0.043455826310800909
5238,0.043405079759928349
5239,0.043354392475014596
5240,0.043303764379132297
5241,0.043253195402859206
5242,0.043202685484278185
5243,0.04315223454646188
5244,0.043101842525616878
5245,0.043051509350444654
5246,0.043001234953399241
5247,0.042951019265058392
5248,0.042900862217876139
5249,0.042850763742430235
5250,0.042800723771174713
5251,0.04275074223281105
5252,0.042700819063545829
5253,0.042650954193956807
5254,0.042601147550869183
5255,0.042551399072365818
5256,0.042501708692777022
5257,0.042452076335175441
5258,0.042402501941396491
5259,0.042352985438265371
5260,0.042303526756359837
5261,0.04225412583376275
5262,0.042204782599175587
5263,0.042155496986928657
5264,0.042106268929475991
5265,0.04205709835927162
5266,0.042007985205017022
5267,0.041958929408547611
5268,0.041909930896688589
5269,0.041860989603770264
5270,0.041812105464122944
5271,0.041763278408324382
5272,0.041714508372581165
5273,0.041665795289347322
5274,0.041617139091076887
5275,0.041568539713976442
5276,0.041519997086747466
5277,0.041471511149349098
5278,0.041423081832359092
5279,0.041374709068231479
5280,0.041326392793172843
5281,0.041278132941513494
5282,0.041229929443831186
5283,0.041181782240085056
5284,0.041133691258976583
5285,0.041085656438588629
5286,0.041037677711375224
5287,0.040989755011666677
5288,0.040941888275669573
5289,0.040894077439590497
5290,0.040846322432130926
5291,0.040798623193249998
5292,0.04075097965352547
5293,0.040703391752916478
5294,0.040655859423877054
5295,0.040608382600737507
5296,0.040560961221580698
5297,0.040513595220736935
5298,0.04046628453066025
5299,0.040419029091309781
5300,0.040371828833263283
5301,0.040324683694603618
5302,0.04027759361153737
5303,0.040230558518394847
5304,0.040183578351382636
5305,0.040136653044831043
5306,0.040089782540575485
5307,0.040042966767317438
5308,0.039996205666892319
5309,0.039949499169877882
5310,0.039902847214356989
5311,0.039856249742165055
5312,0.039809706682003558
5313,0.039763217973831637
5314,0.03971678355760843
5315,0.039670403362035415
5316,0.039624077330824285
5317,0.039577805396429071
5318,0.039531587496932634
5319,0.039485423570417837
5320,0.039439313551214987
5321,0.039393257379283224
5322,0.039347254990829132
5323,0.039301306322059297
5324,0.039255411312932857
5325,0.039209569894027567
5326,0.039163782010931396
5327,0.039118047596098375
5328,0.03907236659136392
5329,0.039026738929182063
5330,0.038981164551388219
5331,0.038935643392312695
5332,0.038890175391914632
5333,0.03884476048827689
5334,0.038799398623234886
5335,0.038754089725490097
5336,0.038708833738754216
5337,0.03866363060298638
5338,0.0386184802525169
5339,0.038573382625428636
5340,0.038528337665433281
5341,0.038483345306861143
5342,0.038438405487795084
5343,0.038393518148194243
5344,0.038348683228017759
5345,0.038303900665348493
5346,0.038259170396393032
5347,0.038214492366739343
5348,0.038169866506965182
5349,0.038125292762658518
5350,0.038080771068149659
5351,0.038036301367150298
5352,0.037991883593990743
5353,0.037947517692382686
5354,0.037903203598532713
5355,0.037858941254276239
5356,0.037814730599572403
5357,0.037770571572504068
5358,0.037726464111154094
5359,0.037682408161110452
5360,0.037638403652950896
5361,0.037594450534139671
5362,0.037550548740883365
5363,0.037506698220646222
5364,0.037462898905882273
5365,0.037419150736550659
5366,0.037375453656363071
5367,0.037331807603402371
5368,0.037288212521380253
5369,0.037244668348379577
5370,0.037201175022483206
5371,0.037157732487402832
5372,0.037114340684973872
5373,0.037070999555155464
5374,0.037027709037906746
5375,0.036984469073186858
5376,0.036941279602831216
5377,0.036898140566798958
5378,0.036855051908801777
5379,0.036812013568798811
5380,0.0367690254867492
5381,0.036726087602612083
5382,0.036683199863851705
5383,0.036640362206674652
5384,0.036597574576668894
5385,0.036554836911917292
5386,0.036512149154255262
5387,0.03646951124551822
5388,0.036426923129417858
5389,0.036384384745913316
5390,0.036341896036840009
5391,0.036299456945909629
5392,0.036257067413081316
5393,0.036214727382066762
5394,0.036172436794701383
5395,0.036130195594696872
5396,0.036088003722012367
5397,0.036045861116607007
5398,0.036003767729697593
5399,0.035961723495614432
5400,0.035919728359945495
5401,0.035877782264526197
5402,0.03583588515306823
5403,0.035794036969283287
5404,0.035752237653130507
5405,0.035710487148321583
5406,0.035668785400444485
5407,0.03562713234945835
5408,0.035585527940951149
5409,0.035543972116758298
5410,0.035502464818715211
5411,0.035461005994286136
5412,0.035419595581553935
5413,0.035378233529859131
5414,0.035336919779160862
5415,0.035295654271294545
5416,0.035254436953724426
5417,0.035213267766409644
5418,0.035172146656814444
5419,0.035131073568650521
5420,0.03509004844375329
5421,0.035049071227710719
5422,0.035008141864234503
5423,0.034967260293283779
5424,0.034926426464199072
5425,0.03488564032256835
5426,0.034844901806474475
5427,0.034804210865257972
5428,0.034763567442630532
5429,0.034722971480427571
5430,0.034682422926113336
5431,0.03464192172339952
5432,0.034601467817874092
5433,0.034561061151372467
5434,0.034520701671358893
5435,0.034480389321545062
5436,0.034440124047518943
5437,0.034399905796744783
5438,0.034359734505429167
5439,0.034319610130417726
5440,0.034279532611669598
5441,0.034239501892896478
5442,0.034199517923438887
5443,0.034159580643255964
5444,0.034119690001688234
5445,0.034079845944323665
5446,0.034040048414873951
5447,0.03400029735892706
5448,0.033960592722070963
5449,0.033920934451769906
5450,0.033881322495488135
5451,0.033841756795061066
5452,0.033802237299829223
5453,0.033762763953504298
5454,0.033723336703550537
5455,0.033683955497432187
5456,0.033644620276984664
5457,0.033605330995301046
5458,0.033566087590464193
5459,0.033526890011814629
5460,0.033487738210569155
5461,0.033448632128563187
5462,0.03340957171326097
5463,0.033370556912126752
5464,0.033331587670748501
5465,0.033292663936590465
5466,0.033253785655240613
5467,0.033214952779792022
5468,0.033176165248327553
5469,0.033137423012064009
5470,0.033098726022218188
5471,0.033060074214996682
5472,0.033021467547245109
5473,0.032982905964551446
5474,0.032944389412503661
5475,0.032905917838566001
5476,0.032867491190202713
5477,0.032829109416754321
5478,0.032790772463808793
5479,0.032752480280706653
5480,0.032714232813035871
5481,0.032676030012013246
5482,0.032637871819474196
5483,0.032599758186635519
5484,0.032561689064714017
5485,0.032523664399297658
5486,0.032485684135974413
5487,0.032447748224084805
5488,0.03240985661672191
5489,0.032372009253844869
5490,0.032334206092299311
5491,0.032296447072044376
5492,0.032258732149925695
5493,0.03222106126965496
5494,0.032183434378696418
5495,0.032145851426390593
5496,0.032108312362078006
5497,0.03207081713697546
5498,0.0320333656985472
5499,0.031995957994257473
5500,0.031958593973446803
5501,0.031921273583579435
5502,0.031883996777748447
5503,0.031846763499665531
5504,0.031809573702423766
5505,0.03177242733723995
5506,0.031735324347825777
5507,0.031698264687274325
5508,0.031661248304926115
5509,0.031624275150121672
5510,0.031587345168448966
5511,0.03155045831487735
5512,0.031513614534994794
5513,0.031476813783770652
5514,0.03144005600304034
5515,0.031403341151525765
5516,0.031366669171062345
5517,0.031330040016619431
5518,0.031293453635661272
5519,0.031256909981280945
5520,0.031220409000942691
5521,0.03118395064586332
5522,0.031147534863507072
5523,0.031111161608843304
5524,0.031074830827459984
5525,0.031038542472450189
5526,0.031002296493154443
5527,0.0309660928445421
5528,0.03092993147220113
5529,0.030893812327348332
5530,0.030857735364953062
5531,0.030821700528727011
5532,0.030785707771763256
5533,0.03074975705090743
5534,0.030713848309871224
5535,0.030677981503623993
5536,0.030642156577753706
5537,0.030606373489105995
5538,0.030570632188897658
5539,0.030534932622716667
5540,0.030499274747408652
5541,0.030463658514190414
5542,0.030428083872402475
5543,0.030392550771385359
5544,0.030357059167984698
5545,0.030321609009664737
5546,0.030286200247642277
5547,0.030250832835010396
5548,0.03021550672486217
5549,0.030180221866538123
5550,0.030144978215007608
5551,0.030109775717734873
5552,0.030074614329689272
5553,0.030039494002087604
5554,0.030004414688022948
5555,0.029969376336835826
5556,0.029934378905371869
5557,0.029899422339219047
5558,0.029864506595222991
5559,0.029829631624600502
5560,0.029794797382320933
5561,0.029760003815848531
5562,0.029725250882028927
5563,0.029690538532078922
5564,0.029655866717215314
5565,0.02962123539240746
5566,0.029586644506995882
5567,0.029552094015949933
5568,0.029517583874238969
5569,0.029483114031203513
5570,0.029448684443689196
5571,0.029414295057283987
5572,0.029379945834462348
5573,0.029345636720812248
5574,0.029311367675055596
5575,0.029277138644656638
5576,0.029242949590213559
5577,0.029208800457314329
5578,0.029174691202804578
5579,0.02914062178165366
5580,0.029106592146954654
5581,0.029072602251800635
5582,0.029038652045532128
5583,0.029004741488747317
5584,0.028970870528910449
5585,0.028937039122867155
5586,0.028903247225586789
5587,0.028869494788286151
5588,0.028835781767810872
5589,0.028802108117254029
5590,0.028768473787832424
5591,0.028734878734515409
5592,0.028701322914148616
5593,0.028667806277948845
5594,0.028634328782761728
5595,0.02860089038168034
5596,0.028567491029674038
5597,0.028534130679835897
5598,0.028500809287135272
5599,0.028467526808417794
5600,0.028434283193023987
5601,0.028401078401552034
5602,0.028367912381466184
5603,0.028334785097117173
5604,0.028301696494092973
5605,0.028268646532991767
5606,0.028235635166906633
5607,0.028202662350806925
5608,0.028169728035909444
5609,0.02813683218468865
5610,0.028103974746485069
5611,0.028071155680020606
5612,0.028038374938388341
5613,0.028005632476557626
5614,0.027972928249497816
5615,0.027940262214054542
5616,0.027907634327073435
5617,0.027875044539771295
5618,0.027842492810870031
5619,0.027809979095338996
5620,0.027777503348147544
5621,0.02774506552426503
5622,0.027712665580537085
5623,0.027680303473809339
5624,0.02764797915717487
5625,0.027615692587479309
5626,0.027583443723444564
5627,0.027551232520039989
5628,0.027519058928482384
5629,0.027486922911246211
5630,0.027454824421424547
5631,0.027422763413986747
5632,0.027390739843902164
5633,0.027358753675521538
5634,0.027326804856309114
5635,0.0272948933449868
5636,0.027263019100276505
5637,0.02723118207902386
5638,0.027199382236198218
5639,0.027167619526768935
5640,0.027135893909457916
5641,0.027104205341110795
5642,0.027072553780449479
5643,0.02704093917681449
5644,0.027009361494556568
5645,0.026977820686768791
5646,0.026946316710296788
5647,0.026914849523862468
5648,0.02688341908618774
5649,0.026852025350365679
5650,0.026820668275118194
5651,0.026789347821043471
5652,0.026758063939358308
5653,0.026726816590660892
5654,0.026695605729920576
5655,0.026664431319611822
5656,0.02663329331095143
5657,0.026602191662661308
5658,0.026571126337215919
5659,0.026540097287708338
5660,0.026509104476613029
5661,0.026478147855146791
5662,0.026447227385784085
5663,0.02641634302161799
5664,0.026385494725122968
5665,0.026354682451268371
5666,0.026323906160652385
5667,0.026293165811996918
5668,0.026262461358395047
5669,0.026231792760444957
5670,0.026201159976868556
5671,0.026170562964511476
5672,0.026140001682095623
5673,0.026109476090219182
5674,0.026078986145727786
5675,0.026048531803590787
5676,0.026018113028158926
5677,0.025987729770649001
5678,0.025957381997288028
5679,0.025927069663045362
5680,0.025896792726642911
5681,0.025866551148678859
5682,0.025836344884122561
5683,0.025806173895448477
5684,0.025776038137625964
5685,0.025745937573129481
5686,0.025715872156928384
5687,0.025685841851497134
5688,0.025655846615557639
5689,0.02562588640595553
5690,0.025595961185165269
5691,0.025566070906279933
5692,0.025536215535526537
5693,0.025506395027874437
5694,0.025476609345798092
5695,0.025446858442390582
5696,0.025417142287631474
5697,0.025387460830861294
5698,0.025357814036430778
5699,0.025328201861185558
5700,0.02529862426572382
5701,0.025269081210643748
5702,0.025239572654667249
5703,0.02521009855839251
5704,0.025180658882417713
5705,0.025151253583588492
5706,0.025121882624379307
5707,0.025092545965388343
5708,0.025063243561584955
5709,0.025033975379196157
5710,0.025004741375067582
5711,0.024975541507921136
5712,0.024946375742107559
5713,0.024917244034472482
5714,0.024888146345614089
5715,0.024859082636130566
5716,0.024830052866620097
5717,0.024801056997680867
5718,0.024772094988034784
5719,0.02474316680015631
5720,0.024714272392767352
5721,0.024685411728342373
5722,0.024656584767479558
5723,0.024627791468900814
5724,0.024599031795080602
5725,0.024570305706617109
5726,0.024541613162232242
5727,0.024512954124400462
5728,0.024484328555596232
5729,0.024455736412665182
5730,0.024427177659958051
5731,0.024398652258073025
5732,0.024370160163855733
5733,0.024341701347285746
5734,0.024313275759579863
5735,0.024284883370717655
5736,0.024256524135668475
5737,0.024228198018783061
5738,0.0241999049806596
5739,0.024171644980019998
5740,0.024143417979338718
5741,0.024115223944842775
5742,0.0240870628333778
5743,0.024058934607418255
5744,0.024030839227562325
5745,0.024002776660037025
5746,0.023974746861687986
5747,0.023946749793113394
5748,0.023918785422416541
5749,0.023890853706443057
5750,0.023862954609543682
5751,0.023835088090440323
5752,0.023807254113483719
5753,0.023779452643024609
5754,0.023751683635908623
5755,0.023723947058362779
5756,0.023696242867232705
5757,0.023668571030621696
5758,0.023640931511004212
5759,0.023613324267102161
5760,0.023585749261390006
5761,0.023558206456342209
5762,0.02353069581443323
5763,0.023503217298137532
5764,0.023475770871805853
5765,0.023448356496036379
5766,0.023420974135179847
5767,0.02339362374608189
5768,0.023366305300598352
5769,0.023339018755574866
5770,0.02331176407536217
5771,0.023284541220558449
5772,0.023257350161143272
5773,0.023230190850209716
5774,0.023203063253984798
5775,0.023175967338695532
5776,0.023148903068692658
5777,0.023121870402698082
5778,0.023094869301309991
5779,0.023067899732631677
5780,0.023040961657261324
5781,0.023014055043302225
5782,0.022987179847600011
5783,0.022960336036381698
5784,0.022933523572121747
5785,0.022906742419170897
5786,0.022879992538127333
5787,0.022853273897094347
5788,0.022826586456670125
5789,0.022799930183081681
5790,0.022773305035050925
5791,0.02274671097880487
5792,0.022720147982446811
5793,0.022693616000946101
5794,0.022667115006158586
5795,0.022640644956806174
5796,0.022614205820992158
5797,0.022587797559314723
5798,0.02256142013424833
5799,0.022535073512019995
5800,0.022508757658856734
5801,0.022482472535356731
5802,0.022456218105870725
5803,0.022429994336625732
5804,0.022403801191972491
5805,0.022377638632509186
5806,0.022351506628215386
5807,0.022325405139689277
5808,0.02229933412940532
5809,0.022273293567343085
5810,0.02224728341222448
5811,0.022221303632152797
5812,0.022195354189602497
5813,0.022169435048924321
5814,0.022143546176345282
5815,0.022117687538092397
5816,0.022091859092887575
5817,0.022066060814462937
5818,0.022040292659664115
5819,0.022014554598470678
5820,0.021988846593357089
5821,0.021963168606797808
5822,0.021937520606896129
5823,0.02191190255800279
5824,0.021886314426344807
5825,0.021860756176272918
5826,0.021835227772137863
5827,0.021809729180166656
5828,0.021784260362833759
5829,0.021758821286366189
5830,0.021733411920743514
5831,0.021708032224687642
5832,0.021682682168178143
5833,0.021657361713689479
5834,0.021632070829324942
5835,0.021606809477558993
5836,0.02158157762461865
5837,0.021556375238607203
5838,0.021531202280122837
5839,0.021506058719145123
5840,0.021480944521901076
5841,0.021455859650865158
5842,0.02143080407414066
5843,0.021405777756078322
5844,0.021380780664781437
5845,0.021355812762724465
5846,0.0213308740180107
5847,0.02130596439499088
5848,0.021281083858015745
5849,0.021256232380817416
5850,0.021231409922117802
5851,0.021206616450020196
5852,0.02118185193262789
5853,0.021157116336167899
5854,0.021132409623114686
5855,0.021107731761571543
5856,0.021083082719641762
5857,0.021058462459799806
5858,0.021033870952025243
5859,0.021009308164421366
5860,0.020984774055710084
5861,0.020960268599623518
5862,0.020935791760512409
5863,0.020911343504603771
5864,0.020886923800000897
5865,0.020862532609178249
5866,0.020838169903991673
5867,0.020813835650668185
5868,0.020789529811682247
5869,0.02076525235513715
5870,0.020741003251012465
5871,0.020716782465535207
5872,0.020692589963056115
5873,0.020668425711678481
5874,0.02064428967762932
5875,0.020620181829011926
5876,0.020596102135805868
5877,0.02057205055860933
5878,0.02054802706927816
5879,0.020524031635915648
5880,0.020500064222872535
5881,0.020476124798252112
5882,0.020452213328281395
5883,0.020428329781063678
5884,0.020404474124702251
5885,0.020380646331052962
5886,0.020356846358837718
5887,0.020333074178036089
5888,0.020309329760503921
5889,0.020285613070591953
5890,0.020261924074527201
5891,0.02023826274416551
5892,0.020214629045733897
5893,0.020191022941706823
5894,0.020167444407692688
5895,0.020143893406165955
5896,0.020120369907106191
5897,0.020096873880492968
5898,0.020073405290677023
5899,0.020049964107637926
5900,0.020026550295726416
5901,0.020003163826798339
5902,0.019979804670833264
5903,0.019956472788429377
5904,0.019933168157071354
5905,0.019909890739233656
5906,0.019886640501143301
5907,0.019863417416532411
5908,0.019840221451628001
5909,0.019817052572657087
5910,0.019793910749599238
5911,0.019770795952434025
5912,0.019747708147388462
5913,0.019724647302565842
5914,0.019701613389822011
5915,0.019678606373507709
5916,0.01965562622547878
5917,0.019632672911962242
5918,0.01960974640481394
5919,0.01958684667026089
5920,0.019563973674530107
5921,0.019541127391353715
5922,0.019518307786958729
5923,0.019495514829448442
5924,0.019472748492554978
5925,0.019450008738752796
5926,0.019427295539897745
5927,0.019404608864093117
5928,0.019381948685071034
5929,0.019359314963429682
5930,0.019336707674777461
5931,0.019314126787217663
5932,0.019291572268853582
5933,0.019269044087788508
5934,0.019246542215878289
5935,0.019224066621226218
5936,0.019201617270059309
5937,0.019179194137985963
5938,0.019156797189356919
5939,0.019134426397904299
5940,0.019112081726102566
5941,0.019089763151436397
5942,0.019067470638256531
5943,0.019045204156542535
5944,0.019022963678150259
5945,0.019000749171182992
5946,0.01897856060937286
5947,0.018956397955194323
5948,0.018934261182379505
5949,0.018912150260907975
5950,0.018890065157006749
5951,0.01886800584440795
5952,0.018845972293091148
5953,0.018823964471159634
5954,0.018801982352345533
5955,0.01878002590287586
5956,0.018758095090853907
5957,0.018736189891888074
5958,0.018714310272205378
5959,0.018692456203661664
5960,0.018670627656236501
5961,0.018648824598033183
5962,0.018627047000907556
5963,0.018605294834839189
5964,0.018583568069807651
5965,0.018561866679545066
5966,0.018540190630278449
5967,0.01851853989198737
5968,0.018496914436527675
5969,0.01847531423575521
5970,0.018453739261525822
5971,0.018432189478190249
5972,0.018410664861356892
5973,0.01838916538100532
5974,0.018367691007115102
5975,0.018346241713418362
5976,0.018324817462389561
5977,0.018303418233389653
5978,0.018282043990769378
5979,0.018260694712013411
5980,0.018239370361472492
5981,0.018218070914755021
5982,0.018196796338088014
5983,0.018175546608956147
5984,0.018154321693586436
5985,0.018133121563834727
5986,0.018111946189680591
5987,0.01809079554485615
5988,0.018069669599340973
5989,0.018048568324990907
5990,0.018027491691785521
5991,0.018006439667828108
5992,0.017985412230603345
5993,0.017964409350090801
5994,0.017943430994393769
5995,0.017922477139120648
5996,0.017901547750498455
5997,0.017880642802259313
5998,0.017859762268135345
5999,0.01783890611810612
6000,0.017818074322151208
6001,0.017797266852126455
6002,0.017776483681763985
6003,0.017755724782919643
6004,0.017734990123696722
6005,0.017714279677827346
6006,0.017693593415291083
6007,0.017672931313572612
6008,0.01765229333702267
6009,0.017631679465002211
6010,0.017611089661861975
6011,0.017590523903210361
6012,0.017569982160903216
6013,0.017549464406796386
6014,0.01752897061086944
6015,0.017508500752483332
6016,0.017488054794112525
6017,0.017467632713241695
6018,0.017447234481726689
6019,0.017426860069547075
6020,0.017406509450434978
6021,0.017386182594369966
6022,0.017365879476960441
6023,0.017345600070062247
6024,0.017325344341778678
6025,0.017305112271470687
6026,0.017284903825365291
6027,0.017264718979070889
6028,0.01724455770256705
6029,0.017224419973338453
6030,0.017204305755735835
6031,0.017184215030996427
6032,0.017164147765347245
6033,0.017144103932520412
6034,0.017124083510000606
6035,0.017104086464014841
6036,0.017084112772047796
6037,0.017064162402202761
6038,0.017044235330088139
6039,0.017024331531312328
6040,0.017004450972102344
6041,0.016984593631819141
6042,0.016964759478566013
6043,0.016944948487951358
6044,0.016925160631831023
6045,0.016905395882060855
6046,0.016885654214249254
6047,0.016865935600252065
6048,0.016846240013801413
6049,0.016826567426753144
6050,0.016806917810963103
6051,0.016787291142039692
6052,0.01676768739559131
6053,0.016748106541597526
6054,0.016728548553790464
6055,0.016709013404025971
6056,0.016689501066036169
6057,0.016670011513553181
6058,0.016650544720309132
6059,0.016631100663788697
6060,0.016611679310218893
6061,0.016592280633331843
6062,0.016572904614364777
6063,0.016553551221420989
6064,0.016534220426356327
6065,0.01651491220853174
6066,0.0164956265379268
6067,0.016476363388273629
6068,0.016457122733304352
6069,0.016437904546751092
6070,0.016418708804222248
6071,0.016399535475697391
6072,0.016380384538661197
6073,0.016361255964969512
6074,0.016342149730230737
6075,0.016323065804424441
6076,0.016304004165035302
6077,0.016284964787671719
6078,0.016265947644189538
6079,0.016246952706444606
6080,0.016227979950045324
6081,0.01620902935060009
6082,0.01619010088184103
6083,0.016171194517500265
6084,0.016152310231309919
6085,0.016133447993249561
6086,0.0161146077864327
6087,0.016095789578962627
6088,0.01607699334832402
6089,0.016058219066372725
6090,0.016039466708717143
6091,0.016020736249089396
6092,0.016002027663097884
6093,0.015983340924474732
6094,0.015964676006952061
6095,0.01594603288801455
6096,0.015927411539518044
6097,0.015908811935194667
6098,0.015890234048776541
6099,0.015871677861500899
6100,0.015853143343347309
6101,0.015834630468047894
6102,0.015816139209334779
6103,0.015797669548445192
6104,0.015779221453482428
6105,0.015760794901931163
6106,0.015742389867523521
6107,0.015724006327744178
6108,0.015705644256325257
6109,0.015687303626998883
6110,0.015668984413497178
6111,0.015650686597057373
6112,0.015632410142030206
6113,0.015614155035281739
6114,0.015595921243038989
6115,0.015577708746539186
6116,0.015559517515761899
6117,0.015541347528191805
6118,0.015523198755684751
6119,0.015505071181354245
6120,0.015486964775179855
6121,0.015468879514646259
6122,0.015450815371609304
6123,0.015432772323553666
6124,0.015414750346087745
6125,0.015396749414819942
6126,0.01537876950348238
6127,0.015360810587683458
6128,0.015342872644907855
6129,0.015324955652640247
6130,0.015307059580860203
6131,0.015289184407052401
6132,0.015271330106825241
6133,0.0152534966576634
6134,0.015235684035175277
6135,0.01521789221121672
6136,0.015200121165148682
6137,0.015182370872579563
6138,0.015164641307241487
6139,0.015146932444742854
6140,0.015129244264444617
6141,0.015111576738202624
6142,0.015093929845377827
6143,0.015076303559702351
6144,0.015058697853032042
6145,0.015041112710356684
6146,0.015023548103532123
6147,0.015006004008166761
6148,0.014988480397992719
6149,0.014970977252370952
6150,0.014953494548786138
6151,0.014936032257217844
6152,0.014918590358903304
6153,0.014901168829450915
6154,0.014883767646345357
6155,0.014866386779566197
6156,0.014849026212226944
6157,0.014831685919935998
6158,0.014814365872672928
6159,0.01479706605542752
6160,0.014779786438179341
6161,0.014762527000289348
6162,0.014745287717365939
6163,0.014728068565017514
6164,0.014710869524481305
6165,0.014693690563860605
6166,0.014676531668145197
6167,0.014659392805438374
6168,0.014642273960729922
6169,0.014625175103999409
6170,0.014608096218360343
6171,0.014591037277544848
6172,0.014573998253408769
6173,0.014556979130941892
6174,0.014539979882000063
6175,0.014523000484067959
6176,0.01450604091275398
6177,0.014489101147419079
6178,0.014472181161795382
6179,0.014455280938996394
6180,0.014438400447125408
6181,0.01442153967117221
6182,0.014404698584868923
6183,0.014387877165700223
6184,0.014371075389274511
6185,0.014354293233076463
6186,0.014337530674590758
6187,0.014320787689425794
6188,0.014304064258818803
6189,0.014287360354625632
6190,0.014270675959959787
6191,0.014254011046677116
6192,0.014237365596014849
6193,0.014220739581705109
6194,0.014204132984985128
6195,0.014187545777710751
6196,0.01417097794111921
6197,0.014154429456447735
6198,0.014137900291799619
6199,0.014121390432164647
6200,0.014104899851274942
6201,0.01408842852661518
6202,0.014071976437546317
6203,0.014055543561553028
6204,0.014039129876119992
6205,0.014022735356855607
6206,0.014006359983120829
6207,0.013990003732400334
6208,0.013973666580302522
6209,0.013957348506188348
6210,0.013941049489418765
6211,0.01392476950747845
6212,0.013908508534099527
6213,0.013892266552395503
6214,0.013876043534222225
6215,0.013859839464569477
6216,0.013843654315293106
6217,0.013827488065754066
6218,0.013811340699065864
6219,0.013795212185208071
6220,0.013779102505417916
6221,0.013763011639056353
6222,0.013746939565484338
6223,0.013730886256557715
6224,0.013714851695389994
6225,0.01369883585946585
6226,0.013682838726269962
6227,0.013666860277039559
6228,0.013650900483630489
6229,0.013634959327279981
6230,0.013619036789225268
6231,0.013603132843198472
6232,0.013587247470436823
6233,0.013571380644672447
6234,0.013555532352771403
6235,0.013539702564713261
6236,0.01352389126361153
6237,0.013508098425074609
6238,0.013492324030339729
6239,0.013476568056891567
6240,0.013460830482214801
6241,0.013445111285670384
6242,0.013429410444742993
6243,0.01341372794066986
6244,0.013398063747183107
6245,0.013382417851148796
6246,0.01336679022067022
6247,0.01335118084261344
6248,0.013335589690710579
6249,0.013320016748075146
6250,0.013304461988439263
6251,0.013288925394916438
6252,0.013273406944991349
6253,0.013257906616148672
6254,0.013242424389625638
6255,0.013226960241030648
6256,0.013211514151600932
6257,0.013196086100697444
6258,0.013180676065804862
6259,0.013165284024407862
6260,0.013149909959619953
6261,0.01313455384892581
6262,0.013119215671686389
6263,0.013103895399757535
6264,0.013088593023757865
6265,0.0130733085174195
6266,0.013058041856350842
6267,0.013042793027417952
6268,0.013027562004352953
6269,0.013012348764640523
6270,0.012997153293270445
6271,0.012981975565851121
6272,0.012966815563619781
6273,0.012951673264061101
6274,0.012936548646536037
6275,0.012921441694158096
6276,0.012906352378783124
6277,0.012891280685400906
6278,0.012876226595248673
6279,0.012861190083934824
6280,0.012846171132696592
6281,0.012831169719018652
6282,0.012816185822261959
6283,0.012801219423663744
6284,0.012786270504461237
6285,0.01277133904026284
6286,0.012756425014182058
6287,0.012741528403703571
6288,0.012726649188188331
6289,0.012711787348873569
6290,0.012696942863243963
6291,0.012682115714413021
6292,0.012667305879865419
6293,0.012652513340838388
6294,0.012637738072940328
6295,0.012622980063037302
6296,0.012608239286737708
6297,0.012593515721526225
6298,0.012578809352392637
6299,0.012564120156821621
6300,0.012549448114174131
6301,0.012534793205687398
6302,0.012520155408846099
6303,0.012505534708640019
6304,0.012490931082553834
6305,0.012476344506195945
6306,0.012461774966432413
6307,0.012447222440747916
6308,0.012432686908503408
6309,0.012418168349059842
6310,0.012403666745530726
6311,0.012389182077277015
6312,0.012374714321783385
6313,0.012360263462163344
6314,0.012345829477777846
6315,0.012331412349864122
6316,0.012317012057783126
6317,0.012302628582772089
6318,0.012288261900439411
6319,0.012273911997651153
6320,0.01225957885376827
6321,0.012245262448151715
6322,0.012230962758286166
6323,0.012216679767285131
6324,0.012202413456385839
6325,0.012188163804949246
6326,0.012173930796088859
6327,0.012159714405413078
6328,0.012145514616035412
6329,0.012131331411069366
6330,0.01211716476799962
6331,0.012103014668063404
6332,0.012088881092497948
6333,0.012074764020664206
6334,0.012060663437551964
6335,0.012046579316893345
6336,0.012032511647430686
6337,0.012018460404772389
6338,0.012004425568279407
6339,0.011990407121065248
6340,0.011976405048119696
6341,0.011962419321298599
6342,0.011948449931220571
6343,0.011934496851617736
6344,0.011920560065603601
6345,0.011906639554415397
6346,0.011892735299290356
6347,0.011878847285218262
6348,0.011864975484054961
6349,0.011851119886419069
6350,0.011837280467918985
6351,0.011823457207915665
6352,0.011809650093275169
6353,0.011795859101482174
6354,0.011782084213773912
6355,0.011768325409511336
6356,0.011754582675560508
6357,0.011740855989406105
6358,0.011727145332285359
6359,0.011713450685435499
6360,0.01169977203384631
6361,0.011686109353126193
6362,0.011672462628264933
6363,0.01165883184049976
6364,0.011645216969191628
6365,0.011631617997454045
6366,0.011618034906524242
6367,0.011604467673886896
6368,0.011590916288284346
6369,0.011577380725324991
6370,0.011563860971874894
6371,0.011550357003542453
6372,0.011536868807193732
6373,0.011523396364065961
6374,0.01150993964976754
6375,0.011496498653040808
6376,0.011483073347617887
6377,0.011469663722241117
6378,0.011456269756271452
6379,0.011442891430946121
6380,0.011429528729378633
6381,0.01141618163280622
6382,0.011402850124342388
6383,0.011389534179595538
6384,0.011376233789184285
6385,0.011362948926840753
6386,0.01134967958130728
6387,0.011336425730068543
6388,0.011323187358114327
6389,0.011309964442929308
6390,0.011296756967626996
6391,0.01128356491907345
6392,0.011270388271000796
6393,0.011257227015903924
6394,0.011244081127514958
6395,0.01123095059269996
6396,0.011217835388943607
6397,0.01120473550311196
6398,0.011191650912689697
6399,0.011178581602666602
6400,0.011165527556156183
6401,0.011152488752519394
6402,0.01113946517674602
6403,0.011126456806320737
6404,0.011113463626233331
6405,0.01110048562522614
6406,0.011087522777031287
6407,0.011074575062886003
6408,0.011061642471532627
6409,0.011048724982332113
6410,0.011035822578397967
6411,0.011022935240967422
6412,0.011010062953153986
6413,0.010997205698071165
6414,0.010984363455079913
6415,0.010971536211046294
6416,0.01095872394533126
6417,0.010945926641048319
6418,0.010933144281310979
6419,0.01092037684735647
6420,0.010907624326050856
6421,0.010894886694878812
6422,0.010882163938830123
6423,0.010869456041018298
6424,0.010856762982680566
6425,0.010844084745054159
6426,0.010831421313128862
6427,0.010818772671894459
6428,0.010806138800711905
6429,0.010793519680818429
6430,0.010780915299080094
6431,0.010768325632981577
6432,0.010755750671265217
6433,0.01074319039704452
6434,0.010730644784051611
6435,0.010718113826657659
6436,0.010705597500471063
6437,0.010693095790481609
6438,0.010680608681679081
6439,0.010668136149671879
6440,0.010655678188831173
6441,0.010643234772889086
6442,0.010630805888711679
6443,0.010618391519412461
6444,0.010605991644352384
6445,0.010593606252273789
6446,0.010581235324413905
6447,0.010568878842009964
6448,0.010556536786299196
6449,0.010544209149776494
6450,0.010531895904297704
6451,0.010519597040481441
6452,0.010507312537688661
6453,0.010495042380909146
6454,0.010482786551380128
6455,0.010470545034091392
6456,0.010458317810280169
6457,0.010446104868688797
6458,0.010433906186801954
6459,0.010421721753361977
6460,0.010409551545853544
6461,0.01039739554926644
6462,0.010385253750466726
6463,0.010373126128815356
6464,0.010361012671178392
6465,0.010348913358793064
6466,0.010336828174772881
6467,0.010324757105983904
6468,0.010312700131787087
6469,0.010300657237172215
6470,0.010288628407129073
6471,0.010276613622894891
6472,0.010264612867583177
6473,0.010252626128059992
6474,0.010240653387438845
6475,0.010228694628833244
6476,0.010216749831604142
6477,0.010204818986370155
6478,0.010192902070615959
6479,0.010180999073083894
6480,0.010169109976887468
6481,0.010157234761387633
6482,0.010145373415326729
6483,0.010133525919941986
6484,0.01012169226022319
6485,0.010109872421160125
6486,0.010098066382113744
6487,0.010086274133702664
6488,0.010074495651535285
6489,0.010062730926230222
6490,0.010050979939024705
6491,0.01003924267490852
6492,0.010027519115118897
6493,0.010015809248398176
6494,0.010004113052231032
6495,0.0099924305191123591
6496,0.0099807616265268333
6497,0.0099691063613405167
6498,0.0099574647029143631
6499,0.0099458366456195418
6500,0.009934222163188176
6501,0.0099226212462388812
6502,0.0099110338778851653
6503,0.009899460037487982
6504,0.0098878997137896701
6505,0.0098763528917800141
6506,0.0098648195489436912
6507,0.0098532996777755937
6508,0.0098417932576366756
6509,0.0098303002753929985
6510,0.0098188207141580702
6511,0.0098073545607979522
6512,0.0097959017946735987
6513,0.0097844624026510712
6514,0.0097730363715964313
6515,0.009761623680870633
6516,0.009750224315463461
6517,0.0097388382678698076
6518,0.0097274655118217961
6519,0.0097161060398143189
6520,0.0097047598312083299
6521,0.0096934268728698907
6522,0.009682107151665063
6523,0.0096708006450785238
6524,0.0096595073437288886
6525,0.0096482272307296651
6526,0.0096369602891943611
6527,0.0096257065059890384
6528,0.0096144658642272045
6529,0.0096032383488986444
6530,0.0095920239449931426
6531,0.009580822635624207
6532,0.0095696344076578992
6533,0.0095584592479602808
6534,0.0095472971340160289
6535,0.009536148054567482
6536,0.0095250119983569786
6537,0.0095138889447454727
6538,0.0095027788824753028
6539,0.009491681790907423
6540,0.0094805976606604486
6541,0.0094695264729716105
6542,0.0094584682147069703
6543,0.0094474228708563129
6544,0.009436390420780592
6545,0.0094253708569747002
6546,0.0094143641625521451
6547,0.0094033703206264346
6548,0.0093923893161873533
6549,0.0093814211379772399
6550,0.0093704657653570483
6551,0.00935952318519284
6552,0.0093485933881032306
6553,0.0093376763496966202
6554,0.0093267720624679012
6555,0.0093158805076543044
6556,0.0093050016721218914
6557,0.009294135540860447
6558,0.0092832820988597558
6559,0.0092724413311096026
6560,0.0092616132225997721
6561,0.0092507977601963259
6562,0.0092399949270127717
6563,0.0092292047061626175
6564,0.0092184270901407555
6565,0.0092076620583081397
6566,0.0091969095975308317
6567,0.0091861696946748932
6568,0.0091754423309775551
6569,0.0091647274970574327
6570,0.00915402517227548
6571,0.0091433353491265894
6572,0.009132658006971715
6573,0.0091219931326769182
6574,0.0091113407131082607
6575,0.0091007007351318042
6576,0.0090900731818610563
6577,0.0090794580382858019
6578,0.0090688552893958257
6579,0.009058264925809743
6580,0.009047686925012231
6581,0.0090371212794981819
6582,0.0090265679705048268
6583,0.009016026986774504
6584,0.0090054983151732753
6585,0.0089949819350620946
6586,0.0089844778333070235
6587,0.0089739860042792313
6588,0.008963506425463395
6589,0.0089530390818492993
6590,0.0089425839621792829
6591,0.0089321410533194073
6592,0.0089217103383831802
6593,0.0089112918042366634
6594,0.0089008854358696415
6595,0.008890491222024453
6596,0.0088801091458146058
6597,0.0088697391941061614
6598,0.0088593813481363509
6599,0.0088490356022763433
6600,0.0088387019340108158
6601,0.0088283803339583838
6602,0.0088180707889851089
6603,0.0088077732840807759
6604,0.0087974878023588925
6605,0.0087872143325617973
6606,0.0087769528578029981
6607,0.0087667033668248334
6608,0.0087564658483696416
6609,0.0087462402836746538
6610,0.0087360266577296546
6611,0.0087258249592769826
6612,0.0087156351751826993
6613,0.0087054572904365895
6614,0.0086952912881521609
6615,0.0086851371627005829
6616,0.0086749948915665325
6617,0.008664864467244902
6618,0.0086547458690966455
6619,0.0086446390914929321
6620,0.0086345441137947159
6621,0.0086244609247443354
6622,0.0086143895093315753
6623,0.008604329856298774
6624,0.0085942819506357165
6625,0.0085842457792084641
6626,0.0085742213270068018
6627,0.008564208580896791
6628,0.0085542075277444934
6629,0.0085442181544159706
6630,0.0085342404440247304
6631,0.0085242743890656652
6632,0.0085143199707760058
6633,0.0085043771760218139
6634,0.0084944459916691511
6635,0.008484526404584079
6636,0.0084746184035089361
6637,0.0084647219734335071
6638,0.0084548370974712999
6639,0.008444963762488376
6640,0.0084351019609796279
6641,0.0084252516760585632
6642,0.0084154128945912437
6643,0.008405585601567454
6644,0.0083957697838532557
6645,0.0083859654320672643
6646,0.0083761725236941569
6647,0.0083663910531051027
6648,0.0083566210052898864
6649,0.0083468623689908466
6650,0.0083371151254452141
6651,0.0083273792690241582
6652,0.0083176547790886329
6653,0.0083079416443809766
6654,0.008298239853643528
6655,0.0082885493918660718
6656,0.0082788702459146695
6657,0.0082692024026553845
6658,0.0082595458508305519
6659,0.0082499005735536812
6660,0.0082402665614433879
6661,0.0082306437994894566
6662,0.0082210322764342258
6663,0.0082114319735149266
6664,0.0082018428813501743
6665,0.0081922649905585843
6666,0.0081826982823773875
6667,0.0081731427493014763
6668,0.0081635983706918047
6669,0.0081540651409195419
6670,0.0081445430412219189
6671,0.0081350320640938278
6672,0.0081255321888962229
6673,0.008116043413752827
6674,0.0081065657161483173
6675,0.0080970990848250324
6676,0.0080876435085253107
6677,0.0080781989778677676
6678,0.0080687654740896342
6679,0.0080593429840569719
6680,0.0080499315002646732
6681,0.0080405310058262458
6682,0.0080311414894840283
6683,0.0080217629381040823
6684,0.0080123953385524693
6685,0.008003038679571528
6686,0.0079936929442747662
6687,0.0079843581251570761
6688,0.0079750342053319656
6689,0.0079657211735417732
6690,0.0079564190204051144
6691,0.00794712772715922
6692,0.0079378472844227055
6693,0.0079285776790616325
6694,0.0079193188979420626
6695,0.0079100709298063343
6696,0.0079008337615205093
6697,0.0078916073799506492
6698,0.0078823917738390925
6699,0.007873186926299347
6700,0.007863992831702582
6701,0.0078548094712860284
6702,0.0078456368356683015
6703,0.0078364749098391862
6704,0.0078273236862935747
6705,0.0078181831462686979
6706,0.0078090532822594474
6707,0.0077999340811318865
6708,0.0077908255259995221
6709,0.0077817276093572465
6710,0.0077726403161948445
6711,0.0077635636352546547
6712,0.0077544975552790154
6713,0.0077454420612577115
6714,0.0077363971419330815
6715,0.007727362784171187
6716,0.0077183389767143664
6717,0.0077093257083049585
6718,0.0077003229639327478
6719,0.0076913307342163497
6720,0.0076823490041455491
6721,0.0076733777624626845
6722,0.0076644169997863712
6723,0.007655466699230117
6724,0.0076465268476599837
6725,0.0076375974413234174
6726,0.0076286784595813719
6727,0.0076197698930524629
6728,0.0076108717286027519
6729,0.0076019839587271312
6730,0.0075931065646628318
6731,0.0075842395389047459
6732,0.0075753828683189353
6733,0.0075665365378951846
6734,0.007557700542004663
6735,0.0075488748618846016
6736,0.0075400594881536156
6737,0.0075312544095540437
6738,0.0075224596129519474
6739,0.0075136750870896654
6740,0.0075049008188332591
6741,0.0074961367988013441
6742,0.0074873830101074281
6743,0.0074786394471226805
6744,0.0074699060929606089
6745,0.007461182936363552
6746,0.0074524699660738483
6747,0.0074437671708338362
6748,0.0074350745412621313
6749,0.0074263920604722413
6750,0.0074177197190827817
6751,0.0074090575020835372
6752,0.007400405403845677
6753,0.007391763407482709
6754,0.0073831315073658024
6755,0.0073745096847321881
6756,0.0073658979302004815
6757,0.0073572962325130211
6758,0.0073487045785358687
6759,0.0073401229570113627
6760,0.0073315513585581185
6761,0.0073229897700421978
6762,0.0073144381783296622
6763,0.0073058965740391271
6764,0.0072973649421603773
6765,0.007288843275188305
6766,0.007280331559988972
6767,0.0072718297834284398
6768,0.0072633379361253239
6769,0.0072548560049456859
6770,0.0072463839805081412
6771,0.0072379218478024745
6772,0.0072294695974473014
6773,0.0072210272163086833
6774,0.0072125946931289589
6775,0.0072041720204030204
6776,0.0071957591793680989
6777,0.0071873561681479172
6778,0.0071789629642271527
6779,0.0071705795657295282
6780,0.0071622059538922747
6781,0.0071538421212102845
6782,0.0071454880564258963
6783,0.0071371437464051715
6784,0.0071288091817667256
6785,0.0071204843493766204
6786,0.0071121692398534711
6787,0.0071038638381870625
6788,0.007095568136872287
6789,0.0070872821227752061
6790,0.0070790057865144354
6791,0.0070707391130797595
6792,0.0070624820930897938
6793,0.007054234715286877
6794,0.0070459969721659013
6795,0.0070377688430878207
6796,0.0070295503261763584
6797,0.0070213414064212989
6798,0.0070131420725649809
6799,0.0070049523133497429
6800,0.0069967721156416465
6801,0.0069886014738118609
6802,0.0069804403747264479
6803,0.0069722888014989151
6804,0.0069641467522529856
6805,0.0069560142101021674
6806,0.0069478911637887988
6807,0.0069397776020552185
6808,0.0069316735136437648
6809,0.0069235788910493304
6810,0.0069154937230142535
6811,0.006907417994528319
6812,0.0068993516962101422
6813,0.0068912948186783387
6814,0.0068832473469226932
6815,0.0068752092790669286
6816,0.0068671805925957221
6817,0.0068591612837565199
6818,0.0068511513375391067
6819,0.0068431507464383748
6820,0.0068351595010729396
6821,0.0068271775826800321
6822,0.0068192049893833753
6823,0.006811241704296477
6824,0.0068032877199142297
6825,0.0067953430231026948
6826,0.006787407602604211
6827,0.0067794814509136705
6828,0.0067715645530208582
6829,0.0067636569014206662
6830,0.0067557584848554333
6831,0.0067478692920674979
6832,0.0067399893117991985
6833,0.0067321185327928737
6834,0.0067242569437908619
6835,0.0067164045391643326
6836,0.0067085613020267934
6837,0.0067007272229968598
6838,0.006692902296445701
6839,0.0066850865017342711
6840,0.0066772798388625701
6841,0.0066694822928203825
6842,0.0066616938504737702
6843,0.0066539145024413484
6844,0.0066461442393417327
6845,0.0066383830499172616
6846,0.0066306309247865505
6847,0.0066228878489393841
6848,0.0066151538204994855
6849,0.0066074288207040857
6850,0.0065997128420480769
6851,0.0065920058732737976
6852,0.0065843079068761403
6853,0.0065766189278448897
6854,0.006568938928674938
6855,0.0065612678981086239
6856,0.0065536058267645627
6857,0.0065459527015088162
6858,0.0065383085129599996
6859,0.0065306732517367285
6860,0.0065230469065813415
6861,0.0065154294681124538
6862,0.0065078209231961273
6863,0.006500221266203531
6864,0.0064926304821244498
6865,0.006485048563453776
6866,0.0064774754951812943
6867,0.0064699112735544509
6868,0.0064623558854393073
6869,0.0064548093195782022
6870,0.0064472715684660278
6871,0.006439742615216292
6872,0.006432222456076441
6873,0.0064247110797888132
6874,0.0064172084750957472
6875,0.0064097146307395816
6876,0.0064022295392152087
6877,0.0063947531873886901
6878,0.0063872855658786412
6879,0.0063798266671799544
6880,0.0063723764762824145
6881,0.0063649349856809137
6882,0.0063575021841177906
6883,0.0063500780640879375
6884,0.0063426626124574162
6885,0.0063352558217211188
6886,0.006327857680621384
6887,0.0063204681779005503
6888,0.0063130873041772331
6889,0.0063057150500700479
6890,0.00629835140619761
6891,0.0062909963613022582
6892,0.0062836499041263308
6893,0.0062763120252884433
6894,0.0062689827154072111
6895,0.0062616619669775267
6896,0.0062543497668654515
6897,0.0062470461038133243
6898,0.0062397509721923141
6899,0.0062324643569922058
6900,0.0062251862544604455
6901,0.0062179166495868179
6902,0.0062106555329899385
6903,0.0062034028952884226
6904,0.0061961587289771627
6905,0.0061889230190459435
6906,0.006181695761742211
6907,0.0061744769420557502
6908,0.0061672665543577301
6909,0.0061600645855142125
6910,0.0061528710261438127
6911,0.0061456858687414231
6912,0.0061385091020493823
6913,0.0061313407148100288
6914,0.0061241807032708087
6915,0.006117029046792676
6916,0.0061098857453756308
6917,0.0061027507858857346
6918,0.0060956241551890491
6919,0.0060885058495330205
6920,0.0060813958557837102
6921,0.0060742941645597339
6922,0.006067200766479707
6923,0.0060601156521622448
6924,0.0060530388122259629
6925,0.0060459702354131997
6926,0.0060389099123425707
6927,0.0060318578355089683
6928,0.0060248139936547309
6929,0.006017778379274751
6930,0.0060107509792350902
6931,0.0060037317841543638
6932,0.0059967207865274643
6933,0.0059897179788492841
6934,0.0059827233461096077
6935,0.0059757368826796045
6936,0.005968758577301613
6937,0.0059617884205942486
6938,0.0059548264069286807
6939,0.005947872519418417
6940,0.0059409267524346268
6941,0.0059339890984722024
6942,0.0059270595443972054
6943,0.0059201380845808052
6944,0.0059132247077653402
6945,0.0059063193989405951
6946,0.00589942215810657
6947,0.0058925329702530496
6948,0.0058856518297512031
6949,0.0058787787234670921
6950,0.0058719136420193321
6951,0.0058650565816553693
6952,0.0058582075236124345
6953,0.0058513664660142508
6954,0.0058445333976031568
6955,0.005837708308997768
6956,0.0058308911889404227
6957,0.0058240820318022904
6958,0.0058172808263257094
6959,0.0058104875612530185
6960,0.0058037022290791098
6961,0.0057969248222988759
6962,0.0057901553296546551
6963,0.005783393741765063
6964,0.0057766400492487149
6965,0.0057698942446005033
6966,0.0057631563165627666
6967,0.0057564262557541204
6968,0.0057497040546694569
6969,0.0057429897058036685
6970,0.0057362831960228169
6971,0.0057295845196980713
6972,0.0057228936618192163
6973,0.005716210624262529
6974,0.0057095353863889633
6975,0.0057028679444459654
6976,0.0056962082890521506
6977,0.0056895564108261345
6978,0.0056829122985102556
6979,0.0056762759445994062
6980,0.0056696473434647556
6981,0.0056630264800960886
6982,0.0056564133488645743
6983,0.0056498079403888282
6984,0.0056432102471637427
6985,0.0056366202560553793
6986,0.0056300379614349074
6987,0.0056234633557972194
6988,0.0056168964260083767
6989,0.0056103371645632718
6990,0.0056037855639567971
6991,0.005597241612931291
6992,0.0055907053058579228
6993,0.0055841766314790311
6994,0.0055776555822895082
6995,0.0055711421432791388
6996,0.005564636314447923
6997,0.0055581380789093684
6998,0.0055516474347871983
6999,0.0055451643689474741
7000,0.0055386888757613653
7001,0.0055322209439712102
7002,0.0055257605660719014
7003,0.0055193077289295003
7004,0.0055128624287914532
7005,0.0055064246544000986
7006,0.0054999944020028826
7007,0.0054935716584658669
7008,0.0054871564125313901
7009,0.0054807486566943444
7010,0.0054743483853258992
7011,0.0054679555871683929
7012,0.005461570254716718
7013,0.0054551923804657667
7014,0.0054488219550341546
7015,0.0054424589671642201
7016,0.0054361034093508556
7017,0.0054297552722126765
7018,0.0054234145501208522
7019,0.0054170812299414442
7020,0.0054107553097981756
7021,0.0054044367746808311
7022,0.00539812561896058
7023,0.0053918218313797608
7024,0.0053855254081858197
7025,0.0053792363343685414
7026,0.0053729546080516491
7027,0.0053666802142249273
7028,0.0053604131491358223
7029,0.0053541534015266725
7030,0.0053479009657686474
7031,0.0053416558324803623
7032,0.0053354179885278788
7033,0.00532918743203492
7034,0.0053229641479912706
7035,0.0053167481345206538
7036,0.0053105393766128542
7037,0.0053043378723915948
7038,0.0052981436087229375
7039,0.0052919565781017744
7040,0.0052857767748992748
7041,0.0052796041841052235
7042,0.0052734388057196204
7043,0.0052672806247322504
7044,0.0052611296355142825
7045,0.0052549858286843323
7046,0.005248849198613569
7047,0.0052427197321680543
7048,0.0052365974255952344
7049,0.0052304822676374476
7050,0.0052243742507895865
7051,0.0052182733675465434
7052,0.0052121796085269336
7053,0.0052060929643493728
7054,0.00520001342938503
7055,0.0051939409923762439
7056,0.0051878756476941837
7057,0.0051818173840811879
7058,0.0051757661996609796
7059,0.0051697220794233436
7060,0.0051636850158631722
7061,0.0051576550014753577
7062,0.0051516320306310695
7063,0.0051456160939489229
7064,0.0051396071801712564
7065,0.0051336052855455163
7066,0.0051276103988140411
7067,0.0051216225124717232
7068,0.0051156416190134548
7069,0.0051096677090578515
7070,0.0051037007769760825
7071,0.0050977408133867632
7072,0.0050917878070322322
7073,0.0050858417541599357
7074,0.005079902645388489
7075,0.0050739704713365077
7076,0.0050680452226226072
7077,0.0050621268973705105
7078,0.0050562154805700024
7079,0.005050310968468529
7080,0.0050444133498084289
7081,0.0050385226208371483
7082,0.0050326387665444719
7083,0.0050267617888066765
7084,0.0050208916726135469
7085,0.0050150284067074216
7086,0.0050091719929645775
7087,0.0050033224163747994
7088,0.0049974796713092564
7089,0.0049916437465102872
7090,0.0049858146401016148
7091,0.0049799923389493008
7092,0.0049741768374245146
7093,0.0049683681280221484
7094,0.0049625662013608176
7095,0.0049567710480591378
7096,0.0049509826643645552
7097,0.0049452010390194081
7098,0.004939426166394866
7099,0.0049336580371095442
7100,0.0049278966455346121
7101,0.004922141980412408
7102,0.0049163940342378245
7103,0.0049106528013820308
7104,0.0049049182724636422
7105,0.0048991904418538281
7106,0.0048934692964186502
7107,0.0048877548361581083
7108,0.0048820470441857102
7109,0.004876345922377733
7110,0.0048706514557239613
7111,0.0048649636404718413
7112,0.0048592824653637115
7113,0.004853607926647018
7114,0.0048479400130640995
7115,0.0048422787189861252
7116,0.0048366240350317105
7117,0.0048309759574483016
7118,0.0048253344712256832
7119,0.0048196995744875784
7120,0.0048140712616051564
7121,0.0048084495175682021
7122,0.0048028343367478845
7123,0.0047972257172679269
7124,0.0047916236459943909
7125,0.0047860281154221687
7126,0.0047804391217987066
7127,0.0047748566519900662
7128,0.0047692807041199705
7129,0.0047637112650544813
7130,0.0047581483310410446
7131,0.004752591892698276
7132,0.0047470419443973446
7133,0.0047414984730043122
7134,0.0047359614803954555
7135,0.0047304309515605594
7136,0.004724906880870793
7137,0.0047193892608210488
7138,0.004713878085782496
7139,0.0047083733444974732
7140,0.0047028750332134264
7141,0.0046973831425489712
7142,0.004691897663122723
7143,0.0046864185930584048
7144,0.0046809459173458015
7145,0.0046754796359849129
7146,0.0046700197358418008
7147,0.0046645662131639112
7148,0.0046591190566935827
7149,0.0046536782626782616
7150,0.0046482438217365632
7151,0.0046428157263633798
7152,0.0046373939690536039
7153,0.0046319785460546816
7154,0.0046265694461089515
7155,0.0046211666654638597
7156,0.0046157701909854678
7157,0.0046103800151686683
7158,0.004604996138013461
7159,0.0045996185482621845
7160,0.0045942472365334544
7161,0.0045888821953221628
7162,0.0045835234246283099
7163,0.0045781709094416803
7164,0.0045728246441334433
7165,0.0045674846211984912
7166,0.0045621508368842703
7167,0.0045568232780568421
7168,0.0045515019409636528
7169,0.0045461868218521486
7170,0.0045408779038358374
7171,0.0045355751906672728
7172,0.0045302786673362396
7173,0.0045249883282139072
7174,0.0045197041695477216
7175,0.0045144261782037445
7176,0.0045091543560582528
7177,0.0045038886843484774
7178,0.0044986291630744182
7179,0.0044933757866072446
7180,0.0044881285418130181
7181,0.004482887424939185
7182,0.0044776524303569145
7183,0.0044724235486848221
7184,0.0044672007724178
7185,0.0044619840959270176
7186,0.0044567735098310904
7187,0.0044515690085011874
7188,0.0044463705844322013
7189,0.0044411782319953011
7190,0.0044359919455616561
7191,0.004430811713873605
7192,0.00442563752942604
7193,0.0044204693884664073
7194,0.0044153072834895992
7195,0.0044101512069905082
7196,0.0044050011495877497
7197,0.0043998571075287698
7198,0.004394719071432184
7199,0.0043895870375454385
7200,0.0043844609964871486
7201,0.0043793409407522068
7202,0.0043742268647117824
7203,0.0043691187571082138
7204,0.004364016617941501
7205,0.0043589204359539826
7206,0.0043538302073931048
7207,0.004348745922877483
7208,0.0043436675711494557
7209,0.0043385951522090229
7210,0.0043335286585510771
7211,0.0043284680789179566
7212,0.0043234134114333847
7213,0.0043183646448396997
7214,0.0043133217735080711
7215,0.004308284793685945
7216,0.0043032536941156599
7217,0.0042982284710446619
7218,0.0042932091150915666
7219,0.0042881956187512662
7220,0.004283187978271207
7221,0.0042781861880225583
7222,0.0042731902367476584
7223,0.0042682001188176768
7224,0.0042632158304800596
7225,0.0042582373623534222
7226,0.0042532647050563801
7227,0.0042482978585889333
7228,0.0042433368098171434
7229,0.0042383815549884565
7230,0.004233432088474042
7231,0.0042284883990162383
7232,0.0042235504847387686
7233,0.0042186183343839714
7234,0.0042136919441992928
7235,0.0042087713085559022
7236,0.004203856418072415
7237,0.0041989472671200003
7238,0.0041940438481935507
7239,0.0041891461575405122
7240,0.0041842541839032235
7241,0.0041793679254054075
7242,0.0041744873689131259
7243,0.0041696125163026556
7244,0.0041647433563163352
7245,0.004159879881449057
7246,0.0041550220879482671
7247,0.0041501699608037504
7248,0.0041453235056443374
7249,0.0041404827055835361
7250,0.0041356475624976241
7251,0.0041308180651289383
7252,0.0041259942040960951
7253,0.0041211759793990943
7254,0.0041163633816565515
7255,0.0041115564033633589
7256,0.0041067550388906859
7257,0.004101959278857148
7258,0.0040971691195101911
7259,0.0040923845533447079
7260,0.0040876055784844212
7261,0.0040828321836716697
7262,0.0040780643595250687
7263,0.0040733021079208953
7264,0.0040685454119726572
7265,0.0040637942735566313
7266,0.0040590486851677099
7267,0.0040543086374245085
7268,0.0040495741228219195
7269,0.0040448451413599429
7270,0.0040401216780283633
7271,0.0040354037347034577
7272,0.0040306912963750108
7273,0.0040259843630430225
7274,0.0040212829272023853
7275,0.0040165869813479915
7276,0.0040118965179747335
7277,0.0040072115333300573
7278,0.0040025320180325785
7279,0.0039978579702060202
7280,0.0039931893767164439
7281,0.0039885262394401266
7282,0.0039838685452431299
7283,0.0039792162903729
7284,0.0039745694692006062
7285,0.0039699280723448638
7286,0.003965292097929396
7287,0.0039606615346965413
7288,0.0039560363807700227
7289,0.0039514166267684558
7290,0.0039468022689392868
7291,0.0039421932997774078
7292,0.0039375897117777114
7293,0.0039329915011876437
7294,0.0039283986586258202
7295,0.0039238111822159638
7296,0.0039192290607004132
7297,0.0039146522884503376
7298,0.0039100808617131833
7299,0.0039055147748601189
7300,0.0039009540185097609
7301,0.0038963985889095549
7302,0.0038918484823069473
7303,0.0038873036836917225
7304,0.0038827641949401577
7305,0.0038782300066708682
7306,0.0038737011132550232
7307,0.003869177510940069
7308,0.0038646591884683441
7309,0.0038601461439635716
7310,0.0038556383680443669
7311,0.0038511358569581762
7312,0.0038466386031998918
7313,0.0038421466048932369
7314,0.003837659848904273
7315,0.0038331783314804464
7316,0.0038287020488692032
7317,0.0038242309935654357
7318,0.0038197651599403133
7319,0.0038153045386124513
7320,0.0038108491277055729
7321,0.0038063989215908474
7322,0.003801953912763167
7323,0.0037975140918411472
7324,0.0037930794569485111
7325,0.0037886499987038742
7326,0.0037842257152309595
7327,0.0037798065990246594
7328,0.0037753926425798663
7329,0.0037709838402677494
7330,0.003766580184583201
7331,0.0037621816755262212
7332,0.0037577882980865947
7333,0.0037534000560168752
7334,0.0037490169361831245
7335,0.0037446389329565117
7336,0.0037402660444607601
7337,0.0037358982631907618
7338,0.0037315355816414093
7339,0.0037271779941838719
7340,0.0037228254951893187
7341,0.0037184780790289191
7342,0.0037141357400738424
7343,0.0037097984726952578
7344,0.0037054662693880576
7345,0.0037011391245234111
7346,0.0036968170362250414
7347,0.0036924999894827333
7348,0.0036881879880490405
7349,0.0036838810206663015
7350,0.0036795790835819626
7351,0.003675282171167193
7352,0.0036709902759168851
7353,0.0036667033922022081
7354,0.0036624215125180544
7355,0.003658144634988147
7356,0.0036538727521073784
7357,0.0036496058582469178
7358,0.0036453439459016575
7359,0.0036410870113190437
7360,0.0036368350451176919
7361,0.003632588047297602
7362,0.0036283460103536665
7363,0.0036241089230282237
7364,0.0036198767890738277
7365,0.0036156495916039861
7366,0.0036114273343712529
7367,0.0036072100061179664
7368,0.0036029976030915729
7369,0.0035987901196632417
7370,0.0035945875483278651
7371,0.0035903898853328893
7372,0.0035861971231732066
7373,0.0035820092580962633
7374,0.0035778262863495054
7375,0.0035736481966752716
7376,0.0035694749871972849
7377,0.0035653066522867145
7378,0.003561143182562176
7379,0.0035569845742711155
7380,0.0035528308217847022
7381,0.0035486819213503824
7382,0.0035445378635867715
7383,0.0035403986484938694
7384,0.0035362642666902917
7385,0.0035321347125472076
7386,0.0035280099823120632
7387,0.0035238900647271971
7388,0.0035197749597926094
7389,0.0035156646618794691
7390,0.0035115591653589458
7391,0.0035074584589733777
7392,0.003503362544599042
7393,0.0034992714128545539
7394,0.003495185054358529
7395,0.0034911034691109673
7396,0.0034870266533593148
7397,0.0034829545977221872
7398,0.0034788872965707536
7399,0.0034748247442761833
7400,0.0034707669370859224
7401,0.0034667138693711404
7402,0.0034626655336267294
7403,0.0034586219261001356
7404,0.0034545830411625285
7405,0.0034505488713088002
7406,0.003446519412786397
7407,0.0034424946599664881
7408,0.0034384746072202428
7409,0.0034344592489188304
7410,0.0034304485794334201
7411,0.0034264425950114581
7412,0.0034224412881478368
7413,0.0034184446513374485
7414,0.0034144526827040163
7415,0.0034104653766187094
7416,0.0034064827274526972
7417,0.003402504727700872
7418,0.003398531371734403
7419,0.0033945626595532903
7420,0.0033905985798998724
7421,0.0033866391327741492
7422,0.0033826843050421824
7423,0.0033787340967039721
7424,0.0033747885002544105
7425,0.0033708475119409438
7426,0.0033669111280110182
7427,0.0033629793409595261
7428,0.0033590521432813598
7429,0.0033551295312239655
7430,0.0033512115029110663
7431,0.0033472980470850007
7432,0.0033433891637457687
7433,0.0033394848435119857
7434,0.003335585082631098
7435,0.0033316898735979979
7436,0.0033277992164126853
7437,0.0033239131016937758
7438,0.0033200315256887154
7439,0.0033161544827686735
7440,0.0033122819654285425
7441,0.0033084139717920453
7442,0.0033045504943540745
7443,0.003300691529362076
7444,0.0032968370711872193
7445,0.0032929871123243966
7446,0.0032891416490210541
7447,0.0032853006775246381
7448,0.0032814641922063177
7449,0.0032776321874372623
7450,0.0032738046538360872
7451,0.0032699815932790695
7452,0.0032661629982611014
7453,0.0032623488594007983
7454,0.0032585391785744373
7455,0.003254733940771803
7456,0.0032509331516217261
7457,0.0032471367998665453
7458,0.0032433448798774296
7459,0.0032395573879018254
7460,0.0032357743201871787
7461,0.003231995669228382
7462,0.0032282214331491583
7463,0.0032244516006918462
7464,0.0032206861737327226
7465,0.0032169251428904029
7466,0.0032131685044123333
7467,0.003209416252669683
7468,0.0032056683820336214
7469,0.0032019248868753176
7470,0.0031981857653184949
7471,0.0031944510098580454
7472,0.0031907206148651386
7473,0.0031869945784634974
7474,0.0031832728893954605
7475,0.0031795555514135816
7476,0.0031758425532601993
7477,0.0031721338874302059
7478,0.0031684295539236014
7479,0.0031647295471115551
7480,0.0031610338632415132
7481,0.003157342492932091
7482,0.0031536554324307349
7483,0.0031499726779848909
7484,0.0031462942239657283
7485,0.0031426200666206934
7486,0.0031389501984446784
7487,0.0031352846175614064
7488,0.0031316233164657699
7489,0.0031279662914052149
7490,0.0031243135348746338
7491,0.0031206650449977498
7492,0.003117020816145732
7493,0.0031133808426897498
7494,0.0031097451208772493
7495,0.0031061136450793998
7496,0.0031024864077910936
7497,0.0030988634071360539
7498,0.0030952446374854499
7499,0.0030916300932104508
7500,0.0030880197705585029
7501,0.0030844136639007753
7502,0.0030808117694847144
7503,0.0030772140798052123
7504,0.0030736205929859923
7505,0.0030700312977693929
7506,0.0030664461997842447
7507,0.0030628652858966095
7508,0.0030592885523539333
7509,0.0030557159972799393
7510,0.0030521476150457967
7511,0.0030485833981463979
7512,0.0030450233465817429
7513,0.0030414674509704471
7514,0.0030379157056836799
7515,0.0030343681088451642
7516,0.0030308246548260693
7517,0.0030272853379975646
7518,0.0030237501564833731
7519,0.0030202191027783871
7520,0.0030166921693774991
7521,0.0030131693581569858
7522,0.0030096506616117398
7523,0.0030061360722366533
7524,0.0030026255862791724
7525,0.0029991192018630204
7526,0.0029956169114830895
7527,0.002992118709510549
7528,0.0029886245921928452
7529,0.002985134557653701
7530,0.0029816485965117319
7531,0.002978166706890661
7532,0.0029746888850379345
7533,0.0029712151253247217
7534,0.002967745416493361
7535,0.0029642797660489602
7536,0.0029608181589813039
7537,0.0029573605934141152
7538,0.0029539070674711172
7539,0.0029504575755234792
7540,0.0029470121100660935
7541,0.0029435706673464064
7542,0.0029401332454881408
7543,0.0029366998351099123
7544,0.0029332704362117208
7545,0.0029298450412884587
7546,0.0029264236465875722
7547,0.0029230062483565074
7548,0.0029195928390901567
7549,0.0029161834187885201
7550,0.002912777978070213
7551,0.0029093765150589586
7552,0.0029059790222496491
7553,0.0029025854977660077
7554,0.0028991959378554806
7555,0.00289581033501296
7556,0.0028924286854858923
7557,0.0028890509836454466
7558,0.002885677227615346
7559,0.0028823074117667598
7560,0.0028789415304708572
7561,0.0028755795818513614
7562,0.0028722215565268878
7563,0.0028688674526211595
7564,0.0028655172663816226
7565,0.0028621709921794465
7566,0.0028588286262620772
7567,0.0028554901611244072
7568,0.0028521555967664365
7569,0.0028488249256830574
7570,0.002845498144121716
7571,0.0028421752483298586
7572,0.0028388562308023775
7573,0.0028355410915392727
7574,0.0028322298230354366
7575,0.0028289224196620384
7576,0.0028256188814190781
7577,0.0028223191970488943
7578,0.0028190233703040408
7579,0.0028157313899268561
7580,0.0028124432540410633
7581,0.0028091589607703855
7582,0.0028058784988571612
7583,0.0028026018664251136
7584,0.0027993290653505194
7585,0.0027960600843757173
7586,0.0027927949216244303
7587,0.0027895335714678278
7588,0.0027862760282770789
7589,0.0027830222901759068
7590,0.0027797723515354806
7591,0.0027765262067269698
7592,0.0027732838538740974
7593,0.0027700452854717557
7594,0.0027668105033962216
7595,0.0027635794982661106
7596,0.0027603522625763151
7597,0.002757128796326835
7598,0.0027539090957651165
7599,0.0027506931571386057
7600,0.0027474809673133645
7601,0.0027442725337945002
7602,0.0027410678472006285
7603,0.0027378669000266416
7604,0.0027346696922725395
7605,0.0027314762164332147
7606,0.002728286474384944
7607,0.0027251004548700659
7608,0.0027219181541360267
7609,0.0027187395721828263
7610,0.002715564701505357
7611,0.0027123935383510651
7612,0.0027092260770911199
7613,0.0027060623139729674
7614,0.0027029022489966077
7615,0.0026997458746569332
7616,0.0026965931815725592
7617,0.0026934441716197628
7618,0.0026902988410459901
7619,0.0026871571804698564
7620,0.0026840191917676388
7621,0.0026808848674342296
7622,0.0026777542018407981
7623,0.0026746271912347903
7624,0.0026715038337399295
7625,0.002668384121851108
7626,0.0026652680555683257
7627,0.002662155629262752
7628,0.0026590468335530022
7629,0.0026559416703153533
7630,0.0026528401320446977
7631,0.0026497422149884815
7632,0.0026466479172704278
7633,0.002643557231385429
7634,0.002640470157333485
7635,0.0026373866876094883
7636,0.0026343068203371618
7637,0.0026312305461351211
7638,0.002628157866879643
7639,0.0026250887731893431
7640,0.0026220232650642212
7641,0.0026189613349991698
7642,0.0026159029829941889
7643,0.0026128482034204477
7644,0.0026097969887728385
7645,0.0026067493352988076
7646,0.0026037052448746319
7647,0.0026006647081189267
7648,0.0025976277212791383
7649,0.0025945942806027129
7650,0.0025915643842133736
7651,0.0025885380264822895
7652,0.0025855151999043531
7653,0.0025824959044795644
7654,0.0025794801345790925
7655,0.0025764678864503838
7656,0.0025734591563408844
7657,0.0025704539423743174
7658,0.0025674522332930212
7659,0.0025644540309732729
7660,0.0025614593316625185
7661,0.0025584681278556505
7662,0.0025554804176763919
7663,0.0025524961973721889
7664,0.0025495154613142108
7665,0.0025465382038736268
7666,0.0025435644231741601
7667,0.0025405941192158106
7668,0.0025376272788646399
7669,0.0025346639058732019
7670,0.0025317039946126658
7671,0.002528747537577924
7672,0.0025257945347689765
7673,0.0025228449805569926
7674,0.0025198988711894184
7675,0.0025169562010374231
7676,0.0025140169663484531
7677,0.0025110811652462313
7678,0.002508148792101927
7679,0.0025052198412867095
7680,0.0025022943128005788
7681,0.0024993721991384272
7682,0.0024964535003002548
7683,0.0024935382087809539
7684,0.0024906263245805245
7685,0.0024877178364413051
7686,0.0024848127462395726
7687,0.0024819110483464964
7688,0.0024790127408857994
7689,0.0024761178163523741
7690,0.0024732262728699435
7691,0.0024703381066859538
7692,0.0024674533121715743
7693,0.0024645718855742511
7694,0.0024616938268939843
7695,0.0024588191267493893
7696,0.0024559477832641892
7697,0.0024530797908095532
7698,0.0024502151512617583
7699,0.0024473538552394199
7700,0.0024444959027425379
7701,0.0024416412862660049
7702,0.0024387900001809899
7703,0.0024359420501163238
7704,0.0024330974191855144
7705,0.0024302561148936692
7706,0.0024274181278594038
7707,0.0024245834543301643
7708,0.0024217520924296738
7709,0.0024189240309002709
7710,0.0024160992772470631
7711,0.0024132778220886659
7712,0.0024104596616725256
7713,0.0024076447903698113
7714,0.0024048332063042461
7715,0.0024020249075995532
7716,0.0023992198886269018
7717,0.0023964181418811843
7718,0.0023936196673624006
7719,0.002390824461317997
7720,0.0023880325218716965
7721,0.0023852438433946683
7722,0.002382458418381805
7723,0.0023796762468331063
7724,0.0023768973231197417
7725,0.002374121649117988
7726,0.0023713492116939068
7727,0.0023685800164763289
7728,0.0023658140503313159
7729,0.0023630513170114216
7730,0.0023602918071352614
7731,0.0023575355225791124
7732,0.0023547824558378667
7733,0.0023520326050352476
7734,0.0023492859626661473
7735,0.0023465425324831197
7736,0.0023438023013522265
7737,0.0023410652730260213
7738,0.0023383314399993966
7739,0.0023356008003960755
7740,0.0023328733467109504
7741,0.002330149080820298
7742,0.0023274279952190109
7743,0.0023247100842782582
7744,0.0023219953517505938
7745,0.0023192837863783562
7746,0.0023165753900378223
7747,0.0023138701552238845
7748,0.0023111680800602659
7749,0.0023084691589181357
7750,0.0023057733917974939
7751,0.0023030807711932329
7752,0.0023003912971053526
7753,0.0022977049620287455
7754,0.0022950217622108578
7755,0.0022923416995279662
7756,0.0022896647645986863
7757,0.0022869909555467412
7758,0.0022843202686195769
7759,0.0022816527000646398
7760,0.002278988246129376
7761,0.0022763269030612317
7762,0.0022736686689839298
7763,0.0022710135420211937
7764,0.0022683615109153617
7765,0.0022657125831715415
7766,0.0022630667419032409
7767,0.0022604239946155675
7768,0.0022577843319271369
7769,0.002255147753837949
7770,0.0022525142528428961
7771,0.0022498838270657013
7772,0.0022472564746300878
7773,0.0022446321880309479
7774,0.0022420109653920046
7775,0.0022393928048369811
7776,0.0022367777007370466
7777,0.0022341656512159243
7778,0.0022315566543973371
7779,0.0022289507027761775
7780,0.0022263477925998916
7781,0.0022237479238684794
7782,0.0022211510909531103
7783,0.0022185572882249534
7784,0.0022159665194365625
7785,0.0022133787714539994
7786,0.0022107940480298178
7787,0.0022082123416589101
7788,0.0022056336504649994
7789,0.0022030579725718087
7790,0.0022004852985979535
7791,0.0021979156285434338
7792,0.0021953489642845265
7793,0.0021927852926872933
7794,0.0021902246175042879
7795,0.0021876669312304027
7796,0.0021851122338656377
7797,0.0021825605197811622
7798,0.0021800117814718685
7799,0.0021774660226903104
7800,0.0021749232378076573
7801,0.0021723834211950783
7802,0.0021698465691000197
7803,0.0021673126815224815
7804,0.002164781749081079
7805,0.0021622537774046431
7806,0.0021597287552355122
7807,0.0021572066806974095
7808,0.002154687553790335
7809,0.0021521713670091809
7810,0.0021496581203539473
7811,0.0021471478081958035
7812,0.0021446404249059188
7813,0.00214213597236057
7814,0.0021396344430546495
7815,0.0021371358351118803
7816,0.0021346401447797088
7817,0.0021321473683055809
7818,0.0021296575056894969
7819,0.002127170547550072
7820,0.0021246864957635832
7821,0.0021222053428249228
7822,0.0021197270906103678
7823,0.0021172517278622567
7824,0.0021147792602094202
7825,0.0021123096763941969
7826,0.0021098429764165867
7827,0.0021073791584003128
7828,0.0021049182185928213
7829,0.0021024601532415583
7830,0.0021000049567176933
7831,0.0020975526271449492
7832,0.0020951031607707722
7833,0.0020926565538426085
7834,0.0020902128063604582
7835,0.0020877719145717673
7836,0.0020853338709714282
7837,0.0020828986718068872
7838,0.002080466318954421
7839,0.0020780368049089222
7840,0.0020756101315466675
7841,0.0020731862876099956
7842,0.0020707652768514602
7843,0.0020683470917659537
7844,0.0020659317323534765
7845,0.002063519192985197
7846,0.0020611094699085619
7847,0.0020587025612472942
7848,0.002056298465125117
7849,0.0020538971740369227
7850,0.0020514986898589882
7851,0.0020491030050862058
7852,0.0020467101159660217
7853,0.0020443200243747128
7854,0.0020419327246834484
7855,0.0020395482093871209
7856,0.0020371664784857302
7857,0.0020347875301029994
7858,0.0020324113604863747
7859,0.0020300379640070254
7860,0.0020276673387886746
7861,0.0020252994829550452
7862,0.0020229343927535837
7863,0.0020205720625554591
7864,0.0020182124942369484
7865,0.0020158556802929439
7866,0.0020135016169708919
7867,0.0020111503061470692
7868,0.0020088017384400914
7869,0.0020064559138499583
7870,0.0020041128286241161
7871,0.002001772480886288
7872,0.0019994348650076432
7873,0.0019970999772356279
7874,0.0019947678175702421
7875,0.0019924383841352089
7876,0.0019901116675491437
7877,0.0019877876659357696
7878,0.0019854663811713635
7879,0.0019831478057508178
7880,0.0019808319377978556
7881,0.0019785187754361999
7882,0.001976208314913297
7883,0.0019739005524765929
7884,0.0019715954843735339
7885,0.0019692931087278431
7886,0.0019669934199106898
7887,0.0019646964179220738
7888,0.0019624020990094415
7889,0.0019601104575439621
7890,0.0019578214935256355
7891,0.0019555352013256311
7892,0.0019532515809439488
7893,0.0019509706248754808
7894,0.0019486923349965044
7895,0.0019464167019256349
7896,0.0019441437312917029
7897,0.0019418734118370471
7898,0.0019396057454379443
7899,0.0019373407245892869
7900,0.0019350783492910748
7901,0.0019328186157907543
7902,0.0019305615222120485
7903,0.0019283070648024034
7904,0.0019260552416855423
7905,0.0019238060434800806
7906,0.0019215594758148489
7907,0.0019193155293084627
7908,0.0019170742039609221
7909,0.0019148354941433963
7910,0.0019125994036084391
7911,0.001910365921098389
7912,0.001908135048489523
7913,0.0019059067801530103
7914,0.0019036811104600202
7915,0.0019014580431631065
7916,0.0018992375726334385
7917,0.0018970196913659085
7918,0.0018948044031130704
7919,0.0018925917022460934
7920,0.0018903815831361468
7921,0.0018881740476595075
7922,0.0018859690901873447
7923,0.0018837667050908278
7924,0.0018815668942462336
7925,0.0018793696501484545
7926,0.0018771749709212136
7927,0.0018749828584407877
7928,0.0018727933033257924
7929,0.0018706063074525046
7930,0.0018684218614395396
7931,0.0018662399690394513
7932,0.0018640606227471321
7933,0.001861883822562582
7934,0.001859709566609524
7935,0.0018575378455065736
7936,0.0018553686648825616
7937,0.0018532020116035495
7938,0.0018510378950509219
7939,0.0018488763020907404
7940,0.0018467172345992819
7941,0.0018445606869477158
7942,0.0018424066572597651
7943,0.0018402551436591528
7944,0.0018381061423933252
7945,0.0018359596534622822
7946,0.0018338156693609162
7947,0.0018316741882129504
7948,0.0018295352081421077
7949,0.0018273987272721113
7950,0.0018252647399741304
7951,0.0018231332443718882
7952,0.0018210042385891077
7953,0.0018188777169969581
7954,0.0018167536833479934
7955,0.0018146321245082751
7956,0.0018125130461066339
7957,0.0018103964425142392
7958,0.0018082823118548139
7959,0.0018061706484995275
7960,0.0018040614505721029
7961,0.0018019547161962632
7962,0.0017998504416194547
7963,0.0017977486230891235
7964,0.0017956492606052696
7965,0.0017935523504153392
7966,0.0017914578868905016
7967,0.0017893658700307566
7968,0.0017872762998361045
7969,0.0017851891650488836
7970,0.0017831044675453709
7971,0.0017810222054492895
7972,0.0017789423768843624
7973,0.0017768649724692052
7974,0.0017747899997089254
7975,0.0017727174492221385
7976,0.0017706473172562907
7977,0.001768579601935105
7978,0.0017665143013823046
7979,0.0017644514137216125
7980,0.0017623909333241981
7981,0.0017603328601900612
7982,0.001758277192442925
7983,0.0017562239225776819
7984,0.0017541730505943318
7985,0.0017521245764928748
7986,0.0017500784927682032
7987,0.0017480347994203169
7988,0.0017459934908203854
7989,0.0017439545650921315
7990,0.0017419180241118324
7991,0.0017398838566218264
7992,0.0017378520663746675
7993,0.0017358226514940787
7994,0.0017337956025986754
7995,0.0017317709215647346
7996,0.0017297486083922562
7997,0.0017277286536998557
7998,0.0017257110574875332
7999,0.0017236958197552885
8000,0.0017216829329980141
8001,0.0017196723990919869
8002,0.0017176642124083761
8003,0.0017156583691946279
8004,0.0017136548694507423
8005,0.0017116537113004424
8006,0.0017096548872386206
8007,0.0017076583991415537
8008,0.0017056642395041342
8009,0.0017036724120789157
8010,0.0017016829112370677
8011,0.0016996957313497594
8012,0.0016977108686644369
8013,0.0016957283306862079
8014,0.0016937481024048571
8015,0.0016917701875729383
8016,0.0016897945824378977
8017,0.0016878212888760122
8018,0.0016858502975058973
8019,0.0016838816045749991
8020,0.0016819152119595946
8021,0.0016799511177834068
8022,0.001677989316417605
8023,0.0016760298059859122
8024,0.0016740725827357748
8025,0.0016721176447909156
8026,0.0016701649921513349
8027,0.0016682146173119248
8028,0.0016662665221489623
8029,0.0016643206991573398
8030,0.0016623771483370573
8031,0.0016604358696881147
8032,0.0016584968575816814
8033,0.0016565601082652035
8034,0.001654625621738681
8035,0.001652693396125837
8036,0.0016507634257978407
8037,0.0016488357088784154
8038,0.0016469102434912839
8039,0.0016449870258838926
8040,0.0016430660541799644
8041,0.0016411473227506688
8042,0.0016392308353485594
8043,0.0016373165844685287
8044,0.0016354045738631304
8045,0.0016334947922747032
8046,0.0016315872415795238
8047,0.0016296819161487617
8048,0.0016277788197349705
8049,0.0016258779429567658
8050,0.0016239792858141475
8051,0.0016220828464308388
8052,0.0016201886210542857
8053,0.0016182966078082115
8054,0.0016164068066926161
8055,0.0016145192083261148
8056,0.0016126338164612617
8057,0.001610750623592949
8058,0.0016088696334737305
8059,0.0016069908404747755
8060,0.0016051142408435302
8061,0.0016032398308274407
8062,0.0016013676104265071
8063,0.0015994975758881755
8064,0.0015976297253361691
8065,0.001595764055017934
8066,0.0015939005630571932
8067,0.0015920392475776699
8068,0.0015901801067030872
8069,0.0015883231366808912
8070,0.0015864683356348051
8071,0.0015846156998122749
8072,0.0015827652292133008
8073,0.0015809169182090519
8074,0.0015790707667995283
8075,0.0015772267712321761
8076,0.0015753849296307185
8077,0.0015735452344900478
8078,0.0015717076933152716
8079,0.0015698722948487285
8080,0.0015680390409666953
8081,0.0015662079260403414
8082,0.0015643789500696668
8083,0.0015625521111783944
8084,0.0015607274037376937
8085,0.0015589048296238415
8086,0.001557084383208007
8087,0.0015552660607376365
8088,0.0015534498603364531
8089,0.0015516357838807335
8090,0.0015498238257416472
8091,0.0015480139821666403
8092,0.0015462062550319897
8093,0.0015444006349563109
8094,0.0015425971238158807
8095,0.0015407957197344222
8096,0.0015389964208356586
8097,0.0015371992214907591
8098,0.0015354041235760005
8099,0.0015336111177099985
8100,0.0015318202095215836
8101,0.0015300313896293714
8102,0.0015282446599096387
8103,0.0015264600166098317
8104,0.0015246774559773966
8105,0.0015228969817648872
8106,0.0015211185827146421
8107,0.0015193422607029381
8108,0.0015175680138534984
8109,0.0015157958384137691
8110,0.0015140257325074733
8111,0.0015122576942583341
8112,0.0015104917199137977
8113,0.0015087278094738641
8114,0.0015069659554334256
8115,0.001505206163421313
8116,0.0015034484240561417
8117,0.0015016927392141886
8118,0.0014999390995140691
8119,0.0014981875105846141
8120,0.0014964379686732696
8121,0.001494690468151205
8122,0.0014929450071421433
8123,0.0014912015875223614
8124,0.0014894602036630287
8125,0.0014877208499353143
8126,0.0014859835300917721
8127,0.0014842482366272944
8128,0.0014825149732944352
8129,0.0014807837325880866
8130,0.0014790545126319719
8131,0.0014773273134260909
8132,0.0014756021274653361
8133,0.0014738789603785383
8134,0.0014721578046605897
8135,0.0014704386584352134
8136,0.0014687215179498556
8137,0.0014670063850807933
8138,0.0014652932541991957
8139,0.0014635821253050627
8140,0.0014618729927695637
8141,0.0014601658565926987
8142,0.0014584607130219138
8143,0.001456757563933486
8144,0.0014550563999460306
8145,0.0014533572248121016
8146,0.0014516600310265913
8147,0.0014499648223420534
8148,0.0014482715931296573
8149,0.001446580341513126
8150,0.0014448910637399057
8151,0.0014432037598099965
8152,0.0014415184222182906
8153,0.0014398350584698958
8154,0.0014381536573071505
8155,0.0014364742187300548
8156,0.0014347967427386086
8157,0.0014331212255802581
8158,0.0014314476635024496
8159,0.0014297760602577367
8160,0.0014281064045884582
8161,0.0014264387021234446
8162,0.0014247729453575884
8163,0.0014231091361671664
8164,0.001421447267047071
8165,0.0014197873379973023
8166,0.0014181293471415832
8167,0.0014164732944799139
8168,0.0014148191743834635
8169,0.0014131669868522321
8170,0.0014115167262573889
8171,0.0014098683944752108
8172,0.0014082219877531441
8173,0.0014065775060911887
8174,0.0014049349438605139
8175,0.0014032942991848427
8176,0.0014016555701878983
8177,0.0014000187531171269
8178,0.0013983838479725284
8179,0.0013967508528778259
8180,0.0013951197622041887
8181,0.0013934905797041706
8182,0.0013918632997489409
8183,0.0013902379204622226
8184,0.0013886144362151851
8185,0.0013869928488841052
8186,0.0013853731565927061
8187,0.0013837553555884339
8188,0.0013821394421187347
8189,0.0013805254180598856
8190,0.0013789132777830557
8191,0.001377303023164522
8192,0.001375694642946623
8193,0.0013740881427581895
8194,0.0013724835207229444
8195,0.0013708807712120572
8196,0.0013692798942255278
8197,0.0013676808860108023
8198,0.001366083742815327
8199,0.0013644884665153787
8200,0.0013628950533584037
8201,0.001361303501468125
8202,0.0013597138070919888
8203,0.001358125972106272
8204,0.00135653998712959
8205,0.0013549558559144967
8206,0.0013533735747084383
8207,0.0013517931416351379
8208,0.0013502145566945953
8209,0.0013486378105054262
8210,0.0013470629086964612
8211,0.0013454898437625926
8212,0.0013439186175800975
8213,0.0013423492263964219
8214,0.0013407816645827351
8215,0.0013392159358915909
8216,0.0013376520328178818
8217,0.0013360899609904384
8218,0.0013345297091515993
8219,0.0013329712829301952
8220,0.0013314146748211184
8221,0.001329859884824369
8222,0.0013283069091873931
8223,0.0013267557479101908
8224,0.0013252063972402082
8225,0.0013236588590537222
8226,0.0013221131239693482
8227,0.0013205691976159171
8228,0.0013190270706120442
8229,0.0013174867448340064
8230,0.0013159482202818038
8231,0.0013144114894503287
8232,0.0013128765579684119
8233,0.0013113434164546687
8234,0.0013098120649090992
8235,0.0013082824995791496
8236,0.0013067547223410967
8237,0.0013052287294423868
8238,0.0013037045190067429
8239,0.0013021820891578881
8240,0.0013006614380195456
8241,0.0012991425580866076
8242,0.0012976254568641819
8243,0.0012961101230946068
8244,0.0012945965605304364
8245,0.0012930847635428397
8246,0.0012915747340080939
8247,0.0012900664681736449
8248,0.0012885599641632159
8249,0.0012870552163479763
8250,0.0012855522266042028
8251,0.0012840509949318955
8252,0.0012825515119496698
8253,0.0012810537851626334
8254,0.0012795578033131247
8255,0.0012780635701536978
8256,0.0012765710838080755
8257,0.0012750803386474272
8258,0.001273591332795476
8259,0.0012721040662522218
8260,0.0012706185371413878
8261,0.0012691347435866971
8262,0.0012676526837118727
8263,0.0012661723518880839
8264,0.0012646937499916076
8265,0.001263216872393613
8266,0.001261741724722931
8267,0.0012602682957219
8268,0.0012587965891430739
8269,0.0012573265993576219
8270,0.0012558583263655441
8271,0.0012543917682905634
8272,0.00125292692513268
8273,0.0012514637893867862
8274,0.0012500023629291588
8275,0.0012485426457597979
8276,0.0012470846303735959
8277,0.0012456283167705526
8278,0.0012441737068269452
8279,0.0012427207930376658
8280,0.0012412695772789915
8281,0.0012398200557983683
8282,0.0012383722285957963
8283,0.0012369260900424448
8284,0.0012354816420145907
8285,0.0012340388807596801
8286,0.0012325978006488823
8287,0.001231158407311028
8288,0.0012297206932410096
8289,0.0012282846565625503
8290,0.0012268502991519268
8291,0.0012254176153803085
8292,0.0012239866090002491
8293,0.0012225572687540873
8294,0.0012211296021469307
8295,0.0012197035997973946
8296,0.0012182792598292023
8297,0.0012168565859949074
8298,0.0012154355745419563
8299,0.001214016221717795
8300,0.0012125985256461467
8301,0.0012111824844507344
8302,0.0012097680981315582
8303,0.0012083553648123411
8304,0.0012069442769879755
8305,0.0012055348402872921
8306,0.0012041270509577371
8307,0.0012027209033704798
8308,0.001201316399401797
8309,0.0011999135334228581
8310,0.00119851230730994
8311,0.0011971127173104887
8312,0.0011957147596719506
8313,0.0011943184381468794
8314,0.0011929237452301675
8315,0.0011915306809218149
8316,0.0011901392414692678
8317,0.0011887494306250799
8318,0.0011873612390078667
8319,0.0011859746703701821
8320,0.0011845897209594722
8321,0.0011832063870231833
8322,0.0011818246704375921
8323,0.0011804445674501449
8324,0.0011790660780608417
8325,0.0011776891947645749
8326,0.0011763139231901751
8327,0.0011749402539562579
8328,0.0011735681926916539
8329,0.0011721977300149786
8330,0.0011708288696787859
8331,0.0011694616079305218
8332,0.0011680959391413557
8333,0.0011667318708163952
8334,0.0011653693916979788
8335,0.0011640085036623835
8336,0.0011626492067096093
8337,0.0011612914952108253
8338,0.0011599353691660317
8339,0.0011585808266989515
8340,0.0011572278696858616
8341,0.0011558764906216543
8342,0.0011545266876300528
8343,0.001153178462587334
8344,0.0011518318117409441
8345,0.001150486733214606
8346,0.001149143225132043
8347,0.0011478012856169781
8348,0.0011464609146694114
8349,0.0011451221104130658
8350,0.0011437848672191107
8351,0.001142449185087546
8352,0.0011411150640183718
8353,0.0011397825021353112
8354,0.0011384514938095334
8355,0.0011371220409173153
8356,0.00113579414158238
8357,0.0011344677901758968
8358,0.0011331429885741426
8359,0.0011318197349008405
8360,0.0011304980254034367
8361,0.0011291778600819311
8362,0.0011278592370600469
8363,0.0011265421525852302
8364,0.0011252266047812041
8365,0.0011239125955242455
8366,0.0011226001210618006
8367,0.0011212891795175926
8368,0.0011199797690153444
8369,0.0011186718858025022
8370,0.0011173655298790661
8371,0.0011160607012450361
8372,0.0011147573980241352
8373,0.0011134556127112558
8374,0.0011121553490589518
8375,0.0011108566033146692
8376,0.001109559377354685
8377,0.0011082636617976147
8378,0.001106969462272289
8379,0.0011056767731498771
8380,0.0011043855925541022
8381,0.0011030959204849642
8382,0.0011018077550661862
8383,0.0011005210925452145
8384,0.0010992359366746027
8385,0.0010979522780729665
8386,0.0010966701204928595
8387,0.0010953894583054511
8388,0.0010941102896344643
8389,0.0010928326163561761
8390,0.0010915564365943096
8391,0.0010902817447200339
8392,0.0010890085426096261
8393,0.0010877368283868092
8394,0.0010864665982990294
8395,0.0010851978504700097
8396,0.0010839305848997503
8397,0.001082664801588251
8398,0.0010814004930304042
8399,0.0010801376629787638
8400,0.0010788763076807759
8401,0.0010776164252601637
8402,0.0010763580138406501
8403,0.0010751010715459584
8404,0.0010738455964998115
8405,0.0010725915887022095
8406,0.0010713390462768755
8407,0.0010700879654712556
8408,0.0010688383462853499
8409,0.0010675901849666045
8410,0.0010663434815150195
8411,0.0010650982340543178
8412,0.0010638544407082227
8413,0.0010626120996004571
8414,0.0010613712126072981
8415,0.001060131770347361
8416,0.0010588937784494765
8417,0.001057657231284814
8418,0.0010564221269770966
8419,0.0010551884655263242
8420,0.0010539562450562199
8421,0.0010527254618142299
8422,0.0010514961158003542
8423,0.0010502682088908697
8424,0.0010490417354569457
8425,0.0010478166917460283
8426,0.0010465930777581176
8427,0.0010453708972457674
8428,0.0010441501408275931
8429,0.0010429308103798716
8430,0.001041712904026326
8431,0.0010404964180144025
8432,0.001039281354220378
8433,0.0010380677107679757
8434,0.0010368554820283646
8435,0.0010356446698778219
8436,0.0010344352705637936
8437,0.0010332272859625569
8438,0.0010320207066927267
8439,0.0010308155421356879
8440,0.0010296117847863329
8441,0.0010284094327683846
8442,0.0010272084842055662
8443,0.0010260089390978777
8444,0.0010248107918164884
8445,0.0010236140479902289
8446,0.001022418694485161
8447,0.001021224742558946
8448,0.0010200321847064764
8449,0.0010188410152989213
8450,0.0010176512399651116
8451,0.0010164628549524934
8452,0.0010152758565085129
8453,0.0010140902427568932
8454,0.001012906017450188
8455,0.0010117231730832899
8456,0.0010105417077799217
8457,0.0010093616271689143
8458,0.0010081829237451601
8459,0.0010070055937561051
8460,0.0010058296372017494
8461,0.0010046550578346469
8462,0.0010034818481496899
8463,0.0010023100081468783
8464,0.0010011395359499353
8465,0.00099997043343513781
8466,0.00099880269684993195
8467,0.0009976363186892101
8468,0.00099647130645807991
8469,0.00099530765452771064
8470,0.00099414536102182538
8471,0.00099298442406414722
8472,0.00099182484365467616
8473,0.00099066661791713528
8474,0.00098950974309897077
8475,0.00098835421920018263
8476,0.00098720004622077084
8477,0.0009860472204081816
8478,0.0009848957417624149
8479,0.00098374560653091692
8480,0.00098259681471368765
8481,0.00098144936443445019
8482,0.00098030325569320453
8483,0.00097915848286111995
8484,0.00097801504781447335
8485,0.00097687294680071091
8486,0.00097573218169610943
8487,0.0009745927487481153
8488,0.0009734546442041746
8489,0.00097231787181684115
8490,0.0009711824240810073
8491,0.00097004830474922688
8492,0.00096891550819266914
8493,0.0009677840344113341
8494,0.00096665388152894483
8495,0.00096552504766922443
8496,0.0009643975347084498
8497,0.00096327133889406713
8498,0.0009621464564735226
8499,0.0009610228893230931
8500,0.000959900629937671
8501,0.00095877968582236395
8502,0.00095766004571951047
8503,0.00095654171713421821
8504,0.00095542469443765643
8505,0.00095430897575354823
8506,0.0009531945610818936
8507,0.00095208144479386181
8508,0.00095096962876572977
8509,0.00094985911112122057
8510,0.00094874989186033421
8511,0.00094764196723051686
8512,0.00094653533910804544
8513,0.00094542999811153539
8514,0.00094432595174609435
8515,0.00094322319250661469
8516,0.0009421217222693733
8517,0.00094102153915809328
8518,0.00093992264129649772
8519,0.00093882502117947897
8520,0.00093772868631214468
8521,0.00093663363106566411
8522,0.00093553985544003726
8523,0.00093444735568271031
8524,0.00093335613366996018
8525,0.00093226618564923303
8526,0.00093117751162052887
8527,0.00093009010783129387
8528,0.00092900397428152804
8529,0.00092791910721867754
8530,0.00092683551039529622
8531,0.00092575317630627641
8532,0.00092467210495161811
8533,0.00092359230008387516
8534,0.000922513752321663
8535,0.00092143646729381235
8536,0.00092036043749521557
8537,0.00091928566292587266
8538,0.00091821214733833745
8539,0.00091713988322750229
8540,0.00091606887246964408
8541,0.00091499911131220902
8542,0.000913930601631474
8543,0.00091286333779860829
8544,0.0009117973198136119
8545,0.00091073254580020791
8546,0.00090966901763467323
8547,0.00090860673344073095
8548,0.00090754568571327343
8549,0.00090648587445230067
8550,0.00090542730528664339
8551,0.00090436997071119396
8552,0.0009033138744785062
8553,0.00090225900908347245
8554,0.00090120537452609273
8555,0.00090015297268264394
8556,0.00089910179604801843
8557,0.00089805184837477004
8558,0.00089700312966289875
8559,0.00089595563240729692
8560,0.00089490935848424147
8561,0.00089386430789373239
8562,0.00089282047875949278
8563,0.0008917778673289688
8564,0.00089073646984960664
8565,0.00088969629382651394
8566,0.00088865732800202924
8567,0.00088761957800498326
8568,0.00088658304008282219
8569,0.0008855477123592691
8570,0.0008845135929580471
8571,0.00088348068000287927
8572,0.00088244897537004252
8573,0.00088141847718325994
8574,0.00088038918168997771
8575,0.000879361085137642
8576,0.00087833419127880663
8577,0.00087730849636091779
8578,0.00087628399850769856
8579,0.00087526069771914894
8580,0.00087423859211899202
8581,0.00087321767983095089
8582,0.00087219796085502555
8583,0.00087117943143866217
8584,0.00087016208970558384
8585,0.00086914593753206748
8586,0.00086813097304183618
8587,0.00086711719435861301
8588,0.00086610459772984416
8589,0.00086509318315552964
8590,0.00086408295063566942
8591,0.00086307389829398662
8592,0.00086206602425420431
8593,0.00086105932664004559
8594,0.00086005380545151045
8595,0.00085904945881232198
8596,0.00085804628296992636
8597,0.0008570442798006005
8598,0.00085604344555179057
8599,0.00085504378022349659
8600,0.00085404528381571854
8601,0.0008530479525759026
8602,0.00085205178650404878
8603,0.00085105678184760325
8604,0.00085006294048284292
8605,0.00084907026053349089
8606,0.0008480787363707164
8607,0.00084708837549962712
8608,0.00084609916853883849
8609,0.00084511111736462741
8610,0.00084412422010071697
8611,0.00084313847299455336
8612,0.00084215387792241348
8613,0.0008411704311317435
8614,0.00084018813637509726
8615,0.00083920698989992093
8616,0.00083822698607738378
8617,0.00083724812678376271
8618,0.00083627040639022699
8619,0.00083529383240188426
8620,0.00083431839918990381
8621,0.00083334410300173179
8622,0.00083237094758992203
8623,0.0008313989273256438
8624,0.00083042804033262019
8625,0.00082945829036340502
8626,0.00082848966991289064
8627,0.00082752218460990779
8628,0.00082655582694934882
8629,0.00082559059693121373
8630,0.00082462649455550252
8631,0.00082366351794593829
8632,0.00082270166522624411
8633,0.0008217409382726969
8634,0.00082078133333274284
8635,0.00081982284477755119
8636,0.00081886547823595268
8637,0.00081790922807911659
8638,0.00081695409618331982
8639,0.00081600007879600856
8640,0.00081504717591718279
8641,0.00081409538567056561
8642,0.00081314470617988011
8643,0.00081219513932140319
8644,0.00081124667759002722
8645,0.00081029932661458293
8646,0.00080935308076623958
8647,0.00080840794004499717
8648,0.0008074639044508557
8649,0.00080652096835498444
8650,0.00080557913550993721
8651,0.00080463840028688327
8652,0.00080369876456209955
8653,0.00080276022833558603
8654,0.00080182278597851198
8655,0.00080088643936715432
8656,0.0007999511828726823
8657,0.00079901702024764976
8658,0.00079808394961577978
8659,0.00079715196910079545
8660,0.00079622107682641985
8661,0.00079529127091637608
8662,0.00079436255137066414
8663,0.00079343491631300711
8664,0.00079250836386712809
8665,0.00079158289403302707
8666,0.00079065850493442713
8667,0.00078973519281877447
8668,0.00078881296331489981
8669,0.0007878918089176955
8670,0.00078697172962716156
8671,0.00078605272544329796
8672,0.00078513479448982782
8673,0.0007842179348904742
8674,0.00078330214664523712
8675,0.00078238742787783966
8676,0.000781473774835728
8677,0.00078056119314773287
8678,0.00077964967343246972
8679,0.00077873921944249236
8680,0.00077782982742524698
8681,0.0007769215011332874
8682,0.00077601423306150597
8683,0.00077510802320990269
8684,0.00077420287345475447
8685,0.00077329878191978441
8686,0.00077239574485243867
8687,0.00077149376037644035
8688,0.00077059283224434328
8689,0.0007696929548273167
8690,0.00076879412812536063
8691,0.00076789635026219816
8692,0.00076699962123782928
8693,0.00076610393729970017
8694,0.00076520930220036465
8695,0.00076431571031099199
8696,0.00076342316350785911
8697,0.00076253165991468908
8698,0.00076164119577892808
8699,0.00076075177110057613
8700,0.00075986338400335629
8701,0.00075897603636354549
8702,0.00075808972442858991
8703,0.00075720445007476645
8704,0.00075632020579696746
8705,0.00075543699722402369
8706,0.00075455481685082748
8707,0.00075367366842993267
8708,0.00075279354820878542
8709,0.00075191445618738573
8710,0.00075103639236573361
8711,0.00075015935111499832
8712,0.00074928333431145677
8713,0.00074840834383138588
8714,0.000747534372169678
8715,0.00074666142120261003
8716,0.00074578948905390508
8717,0.00074491857759984004
8718,0.00074404867933530728
8719,0.00074317980176541443
8720,0.00074231193550877695
8721,0.00074144508244167173
8722,0.00074057924444037571
8723,0.00073971441212350431
8724,0.00073885059487244209
8725,0.00073798778518208142
8726,0.00073712598305242228
8727,0.00073626518660718776
8728,0.00073540539584637788
8729,0.00073454661076999262
8730,0.00073368882574920125
8731,0.00073283204266028068
8732,0.00073197626150323092
8733,0.00073112148040177505
8734,0.00073026769560335925
8735,0.00072941490898426043
8736,0.00072856311866820167
8737,0.00072771232090262916
8738,0.00072686251756381981
8739,0.00072601370865177362
8740,0.00072516588853765984
8741,0.00072431906097403232
8742,0.0007234732203320603
8743,0.00072262836661174379
8744,0.00072178449981308279
8745,0.00072094161993607731
8746,0.00072009972322817351
8747,0.00071925881156564831
8748,0.00071841888119594788
8749,0.00071757993024279532
8750,0.00071674196058246753
8751,0.00071590496470985688
8752,0.0007150689520063479
8753,0.00071423391309055606
8754,0.00071339984983875826
8755,0.00071256676037467759
8756,0.00071173464469831405
8757,0.00071090350093339072
8758,0.0007100733272036307
8759,0.00070924412163275708
8760,0.00070841588609704676
8761,0.00070758861872022283
8762,0.00070676231387345456
8763,0.00070593697530929578
8764,0.00070511259927519266
8765,0.0007042891876474221
8766,0.00070346673854970721
8767,0.00070264525198204797
8768,0.00070182472043933675
8769,0.00070100514955040427
8770,0.0007001865318101429
8771,0.00069936887472366027
8772,0.00069855216703329493
8773,0.00069773641999670833
8774,0.00069692162047996209
8775,0.00069610777598816387
8776,0.00069529487901620602
8777,0.00069448293144036544
8778,0.00069367193513691905
8779,0.00069286188260075921
8780,0.00069205277570816282
8781,0.00069124461445912988
8782,0.00069043739697738349
8783,0.00068963112326292364
8784,0.00068882579143947343
8785,0.00068802139963075593
8786,0.00068721794783677115
8787,0.00068641543230496527
8788,0.0006856138549116152
8789,0.00068481321378044402
8790,0.00068401350703517483
8791,0.00068321473467580762
8792,0.0006824168967023424
8793,0.00068161998748594843
8794,0.00068082401077917954
8795,0.00068002896282948189
8796,0.00067923484176057858
8797,0.00067844165132502343
8798,0.00067764938214143189
8799,0.00067685804359118851
8800,0.00067606762441663182
8801,0.00067527813212286947
8802,0.00067448955920479381
8803,0.00067370190941495867
8804,0.00067291517900081022
8805,0.00067212936608607155
8806,0.00067134447067074266
8807,0.00067056049275482355
8808,0.0006697774285857604
8809,0.00066899528191610702
8810,0.0006682140471170327
8811,0.00066743372606481433
8812,0.000666654316883175
8813,0.00066587581394328399
8814,0.00066509822287397203
8815,0.00066432153804640837
8816,0.00066354576133686994
8817,0.0006627708889928029
8818,0.00066199692289048418
8819,0.00066122386115363685
8820,0.00066045170190598401
8821,0.00065968044514752567
8822,0.00065891008900198489
8823,0.00065814063159308478
8824,0.00065737207104454843
8825,0.00065660440923265273
8826,0.00065583764428112079
8827,0.00065507177431367569
8828,0.00065430679933031744
8829,0.00065354271745476911
8830,0.0006527795268107538
8831,0.00065201722739827151
8832,0.00065125582109359914
8833,0.00065049530039162906
8834,0.000649735670921192
8835,0.00064897692705345722
8836,0.00064821906878842473
8837,0.00064746209612609451
8838,0.00064670600719018967
8839,0.0006459508019807102
8840,0.00064519647862137919
8841,0.00064444303335964282
8842,0.0006436904699480549
8843,0.00064293878463406162
8844,0.00064218797929393989
8845,0.00064143804829885898
8846,0.0006406889954013727
8847,0.00063994081497265032
8848,0.00063919350888896876
8849,0.00063844707527405109
8850,0.00063770151412789733
8851,0.00063695682357423056
8852,0.00063621300548932769
8853,0.00063547005236808108
8854,0.00063472796796304454
8855,0.00063398674852166426
8856,0.00063324639779649406
8857,0.0006325069101587032
8858,0.00063176828373201477
8859,0.0006310305222689826
8860,0.00063029362201705286
8861,0.00062955758109994864
8862,0.00062882239951766994
8863,0.00062808807914649367
8864,0.0006273546143575891
8865,0.00062662200702723314
8866,0.00062589025527914888
8867,0.0006251593572370594
8868,0.0006244293110246878
8869,0.00062370011851831098
8870,0.00062297177784165203
8871,0.00062224428711843405
8872,0.00062151764822493394
8873,0.00062079185740859788
8874,0.00062006691466942588
8875,0.0006193428162548641
8876,0.00061861956404118945
8877,0.00061789715802840195
8878,0.00061717559634022468
8879,0.0006164548733478269
8880,0.00061573499468003934
8881,0.00061501595470803128
8882,0.00061429775530807962
8883,0.00061358039460390746
8884,0.00061286387259551478
8885,0.00061214818553034778
8886,0.00061143333340840645
8887,0.00061071931622969078
8888,0.0006100061358704777
8889,0.00060929378670193646
8890,0.0006085822743528978
8891,0.00060787158756570026
8892,0.00060716173196917456
8893,0.00060645270381076688
8894,0.00060574450684303105
8895,0.00060503713356085942
8896,0.00060433058771680581
8897,0.00060362486555831641
8898,0.00060291996896166811
8899,0.00060221589605058401
8900,0.00060151264307251029
8901,0.00060081021378000077
8902,0.00060010860442050163
8903,0.00059940781311773595
8904,0.00059870784174798064
8905,0.00059800868468240498
8906,0.00059731034567356278
8907,0.00059661282472145405
8908,0.00059591611432097114
8909,0.00059522021822466787
8910,0.00059452513830882115
8911,0.00059383086519204642
8912,0.00059313740450317443
8913,0.00059244475436592825
8914,0.00059175291290403098
8915,0.00059106188199375953
8916,0.00059037165788256008
8917,0.00058968223869415571
8918,0.0005889936225522695
8919,0.00058830581133317839
8920,0.00058761880503688235
8921,0.00058693260178710449
8922,0.00058624719783129098
8923,0.00058556259316944182
8924,0.000584878787801557
8925,0.00058419578172763653
8926,0.00058351357494768042
8927,0.00058283216370913482
8928,0.00058215154613572284
8929,0.00058147172410372139
8930,0.00058079269761313046
8931,0.00058011446291139624
8932,0.00057943702187479562
8933,0.0005787603707507748
8934,0.00057808450766305686
8935,0.00057740943824047253
8936,0.00057673515497791417
8937,0.00057606165787538177
8938,0.00057538895068542917
8939,0.00057471702590294871
8940,0.00057404588540421731
8941,0.00057337553106551187
8942,0.00057270595725800167
8943,0.00057203716585796361
8944,0.00057136915686539769
8945,0.00057070192840402701
8946,0.00057003547859757464
8947,0.00056936980556976369
8948,0.00056870490932059415
8949,0.00056804079360261983
8950,0.0005673774490344562
8951,0.00056671488124493397
8952,0.00056605308835777624
8953,0.00056539206662042918
8954,0.0005647318160328928
8955,0.000564072338471444
8956,0.00056341362643097515
8957,0.00056275568741659388
8958,0.00056209851579946946
8959,0.0005614421134558788
8960,0.00056078647663326809
8961,0.00056013160533163731
8962,0.00055947749955098647
8963,0.00055882415741503866
8964,0.00055817157704751697
8965,0.00055751975844842139
8966,0.00055686870161775193
8967,0.00055621840655550858
8968,0.00055556887138541444
8969,0.00055492009235491569
8970,0.00055427207134028922
8971,0.00055362480834153505
8972,0.00055297829960609935
8973,0.00055233254513398211
8974,0.00055168754680146026
8975,0.00055104330085597997
8976,0.00055039980542126432
8977,0.00054975706424986715
8978,0.00054911507358923462
8979,0.00054847382968681291
8980,0.00054783333629515585
8981,0.00054719359341426344
8982,0.00054655459353902802
8983,0.00054591634417455726
8984,0.00054527883593946658
8985,0.00054464207633886364
8986,0.00054400605786764078
8987,0.00054337078052579802
8988,0.00054273624806588916
8989,0.0005421024567353604
8990,0.00054146940090538098
8991,0.00054083708808105857
8992,0.00054020551450983934
8993,0.00053957467456289254
8994,0.00053894457199277202
8995,0.00053831520867575467
8996,0.00053768657898300976
8997,0.0005370586847908142
8998,0.00053643152234661418
8999,0.00053580508977413277
9000,0.00053517939082592381
9001,0.00053455442362571038
9002,0.00053393018629721556
9003,0.00053330667508788554
9004,0.00053268389375027414
9005,0.00053206184040810445
9006,0.00053144051130882264
9007,0.00053081991020498254
9008,0.00053020003334403032
9009,0.00052958088072596599
9010,0.00052896244859823572
9011,0.00052834474446594715
9012,0.00052772775707143882
9013,0.00052711149016726455
9014,0.00052649594187714744
9015,0.00052588111407736438
9016,0.00052526700489163847
9017,0.0005246536124436928
9018,0.00052404093298097354
9019,0.00052342897400858835
9020,0.00052281772802142956
9021,0.0005222071950194972
9022,0.00052159737500279124
9023,0.00052098826797131171
9024,0.00052037987392505858
9025,0.00051977218723520114
9026,0.00051916520977801628
9027,0.00051855894342978093
9028,0.00051795338443794126
9029,0.00051734853280249727
9030,0.00051674438664717215
9031,0.00051614094597196569
9032,0.000515538210776878
9033,0.00051493617918563217
9034,0.00051433484932195128
9035,0.00051373422306211225
9036,0.00051313429852983816
9037,0.00051253507384885211
9038,0.000511936550895431
9039,0.00051133872591702101
9040,0.00051074159703734523
9041,0.00051014516613268057
9042,0.00050954942945047321
9043,0.00050895439074327697
9044,0.00050836004625853803
9045,0.00050776639974881022
9046,0.00050717344370898587
9047,0.00050658118001534191
9048,0.00050598961054415525
9049,0.00050539872966659516
9050,0.00050480853738266163
9051,0.00050421903556863157
9052,0.00050363022047195116
9053,0.00050304209584517423
9054,0.00050245465605947004
9055,0.00050186790486739241
9056,0.00050128183851638752
9057,0.00050069645513017846
9058,0.00050011175470876523
9059,0.00049952773912842474
9060,0.00049894440463660317
9061,0.00049836175123330051
9062,0.00049777977704223986
9063,0.00049719848206342121
9064,0.00049661786817312148
9065,0.00049603792786623302
9066,0.00049545867052414039
9067,0.00049488008488918211
9068,0.00049430218034274276
9069,0.00049372494750343776
9070,0.00049314838824754403
9071,0.00049257250069878467
9072,0.00049199728860971348
9073,0.00049142274635149974
9074,0.00049084887767669727
9075,0.00049027567695647534
9076,0.00048970314606711085
9077,0.00048913128688488072
9078,0.0004885600900284004
9079,0.00048798956487905437
9080,0.00048741970393173512
9081,0.00048685050906271948
9082,0.00048628197464317674
9083,0.00048571410817821453
9084,0.00048514690403900213
9085,0.00048458036222553952
9086,0.00048401448273782671
9087,0.0004834492636995868
9088,0.00048288470511081977
9089,0.00048232080321897181
9090,0.00048175756365287365
9091,0.00048119497890741764
9092,0.0004806330508588807
9093,0.00048007178138353973
9094,0.00047951116672884092
9095,0.00047895120501850735
9096,0.00047839190000509285
9097,0.00047783324605976668
9098,0.00047727524505880575
9099,0.00047671789700221007
9100,0.00047616120001370271
9101,0.00047560515034072987
9102,0.00047504975361212226
9103,0.00047449500232277225
9104,0.00047394089834895675
9105,0.00047338744544322958
9106,0.00047283463797676001
9107,0.00047228247219699421
9108,0.00047173095373276292
9109,0.0004711800769552354
9110,0.00047062984374068856
9111,0.00047008025596539932
9112,0.00046953130987681385
9113,0.00046898300547493216
9114,0.00046843533900720041
9115,0.00046788831234989553
9116,0.00046734192737929442
9117,0.00046679617846656635
9118,0.0004662510637354344
9119,0.00046570659069100623
9120,0.00046516274995189727
9121,0.00046461954339438444
9122,0.00046407697289474465
9123,0.00046353503657670098
9124,0.00046299373256397652
9125,0.00046245306085657129
9126,0.00046191301957820835
9127,0.00046137360872888772
9128,0.00046083482830860939
9129,0.00046029667831737337
9130,0.00045975915500262582
9131,0.00045922226211692058
9132,0.0004586859940314269
9133,0.00045815035262242171
9134,0.000457615337889905
9135,0.00045708094608132294
9136,0.00045654717907295245
9137,0.00045601403686479353
9138,0.00045548151570429235
9139,0.00045494961746772583
9140,0.00045441834027881706
9141,0.00045388768226128912
9142,0.00045335764529141892
9143,0.00045282822561665265
9144,0.00045229942511326721
9145,0.00045177124190498569
9146,0.00045124367599180809
9147,0.00045071672549745751
9148,0.00045019038854565702
9149,0.00044966467076523736
9150,0.00044913956277481398
9151,0.0004486150683269407
9152,0.00044809118929789443
9153,0.00044756792005884444
9154,0.00044704526060979072
9155,0.00044652321657956401
9156,0.00044600177671050284
9157,0.00044548094850771486
9158,0.00044496072821864624
9159,0.00044444111584329699
9160,0.00044392210762911327
9161,0.00044340370732864892
9162,0.00044288591494190394
9163,0.00044236872484004758
9164,0.00044185213889935676
9165,0.00044133615336727766
9166,0.00044082077387264102
9167,0.00044030599291033917
9168,0.00043979181798547978
9169,0.0004392782415929552
9170,0.00043876526373276542
9171,0.00043825288628118736
9172,0.00043774110360939028
9173,0.00043722992322248183
9174,0.00043671933761535437
9175,0.00043620934866428479
9176,0.00043569995636927311
9177,0.0004351911569777655
9178,0.00043468295424231579
9179,0.00043417534253409324
9180,0.00043366832560565166
9181,0.00043316189970443725
9182,0.00043265606295417308
9183,0.00043215081910741299
9184,0.00043164616441160314
9185,0.00043114209886674354
9186,0.00043063862247283419
9187,0.00043013573335359817
9188,0.00042963343526158932
9189,0.00042913172069169997
9190,0.00042863059152020705
9191,0.00042813004774711055
9192,0.00042763008937241048
9193,0.00042713071264355301
9194,0.00042663191943681506
9195,0.00042613371162847352
9196,0.00042563608358969768
9197,0.00042513903719676444
9198,0.00042464257057339688
9199,0.00042414668559587193
9200,0.00042365137851163576
9201,0.00042315665119696527
9202,0.00042266249989930666
9203,0.0004221689246186599
9204,0.00042167592723130193
9205,0.00042118350586095582
9206,0.00042069165863134467
9207,0.00042020038741874538
9208,0.00041970968659432723
9209,0.00041921955991064403
9210,0.00041873000924397269
9211,0.00041824102708920558
9212,0.00041775261532261959
9213,0.00041726477582049165
9214,0.00041677750483026793
9215,0.00041629080422822534
9216,0.00041580467026181006
9217,0.000415319104807299
9218,0.00041483410598841525
9219,0.00041434967192888189
9220,0.00041386580638125276
9221,0.00041338250559297402
9222,0.00041289976581149185
9223,0.00041241759266563699
9224,0.00041193598427913253
9225,0.00041145493689942464
9226,0.00041097445240279024
9227,0.0004104945270366755
9228,0.00041001516267735733
9229,0.00040953635557228191
9230,0.00040905811135027998
9231,0.0004085804262587977
9232,0.00040810329654528127
9233,0.00040762672408600759
9234,0.00040715070888097665
9235,0.00040667524905391156
9236,0.0004062003446048123
9237,0.00040572599553367889
9238,0.00040525219808795748
9239,0.00040477895602020192
9240,0.00040430626745413528
9241,0.00040383412863720375
9242,0.00040336254144568423
9243,0.00040289150587957673
9244,0.00040242102006260433
9245,0.00040195108024221321
9246,0.00040148169579978793
9247,0.00040101285547766702
9248,0.0004005445630284043
9249,0.00040007681845199977
9250,0.00039960961799589961
9251,0.00039914296541265765
9252,0.00039867685882599696
9253,0.00039821129260708682
9254,0.00039774627238475796
9255,0.00039728179253017965
9256,0.00039681786054845952
9257,0.00039635446518193612
9258,0.00039589161393571709
9259,0.00039542930305724861
9260,0.00039496753254653067
9261,0.00039450629865100945
9262,0.00039404560512323877
9263,0.00039358544821066482
9264,0.00039312582978956451
9265,0.00039266674985993783
9266,0.00039220820091667713
9267,0.00039175019421744389
9268,0.00039129271850457664
9269,0.0003908357775306292
9270,0.00039037936754304775
9271,0.00038992349604693993
9272,0.00038946814990836737
9273,0.00038901334038499153
9274,0.00038855905997170476
9275,0.0003881053142973378
9276,0.0003876520939805061
9277,0.00038719940089748656
9278,0.00038674724067710992
9279,0.00038629560769054544
9280,0.00038584450569034695
9281,0.00038539392529512989
9282,0.000384943872133725
9283,0.00038449434432985535
9284,0.00038404534188352096
9285,0.00038359686479472183
9286,0.00038314891118718103
9287,0.00038270148106089858
9288,0.00038225457066332064
9289,0.00038180818374700104
9290,0.00038136232031193979
9291,0.00038091697472930614
9292,0.00038047215075165392
9293,0.00038002784650270621
9294,0.00037958406010618612
9295,0.00037914079156209363
9296,0.00037869803899415183
9297,0.00037825580803119147
9298,0.00037781409116810488
9299,0.00037737289028116899
9300,0.0003769322053703838
9301,0.00037649203268319548
9302,0.00037605237597215785
9303,0.00037561323148471709
9304,0.00037517460109715012
9305,0.00037473648293318002
9306,0.00037429887699280679
9307,0.00037386178139975351
9308,0.00037342519427774329
9309,0.00037298911750305303
9310,0.00037255354919940581
9311,0.00037211849124307855
9312,0.00037168394363407126
9313,0.00037124989886727627
9314,0.00037081636444780125
9315,0.00037038333474681545
9316,0.00036995080976431888
9317,0.00036951879325286535
9318,0.00036908727770734723
9319,0.00036865626875659524
9320,0.00036822576077177866
9321,0.00036779575562917438
9322,0.00036736625332878242
9323,0.00036693725387060278
9324,0.00036650875350208162
9325,0.00036608075409949587
9326,0.00036565325566284551
9327,0.00036522625443957674
9328,0.00036479975230596645
9329,0.00036437374926201466
9330,0.00036394824530772135
9331,0.00036352323293797889
9332,0.00036309872153417183
9333,0.00036267470546746944
9334,0.00036225118473787171
9335,0.00036182815746910174
9336,0.00036140562366115953
9337,0.00036098358331404507
9338,0.00036056203830403527
9339,0.00036014098487857632
9340,0.0003597204211613913
9341,0.00035930034902875713
9342,0.00035888076660439688
9343,0.00035846167576458749
9344,0.00035804307463305202
9345,0.00035762496133351357
9346,0.00035720733774224905
9347,0.00035679020010670465
9348,0.00035637354842688035
9349,0.00035595738457905307
9350,0.0003555417066869459
9351,0.00035512651287428193
9352,0.00035471180689361498
9353,0.00035429758686866814
9354,0.00035388384529433376
9355,0.00035347059155199639
9356,0.0003530578162602715
9357,0.00035264552317171288
9358,0.00035223371416259747
9359,0.00035182238360409451
9360,0.00035141153524875785
9361,0.00035100116722031055
9362,0.00035059127576619881
9363,0.00035018186651525335
9364,0.00034977293196236653
9365,0.00034936447773636908
9366,0.00034895650008470719
9367,0.00034854899525482702
9368,0.00034814196887555932
9369,0.00034773541719435025
9370,0.00034732934396375365
9371,0.00034692374167866186
9372,0.00034651861409162871
9373,0.00034611395745010037
9374,0.00034570977738290759
9375,0.00034530606638494271
9376,0.00034490282820875956
9377,0.00034450005910180431
9378,0.00034409776094035388
9379,0.00034369593372440827
9380,0.00034329457182513673
9381,0.00034289368462392383
9382,0.00034249326273938502
9383,0.0003420933080477972
9384,0.00034169382054916037
9385,0.00034129480024347453
9386,0.00034089624525446277
9387,0.0003404981555821251
9388,0.0003401005312264615
9389,0.00033970337218747199
9390,0.00033930667471260273
9391,0.00033891044067813064
9392,0.00033851467008405573
9393,0.00033811936480665489
9394,0.00033772451734082049
9395,0.00033733012956282943
9396,0.00033693620522523554
9397,0.000336542740575485
9398,0.00033614973373730089
9399,0.00033575718658696013
9400,0.00033536509724818581
9401,0.00033497346572097792
9402,0.00033458229200533646
9403,0.00033419157610126144
9404,0.00033380131800875285
9405,0.00033341151397525687
9406,0.00033302216587705041
9407,0.00033263327183785657
9408,0.00033224482998139843
9409,0.00033185684218395289
9410,0.00033146930844551997
9411,0.00033108222876609966
9412,0.00033069559939313814
9413,0.00033030942032663541
9414,0.00032992369531914528
9415,0.00032953841686556013
9416,0.00032915359247098758
9417,0.00032876921463032
9418,0.00032838528897238811
9419,0.0003280018098683612
9420,0.00032761877544196233
9421,0.00032723619132202225
9422,0.00032685405563226405
9423,0.00032647236274385699
9424,0.00032609111828563181
9425,0.00032571031662875777
9426,0.00032532996152578869
9427,0.00032495004922417076
9428,0.00032457058160018088
9429,0.00032419155677754213
9430,0.00032381297475625454
9431,0.00032343483553631808
9432,0.00032305713724145585
9433,0.00032267987799539094
9434,0.00032230306155067717
9435,0.00032192668415476072
9436,0.00032155074580764159
9437,0.0003211752502618736
9438,0.00032080019001234911
9439,0.00032042556693534502
9440,0.00032005138290713825
9441,0.00031967763605145189
9442,0.00031930432449200902
9443,0.00031893145010508656
9444,0.00031855901101440759
9445,0.00031818700534369521
9446,0.00031781543496922632
9447,0.00031744429801472401
9448,0.00031707359448018829
9449,0.00031670332436561916
9450,0.0003163334876710166
9451,0.00031596408252010372
9452,0.00031559510891288051
9453,0.00031522656497307006
9454,0.00031485845257694928
9455,0.00031449076797196435
9456,0.00031412351303439218
9457,0.00031375668964050968
9458,0.00031339029216148612
9459,0.00031302432434987532
9460,0.00031265878432940036
9461,0.00031229366834750744
9462,0.00031192898015675036
9463,0.00031156471788085222
9464,0.00031120088339608992
9465,0.00031083747107363274
9466,0.00031047448091348068
9467,0.00031011191854446446
9468,0.00030974977833775336
9469,0.00030938805841707046
9470,0.00030902676441124649
9471,0.00030866589256772764
9472,0.00030830544101023699
9473,0.00030794540786249763
9474,0.00030758579687706339
9475,0.00030722660617765735
9476,0.00030686783764055642
9477,0.00030650948563692987
9478,0.00030615155391933152
9479,0.00030579403685893064
9480,0.00030543694008455796
9481,0.00030508025796738275
9482,0.00030472399425995883
9483,0.00030436814520973238
9484,0.00030401271081670339
9485,0.0003036576948334257
9486,0.00030330309163106856
9487,0.00030294890308590888
9488,0.00030259512544539286
9489,0.00030224176433835121
9490,0.00030188881601223011
9491,0.00030153627859075266
9492,0.00030118415019764194
9493,0.0003008324383380056
9494,0.00030048113175418217
9495,0.00030013023982755621
9496,0.00029977975505302007
9497,0.00029942968118312757
9498,0.0002990800144653249
9499,0.00029873075677588895
9500,0.00029838190811481974
9501,0.00029803346472956344
9502,0.00029768542849639695
9503,0.00029733779941532029
9504,0.00029699057561005654
9505,0.0002966437570806057
9506,0.00029629734570324468
9507,0.00029595133584914274
9508,0.00029560573314713062
9509,0.00029526053196837759
9510,0.00029491573418916056
9511,0.00029457133980947953
9512,0.00029422734695305758
9513,0.00029388375561989472
9514,0.00029354056580999094
9515,0.00029319777752334625
9516,0.00029285538888368373
9517,0.00029251339989100339
9518,0.00029217181242158213
9519,0.00029183062084658923
9520,0.0002914898289185785
9521,0.00029114943476127303
9522,0.00029080943837467283
9523,0.00029046983975877788
9524,0.00029013063516103438
9525,0.00028979182833399614
9526,0.00028945341927766316
9527,0.00028911540236320471
9528,0.00028877778134317461
9529,0.00028844055246501904
9530,0.00028810371948129182
9531,0.00028776728239199295
9532,0.00028743123369201479
9533,0.00028709557901018806
9534,0.00028676031647023587
9535,0.0002864254460721582
9536,0.00028609096593967814
9537,0.00028575687607279571
9538,0.0002854231783477878
9539,0.00028508986713582368
9540,0.0002847569480657341
9541,0.0002844244155086883
9542,0.00028409227321724012
9543,0.00028376051743883574
9544,0.00028342915004975206
9545,0.00028309816917371217
9546,0.00028276757481071607
9547,0.00028243736696076377
9548,0.00028210754374757835
9549,0.00028177810704743672
9550,0.00028144905498406198
9551,0.0002811203856811772
9552,0.00028079209913878239
9553,0.00028046419910943138
9554,0.00028013667996429342
9555,0.00027980954357964544
9556,0.00027948278995548742
9557,0.00027915641721554246
9558,0.00027883042348353365
9559,0.00027850481438829172
9560,0.00027817958430098594
9561,0.0002778547332216163
9562,0.00027753026115018281
9563,0.00027720616996296238
9564,0.00027688245403112427
9565,0.00027655911898349922
9566,0.00027623616294381032
9567,0.00027591358028322682
9568,0.00027559137663057948
9569,0.00027526954635703754
9570,0.00027494809509143176
9571,0.00027462701720493138
9572,0.00027430631645009024
9573,0.00027398598907435451
9574,0.00027366603507772419
9575,0.0002733464563364762
9576,0.0002730272490980567
9577,0.00027270841523874262
9578,0.00027238995475853395
9579,0.00027207186015232304
9580,0.0002717541464303252
9581,0.0002714367967060482
9582,0.00027111982223715353
9583,0.00027080321551853354
9584,0.00027048697842646513
9585,0.00027017111096094831
9586,0.00026985561124570617
9587,0.00026954048115701562
9588,0.00026922572069487666
9589,0.00026891132423045855
9590,0.00026859729739259203
9591,0.00026828363642872327
9592,0.00026797034133885228
9593,0.00026765741399925597
9594,0.00026734485065738051
9595,0.00026703265318950281
9596,0.00026672081971934597
9597,0.00026640935024690998
9598,0.00026609824477219485
9599,0.00026578750141892366
9600,0.00026547712206337332
9601,0.00026516710482926692
9602,0.00026485744971660447
9603,0.00026454815672538595
9604,0.00026423922210305756
9605,0.00026393065335472693
9606,0.00026362244297528642
9607,0.00026331458908845912
9608,0.00026300710107562958
9609,0.00026269996955541325
9610,0.00026239319452781013
9611,0.00026208677786909712
9612,0.00026178071770299732
9613,0.00026147501965834147
9614,0.00026116967810629882
9615,0.00026086468929431556
9616,0.0002605600569749455
9617,0.00026025578302446556
9618,0.00025995186369032192
9619,0.00025964829897251457
9620,0.00025934508887104352
9621,0.00025904223338590876
9622,0.00025873973064083339
9623,0.00025843758063581745
9624,0.00025813578149458394
9625,0.00025783433884596363
9626,0.0002575332489374027
9627,0.00025723250989262425
9628,0.00025693211983535136
9629,0.00025663207876558403
9630,0.00025633239043587608
9631,0.00025603305109367369
9632,0.00025573406449153069
9633,0.00025543542500061633
9634,0.00025513713637348445
9635,0.00025483919485758122
9636,0.00025454159857662972
9637,0.00025424435128318379
9638,0.0002539474511009665
9639,0.00025365089615370096
9640,0.00025335469207021788
9641,0.00025305883134540963
9642,0.00025276331585555312
9643,0.00025246814560064834
9644,0.0002521733205806953
9645,0.00025187883891941709
9646,0.00025158470249309062
9647,0.00025129090754916206
9648,0.00025099745596390832
9649,0.00025070434961360633
9650,0.00025041158474570224
9651,0.00025011915760764225
9652,0.000249827075704534
9653,0.00024953533528382366
9654,0.00024924393446923432
9655,0.00024895287326076598
9656,0.00024866215353469556
9657,0.00024837177153846923
9658,0.00024808172914836391
9659,0.00024779202824065649
9660,0.00024750266318651626
9661,0.00024721363773849703
9662,0.00024692495002032189
9663,0.00024663659627943701
9664,0.00024634858026839623
9665,0.00024606090011092263
9666,0.00024577355580701621
9667,0.00024548654735667697
9668,0.0002451998747599049
9669,0.0002449135361404231
9670,0.00024462753149823158
9671,0.00024434186458588414
9672,0.00024405652977455003
9673,0.00024377152518795239
9674,0.00024348685457864502
9675,0.00024320251794662792
9676,0.00024291851341562418
9677,0.00024263483910935688
9678,0.00024235149502782602
9679,0.00024206848492358543
9680,0.00024178580504408129
9681,0.00024150345163675976
9682,0.00024122143220672851
9683,0.00024093973924887988
9684,0.0002406583783920446
9685,0.00024037734213111503
9686,0.00024009663421864499
9687,0.00023981625840718832
9688,0.00023953620531536043
9689,0.000239256482448269
9690,0.00023897708605336018
9691,0.00023869801237808017
9692,0.00023841926892753659
9693,0.00023814085194917564
9694,0.00023786275393788967
9695,0.00023758498615134013
9696,0.00023730753920814249
9697,0.00023703041873712746
9698,0.00023675361910946433
9699,0.00023647714595398381
9700,0.00023620099551813209
9701,0.00023592516592563226
9702,0.00023564965905276122
9703,0.00023537447489951899
9704,0.00023509960971335173
9705,0.00023482506537053635
9706,0.00023455084374734977
9707,0.00023427694109123817
9708,0.00023400335740220155
9709,0.00023373009643279372
9710,0.00023345715067790704
9711,0.00023318452764264916
9712,0.00023291221982191243
9713,0.00023264023096825068
9714,0.0002323685610816639
9715,0.00023209720640959827
9716,0.00023182617070460762
9717,0.00023155545021413812
9718,0.00023128504493818977
9719,0.00023101495675303949
9720,0.00023074518378241035
9721,0.00023047572602630237
9722,0.00023020658348471554
9723,0.00022993775428137295
9724,0.0002296692384162746
9725,0.0002294010377656974
9726,0.00022913314670081061
9727,0.00022886557460299881
9728,0.0002285983102146005
9729,0.00022833136104072335
9730,0.00022806471957625971
9731,0.0002277983914500403
9732,0.00022753237666206513
9733,0.00022726666770722656
9734,0.00022700127209063223
9735,0.00022673618605972831
9736,0.00022647140961451481
9737,0.00022620694275499173
9738,0.00022594278548115906
9739,0.0002256789359167399
9740,0.00022541539218545734
9741,0.0002251521599161421
9742,0.00022488923347996345
9743,0.0002246266128769214
9744,0.00022436430185956977
9745,0.00022410229479907781
9746,0.00022384059357172245
9747,0.00022357919817750369
9748,0.00022331810861642151
9749,0.00022305732488847593
9750,0.00022279684324111312
9751,0.00022253666930316382
9752,0.00022227679556952038
9753,0.00022201722579273661
9754,0.00022175795997281253
9755,0.00022149899810974813
9756,0.00022124033645098959
9757,0.00022098197687281382
9758,0.00022072392125149773
9759,0.0002204661658344875
9760,0.00022020871062178313
9761,0.00021995155561338461
9762,0.00021969470456184578
9763,0.00021943814996205899
9764,0.00021918189744285496
9765,0.00021892594325167988
9766,0.00021867028738853375
9767,0.00021841492985341657
9768,0.00021815987064632833
9769,0.00021790511164354595
9770,0.0002176506472162387
9771,0.00021739648111696039
9772,0.00021714261146943412
9773,0.00021688903827365988
9774,0.00021663575965336077
9775,0.0002163827793610906
9776,0.00021613009364429556
9777,0.00021587770062669873
9778,0.00021562560593713084
9779,0.00021537380582303808
9780,0.00021512229465558971
9781,0.00021487107993989338
9782,0.00021462015979967217
9783,0.00021436953235864917
9784,0.00021411919761682438
9785,0.00021386915745047472
9786,0.00021361940623076944
9787,0.00021336994395770856
9788,0.00021312077813639971
9789,0.00021287190126173525
9790,0.000212623317086269
9791,0.00021237502185744714
9792,0.00021212701557526967
9793,0.00021187929636345967
9794,0.00021163186797457098
9795,0.00021138473040860359
9796,0.00021113787991300367
9797,0.00021089131836404815
9798,0.00021064504576173701
9799,0.00021039906210607026
9800,0.00021015336364449408
9801,0.00020990795225328537
9802,0.00020966282605616723
9803,0.00020941798880569348
9804,0.00020917343487303339
9805,0.00020892916801074077
9806,0.0002086851844662618
9807,0.00020844148799215032
9808,0.00020819807671212939
9809,0.00020795494874992213
9810,0.00020771210410552851
9811,0.00020746954465522546
9812,0.00020722726664645916
9813,0.00020698527195550651
9814,0.00020674356058236751
9815,0.00020650212877448834
9816,0.00020626098216069974
9817,0.00020602011698844788
9818,0.00020577953138145586
9819,0.00020553922721600057
9820,0.00020529920449208203
9821,0.00020505946320970023
9822,0.00020481999961630135
9823,0.00020458081371188538
9824,0.00020434191112528308
9825,0.00020410328622766369
9826,0.00020386493901902722
9827,0.00020362687137565058
9828,0.00020338908517381069
9829,0.00020315157103212297
9830,0.00020291433457941818
9831,0.00020267737581569631
9832,0.00020244069661723427
9833,0.00020220429135520132
9834,0.00020196816190587438
9835,0.00020173230826925345
9836,0.00020149673044533853
9837,0.00020126142843412961
9838,0.00020102640223562671
9839,0.00020079164622099907
9840,0.00020055716977163127
9841,0.00020032296350613874
9842,0.00020008903305335221
9843,0.00019985537466071787
9844,0.00019962198832823572
9845,0.00019938887405590575
9846,0.00019915603372000487
9847,0.00019892346356797927
9848,0.00019869116735238276
9849,0.00019845914132066153
9850,0.00019822738359653866
9851,0.0001979959016851218
9852,0.00019776468620502638
9853,0.00019753374278508315
9854,0.00019730306954901519
9855,0.00019707266274426868
9856,0.00019684252799967436
9857,0.00019661265968640149
9858,0.0001963830634332808
9859,0.00019615372985892773
9860,0.00019592466834472686
9861,0.00019569587138557051
9862,0.00019546734273401253
9863,0.00019523908239005292
9864,0.00019501108660113783
9865,0.00019478335911982112
9866,0.00019455589619354893
9867,0.0001943286996985982
9868,0.0001941017658824151
9869,0.00019387510037383035
9870,0.00019364869754401323
9871,0.00019342255926924065
9872,0.00019319668554951261
9873,0.00019297107826110602
9874,0.00019274572989891323
9875,0.00019252064609176497
9876,0.00019229582496338435
9877,0.00019207126651377135
9878,0.00019184697074292598
9879,0.00019162293765084823
9880,0.00019139916723753811
9881,0.00019117565387416488
9882,0.00019095240506583619
9883,0.0001907294151837213
9884,0.00019050668798037404
9885,0.00019028421970324058
9886,0.00019006201035232093
9887,0.00018984006180389199
9888,0.00018961837218167685
9889,0.00018939694336195243
9890,0.00018917576971588798
9891,0.00018895485311976043
9892,0.00018873419732612359
9893,0.00018851379858242365
9894,0.00018829365688866059
9895,0.00018807377036855752
9896,0.00018785414465094516
9897,0.00018763477410699278
9898,0.00018741565873670038
9899,0.00018719680041634487
9900,0.00018697819726964934
9901,0.0001867598492966138
9902,0.00018654175837351514
9903,0.00018632391699524573
9904,0.00018610633266691321
9905,0.00018588900351224066
9906,0.00018567192577867428
9907,0.00018545510321876788
9908,0.00018523853207996763
9909,0.00018502221611482736
9910,0.00018480615157079325
9911,0.00018459034032414221
9912,0.00018437478237487423
9913,0.0001841594739704355
9914,0.00018394441698710293
9915,0.0001837296095485996
9916,0.00018351505728375625
9917,0.00018330075268746524
9918,0.00018308669951228038
9919,0.00018287289588192476
9920,0.0001826593417963984
9921,0.00018244603725570127
9922,0.00018223298038355648
9923,0.00018202017680879476
9924,0.00018180761527375464
9925,0.00018159530703609758
9926,0.00018138324271443904
9927,0.00018117143169016356
9928,0.00018095986270560968
9929,0.00018074854138960814
9930,0.00018053746961843584
9931,0.00018032664363953896
9932,0.00018011606157664059
9933,0.00017990572718229456
9934,0.00017969563858022394
9935,0.00017948579577042875
9936,0.00017927619687663207
9937,0.00017906684377511081
9938,0.00017885773271331115
9939,0.00017864886556751
9940,0.00017844024609026118
9941,0.00017823186677645705
9942,0.00017802373137865143
9943,0.00017781583989684432
9944,0.00017760819233103573
9945,0.00017740078868122564
9946,0.00017719362331858332
9947,0.00017698670187193952
9948,0.0001767800205887404
9949,0.00017657358322153979
9950,0.00017636738601778387
9951,0.00017616142897747264
9952,0.00017595571397688301
9953,0.00017575023538718423
9954,0.00017554499696093015
9955,0.00017534000432695149
9956,0.00017513524435130987
9957,0.00017493072641538984
9958,0.00017472644676663759
9959,0.00017452240540505312
9960,0.00017431860233063642
9961,0.00017411503941966441
9962,0.00017391171104330636
9963,0.00017370862095411607
9964,0.00017350576915209356
9965,0.00017330315376096192
9966,0.00017310077478072114
9967,0.00017289863221137122
9968,0.00017269672605291217
9969,0.00017249505442906707
9970,0.00017229362109238974
9971,0.00017209242041404946
9972,0.00017189145614660004
9973,0.00017169072641376457
9974,0.00017149023121554305
9975,0.00017128996867565857
9976,0.00017108994067038805
9977,0.00017089014532345456
9978,0.00017069058451113503
9979,0.00017049125635715254
9980,0.00017029216086150709
9981,0.00017009329990047559
9982,0.00016989467159778113
9983,0.00016969627032459297
9984,0.00016949810170974186
9985,0.00016930016950578161
9986,0.00016910246245505076
9987,0.00016890499181521076
9988,0.00016870774632860017
9989,0.00016851073537660352
9990,0.00016831395333039009
9991,0.00016811740206623679
9992,0.0001679210778315898
9993,0.00016772498437900293
9994,0.00016752911795592237
9995,0.00016733348419117886
9996,0.00016713807745594164
9997,0.00016694289775021073
9998,0.00016674794695026304
9999,0.00016655322130354475
10000,0.00016635872456260967
10001,0.00016616445672745781
10002,0.00016597041216925843
10003,0.00016577659651684226
10004,0.00016558300789393241
10005,0.00016538964630052885
10006,0.0001651965098603547
10007,0.00016500359669713302
10008,0.00016481091056341765
10009,0.00016461844770665476
10010,0.00016442621000312127
10011,0.00016423419745281717
10012,0.00016404241005574247
10013,0.00016385084405934333
10014,0.0001636595050924505
10015,0.00016346838752623324
10016,0.00016327749323696847
10017,0.00016308682222465618
10018,0.00016289637261301945
10019,0.00016270614627833521
10020,0.00016251614509688037
10021,0.00016232636156354727
10022,0.00016213680130716665
10023,0.00016194746432773852
10024,0.00016175834687270904
10025,0.00016156944894207823
10026,0.00016138077428839989
10027,0.00016119231915912022
10028,0.00016100408167796229
10029,0.00016081606559747994
10030,0.00016062826716511933
10031,0.00016044069013343429
10032,0.00016025333262614791
10033,0.00016006619276698328
10034,0.0001598792705559404
10035,0.00015969256599301926
10036,0.00015950608283077369
10037,0.00015931981544037296
10038,0.00015913376757437089
10039,0.00015894793360393675
10040,0.00015876231915790126
10041,0.00015857692235998752
10042,0.00015839173945764171
10043,0.00015820677607969455
10044,0.00015802202659731532
10045,0.00015783749288678092
10046,0.00015765317494809136
10047,0.00015746907090496973
10048,0.00015728518263369293
10049,0.00015710151013426096
10050,0.0001569180477778431
10051,0.00015673480306954699
10052,0.00015655177225681879
10053,0.00015636895721593544
10054,0.00015618635231806619
10055,0.00015600396131576486
10056,0.00015582178420903145
10057,0.00015563982099786597
10058,0.00015545806792971459
10059,0.00015527652688085422
10060,0.00015509519972756178
10061,0.00015491408271728344
10062,0.00015473317960257302
10063,0.00015455248475459979
10064,0.00015437200380219449
10065,0.00015419173111652637
10066,0.00015401167232642618
10067,0.00015383182180306318
10068,0.00015365217954643737
10069,0.00015347274930910257
10070,0.00015329352733850496
10071,0.00015311451551092145
10072,0.00015293571195007513
10073,0.00015275711853224291
10074,0.00015257873150487097
10075,0.00015240055462051314
10076,0.00015222258600289249
10077,0.00015204482565200903
10078,0.00015186727169158584
10079,0.00015168992412162294
10080,0.00015151278481839722
10081,0.0001513358537819087
10082,0.00015115912538332663
10083,0.00015098260712775866
10084,0.00015080629338637405
10085,0.00015063018603544973
10086,0.00015045428507498568
10087,0.000150278588628705
10088,0.00015010309669660768
10089,0.00014992781115497064
10090,0.00014975272825124006
10091,0.00014957785173796975
10092,0.00014940317598632899
10093,0.00014922870850142542
10094,0.0001490544436544283
10095,0.00014888038144533763
10096,0.00014870652375043034
10097,0.00014853286869342949
10098,0.00014835941439805819
10099,0.00014818616649314717
10100,0.00014801311934986569
10101,0.00014784027109193684
10102,0.00014766762734819136
10103,0.00014749518624235233
10104,0.00014732294402186594
10105,0.000147150904439286
10106,0.00014697906749461251
10107,0.00014680742755901474
10108,0.00014663599026132343
10109,0.00014646475372526166
10110,0.00014629371419827561
10111,0.00014612287730919601
10112,0.00014595223742919214
10113,0.00014578179831081781
10114,0.00014561155995407302
10115,0.00014544151860640395
10116,0.0001452716742678106
10117,0.00014510203069084679
10118,0.00014493258224668179
10119,0.00014476333644042325
10120,0.00014459428576696351
10121,0.00014442543397885641
10122,0.00014425677732354811
10123,0.00014408831767731553
10124,0.00014392005316388176
10125,0.00014375198753580062
10126,0.00014358411891679521
10127,0.0001434164454305886
10128,0.0001432489670771808
10129,0.00014308168573284871
10130,0.00014291459764503853
10131,0.00014274770656630406
10132,0.0001425810106203684
10133,0.00014241450605467773
10134,0.00014224819849806278
10135,0.00014208208607424663
10136,0.00014191616315439856
10137,0.00014175043911990312
10138,0.00014158490646565267
10139,0.00014141956706792411
10140,0.00014125442092671745
10141,0.00014108946804203268
10142,0.00014092470841386981
10143,0.00014076014016595193
10144,0.00014059576329827903
10145,0.00014043158156340493
10146,0.00014026758933249892
10147,0.00014010378660556097
10148,0.00013994018088769875
10149,0.00013977676092125077
10150,0.00013961353233504778
10151,0.00013945049512908977
10152,0.00013928764742709984
10153,0.00013912499298163181
10154,0.00013896252616385493
10155,0.00013880025072632304
10156,0.0001386381610402054
10157,0.00013847626273433275
10158,0.00013831455580870508
10159,0.00013815303463449166
10160,0.00013799170671680014
10161,0.00013783056079796904
10162,0.00013766960625938293
10163,0.00013750883934848798
10164,0.00013734826194156111
10165,0.00013718787216232539
10166,0.00013702766625822702
10167,0.0001368676479818198
10168,0.00013670781733310375
10169,0.00013654817431207886
10170,0.00013638871704246822
10171,0.00013622944364799491
10172,0.00013607035975748968
10173,0.00013591146161839871
10174,0.00013575274735444506
10175,0.00013559422071818258
10176,0.00013543587608078053
10177,0.00013527771907106964
10178,0.00013511974406021918
10179,0.00013496195480078296
10180,0.00013480434754020718
10181,0.00013464692790732255
10182,0.00013448969027329835
10183,0.00013433263651441149
10184,0.00013417576663066197
10185,0.00013401908062204979
10186,0.00013386257661229803
10187,0.00013370625647768361
10188,0.00013355011834192962
10189,0.00013339416220503605
10190,0.00013323838806700292
10191,0.00013308279405155329
10192,0.00013292738578751792
10193,0.00013277215576978915
10194,0.00013261710775092081
10195,0.00013246223985463598
10196,0.00013230755395721158
10197,0.00013215304630609379
10198,0.00013199872440639024
10199,0.00013184457887671638
10200,0.00013169061534590296
10201,0.00013153683006139613
10202,0.00013138322489947282
10203,0.00013122979986013303
10204,0.00013107655306709984
10205,0.00013092348452037325
10206,0.00013077059421995327
10207,0.0001306178840421168
10208,0.00013046535398686385
10209,0.00013031299842536367
10210,0.00013016082486272393
10211,0.00013000882391756005
10212,0.0001298570049712566
10213,0.00012970536051870593
10214,0.00012955389243618495
10215,0.00012940260447624749
10216,0.00012925149288633975
10217,0.00012910055766646167
10218,0.00012894979881661328
10219,0.00012879921258424076
10220,0.00012864880647445176
10221,0.00012849857110586171
10222,0.00012834851398357827
10223,0.00012819863135504761
10224,0.00012804892322026973
10225,0.00012789939145552154
10226,0.00012775003418452613
10227,0.00012760085328356041
10228,0.00012745184312379365
10229,0.00012730300745777967
10230,0.00012715434816179538
10231,0.00012700586148328696
10232,0.00012685754742225441
10233,0.00012670940597869773
10234,0.00012656143902889383
10235,0.00012641364282028889
10236,0.00012626601922915981
10237,0.00012611857200806043
10238,0.00012597129177560618
10239,0.00012582418603690471
10240,0.00012567724916312528
10241,0.00012553048865937555
10242,0.00012538389702054786
10243,0.00012523747612291913
10244,0.00012509122784276627
10245,0.00012494515218008928
10246,0.00012479924538233433
10247,0.00012465350557322452
10248,0.0001245079421341444
10249,0.00012436254193115559
10250,0.00012421731434564265
10251,0.00012407225750132866
10252,0.00012392736952193673
10253,0.00012378265040746683
10254,0.00012363810015791898
10255,0.00012349371877329318
10256,0.00012334950625358942
10257,0.0001232054607225308
10258,0.00012306158593267114
10259,0.00012291787625517969
10260,0.00012277433731888721
10261,0.00012263096537123985
10262,0.00012248776041223763
10263,0.00012234472244188055
10264,0.0001222018514601686
10265,0.00012205914746710177
10266,0.00012191661046268008
10267,0.00012177423669434971
10268,0.0001216320336672183
10269,0.0001214899957524551
10270,0.00012134812295006013
10271,0.00012120641526003338
10272,0.00012106487268237486
10273,0.00012092349896963837
10274,0.00012078228661671629
10275,0.00012064124125243934
10276,0.00012050035912425371
10277,0.00012035964023215938
10278,0.00012021908832871019
10279,0.0001200786996613523
10280,0.00011993847423008573
10281,0.00011979841578746429
10282,0.00011965851682838034
10283,0.00011951878298166461
10284,0.0001193792123710402
10285,0.00011923980312023018
10286,0.00011910055898178838
10287,0.00011896147620316098
10288,0.0001188225566606249
10289,0.00011868379847790321
10290,0.00011854520540754974
10291,0.00011840676806817994
10292,0.00011826849584117836
10293,0.0001181303868502681
10294,0.00011799243734289532
10295,0.00011785464731906002
10296,0.00011771702240759295
10297,0.00011757955322710954
10298,0.00011744224728271745
10299,0.00011730510082186284
10300,0.00011716811572082263
10301,0.0001170312901033199
10302,0.00011689462396935467
10303,0.00011675811731892692
10304,0.00011662177202831357
10305,0.0001164855843449608
10306,0.0001163495542688686
10307,0.0001162136855525908
10308,0.00011607797444357358
10309,0.00011594242281809385
10310,0.00011580702692359778
10311,0.00011567179051263919
10312,0.00011553671170894118
10313,0.00011540179238878066
10314,0.00011526703067588072
10315,0.00011513242469396444
10316,0.00011499797444303182
10317,0.00011486367992308287
10318,0.00011472954676294832
10319,0.00011459556933379743
10320,0.0001144617476356302
10321,0.00011432808354472356
10322,0.00011419457330852366
10323,0.00011406121880330743
10324,0.00011392802002907486
10325,0.00011379498073837978
10326,0.00011366209154983763
10327,0.00011352936184483296
10328,0.00011339678411825814
10329,0.00011326436212266698
10330,0.00011313209585805949
10331,0.00011299998344815874
10332,0.00011286802676924167
10333,0.00011273622019247752
10334,0.00011260457122297395
10335,0.00011247307423190021
10336,0.00011234173109553323
10337,0.0001122105399375961
10338,0.00011207950451064262
10339,0.00011194862106211899
10340,0.0001118178895920252
10341,0.00011168731197663816
10342,0.00011155688821595787
10343,0.0001114266126811536
10344,0.000111296492877333
10345,0.00011116652317566532
10346,0.00011103670545242748
10347,0.00011090703970761949
10348,0.00011077752781751825
10349,0.00011064816227701611
10350,0.00011051895246749764
10351,0.00011038988900757828
10352,0.00011026098127864258
10353,0.00011013221989930598
10354,0.00011000360862212232
10355,0.0001098751511996454
10356,0.0001097468401267676
10357,0.00010961868290859654
10358,0.00010949067204002459
10359,0.00010936281314988248
10360,0.0001092351024856164
10361,0.00010910754004722632
10362,0.00010898012771098918
10363,0.00010885286547690497
10364,0.00010872574959241986
10365,0.00010859878381008768
10366,0.00010847196437735461
10367,0.00010834529129422064
10368,0.00010821877018951652
10369,0.0001080923954344115
10370,0.0001079661689051825
10371,0.00010784008872555261
10372,0.00010771415677179873
10373,0.00010758837116764396
10374,0.00010746273191308829
10375,0.00010733723900813173
10376,0.0001072118962053281
10377,0.00010708669412329284
10378,0.00010696164214341052
10379,0.00010683673276057347
10380,0.00010671197160361244
10381,0.00010658735679625052
10382,0.00010646288646221079
10383,0.00010633856247777017
10384,0.00010621438296665174
10385,0.00010609034792885551
10386,0.00010596645924065838
10387,0.00010584271502578345
10388,0.00010571911528423071
10389,0.00010559565813972326
10390,0.000105472345468538
10391,0.00010534917727067493
10392,0.00010522615354613406
10393,0.00010510327241863847
10394,0.00010498053764074199
10395,0.00010485794358361387
10396,0.00010473549212353105
10397,0.00010461318701304732
10398,0.00010449102262333197
10399,0.00010436899895438499
10400,0.00010424711975876021
10401,0.0001041253831601807
10402,0.00010400378915864648
10403,0.00010388233587788064
10404,0.00010376102519416007
10405,0.00010363985523120788
10406,0.00010351882786530096
10407,0.00010339793934388551
10408,0.00010327719341951534
10409,0.00010315659009219046
10410,0.00010303612936191085
10411,0.0001029158055998458
10412,0.0001027956206822722
10413,0.0001026755802380208
10414,0.00010255567863826086
10415,0.00010243591588299238
10416,0.00010231629572476918
10417,0.00010219681441103744
10418,0.00010207747194179716
10419,0.00010195826644077143
10420,0.00010183920353679098
10421,0.00010172027760102508
10422,0.00010160149238602755
10423,0.00010148284413924456
10424,0.00010136433286067613
10425,0.00010124596417915298
10426,0.00010112773246584438
10427,0.00010100963772075032
10428,0.00010089167994387081
10429,0.00010077386288775968
10430,0.00010065618092358618
10431,0.00010053863968018105
10432,0.00010042123165243665
10433,0.0001003039624691837
10434,0.00010018683025414531
10435,0.00010006983500732146
10436,9.9952974852435248e-05
10437,9.9836255418317408e-05
10438,9.9719669199860292e-05
10439,9.9603218073340813e-05
10440,9.9486903915035882e-05
10441,9.9370724848668588e-05
10442,9.9254680874238929e-05
10443,9.9138775744300731e-05
10444,9.9023005706300169e-05
10445,9.890736700768342e-05
10446,9.879186715355813e-05
10447,9.8676500515093566e-05
10448,9.8561268968566637e-05
10449,9.8446170637700434e-05
10450,9.8331209275048778e-05
10451,9.8216379251780936e-05
10452,9.8101686196727642e-05
10453,9.7987124481058161e-05
10454,9.7872697857326316e-05
10455,9.7758402572978284e-05
10456,9.7644246133121712e-05
10457,9.7530219156372042e-05
10458,9.741632914783692e-05
10459,9.7302568602408699e-05
10460,9.7188943148918114e-05
10461,9.7075449034811343e-05
10462,9.6962084383811473e-05
10463,9.684885482474924e-05
10464,9.6735756605070819e-05
10465,9.6622791601053124e-05
10466,9.6509957936419241e-05
10467,9.6397257487446084e-05
10468,9.6284686501579828e-05
10469,9.6172248731374297e-05
10470,9.6059940424275667e-05
10471,9.5947765332837762e-05
10472,9.5835719704506759e-05
10473,9.5723803539282657e-05
10474,9.5612022465996191e-05
10475,9.5500368979539716e-05
10476,9.5388844956190142e-05
10477,9.5277450395947469e-05
10478,9.5166189051365522e-05
10479,9.5055059046167387e-05
10480,9.4944054751522331e-05
10481,9.4833179919984176e-05
10482,9.4722436427829835e-05
10483,9.4611822398782395e-05
10484,9.4501335956564944e-05
10485,9.4390980853731308e-05
10486,9.4280753337727661e-05
10487,9.4170655284830915e-05
10488,9.4060686695041071e-05
10489,9.3950843815804306e-05
10490,9.3841130399674441e-05
10491,9.3731544570374567e-05
10492,9.3622086327904683e-05
10493,9.3512755672264789e-05
10494,9.3403556356008708e-05
10495,9.3294482750305705e-05
10496,9.318553485515578e-05
10497,9.3076716423112757e-05
10498,9.2968021825345901e-05
10499,9.2859458566962858e-05
10500,9.275101726657907e-05
10501,9.2642707305579095e-05
10502,9.2534521178855287e-05
10503,9.2426462638961468e-05
10504,9.2318529809620728e-05
10505,9.2210720814556155e-05
10506,9.2103039406321572e-05
10507,9.1995485584916978e-05
10508,9.188805372151164e-05
10509,9.1780749444936291e-05
10510,9.1673569002637109e-05
10511,9.1566516147167918e-05
10512,9.1459587125974892e-05
10513,9.1352785691611857e-05
10514,9.1246106215248077e-05
10515,9.1139550573160464e-05
10516,9.1033120641625928e-05
10517,9.0926812668090648e-05
10518,9.0820630405108447e-05
10519,9.0714573852679323e-05
10520,9.0608639258249455e-05
10521,9.0502828498095753e-05
10522,9.0397141572218218e-05
10523,9.029157848061685e-05
10524,9.0186139223291648e-05
10525,9.008082004768879e-05
10526,8.9975628458915921e-05
10527,8.9870556951865397e-05
10528,8.9765609279091038e-05
10529,8.9660783564315935e-05
10530,8.9556077931263176e-05
10531,8.9451498008763495e-05
10532,8.9347040044263068e-05
10533,8.9242700285208074e-05
10534,8.9138486236706158e-05
10535,8.9034394146203497e-05
10536,8.8930422137423179e-05
10537,8.8826572086642117e-05
10538,8.8722842117583398e-05
10539,8.8619234106523934e-05
10540,8.8515748053463725e-05
10541,8.8412380205848948e-05
10542,8.8309134316233426e-05
10543,8.8206008508340248e-05
10544,8.8103006534723236e-05
10545,8.8000120890274744e-05
10546,8.7897357203825508e-05
10547,8.7794711722821703e-05
10548,8.7692188199817154e-05
10549,8.7589786634811859e-05
10550,8.7487497646421261e-05
10551,8.7385332492306831e-05
10552,8.7283287419914743e-05
10553,8.7181360552968088e-05
10554,8.7079551891466864e-05
10555,8.6977863311687984e-05
10556,8.6876294813631447e-05
10557,8.677484264474343e-05
10558,8.6673508681300846e-05
10559,8.6572294799580604e-05
10560,8.6471197247028883e-05
10561,8.6370217899922594e-05
10562,8.6269356758261737e-05
10563,8.61686119457694e-05
10564,8.6067987214999406e-05
10565,8.5967478813397933e-05
10566,8.5867088617241891e-05
10567,8.5766816626531281e-05
10568,8.566665908871228e-05
10569,8.5566621632615622e-05
10570,8.5466700505687485e-05
10571,8.5366895707927868e-05
10572,8.5267205363059859e-05
10573,8.5167631347360371e-05
10574,8.5068173660829402e-05
10575,8.4968832303466954e-05
10576,8.4869607275273027e-05
10577,8.4770500452524531e-05
10578,8.4671506206390732e-05
10579,8.4572630165702365e-05
10580,8.4473868577905606e-05
10581,8.4375221443000456e-05
10582,8.4276690637263827e-05
10583,8.4178274284418806e-05
10584,8.4079976137019216e-05
10585,8.3981788689957413e-05
10586,8.3883715695787217e-05
10587,8.3785757154508631e-05
10588,8.3687916818675476e-05
10589,8.3590187183180107e-05
10590,8.3492573876853257e-05
10591,8.3395073147141105e-05
10592,8.3297686870320562e-05
10593,8.3200415046391627e-05
10594,8.3103253922800477e-05
10595,8.3006209128377848e-05
10596,8.2909275034293004e-05
10597,8.281245726937668e-05
10598,8.2715750204798142e-05
10599,8.2619157593111212e-05
10600,8.2522677558038979e-05
10601,8.2426308223304532e-05
10602,8.2330051465184781e-05
10603,8.2233911036233551e-05
10604,8.2137879431343195e-05
10605,8.2041960403067535e-05
10606,8.1946155827683484e-05
10607,8.1850461952637219e-05
10608,8.1754878777928739e-05
10609,8.1659408179834956e-05
10610,8.1564048282078958e-05
10611,8.1468799084660745e-05
10612,8.1373660587580318e-05
10613,8.1278634667114589e-05
10614,8.1183721323263555e-05
10615,8.1088916803473396e-05
10616,8.0994222984021022e-05
10617,8.0899639864906434e-05
10618,8.0805167446129631e-05
10619,8.0710805727690613e-05
10620,8.0616552833312469e-05
10621,8.0522412515549022e-05
10622,8.0428381021846449e-05
10623,8.0334458352204749e-05
10624,8.0240644506623924e-05
10625,8.0146943237657795e-05
10626,8.0053348916475628e-05
10627,7.9959867171908159e-05
10628,7.9866488622570828e-05
10629,7.9773226402402017e-05
10630,7.9680067377463346e-05
10631,7.958701905286246e-05
10632,7.9494081428599359e-05
10633,7.9401246999566397e-05
10634,7.9308525147148132e-05
10635,7.9215912118790741e-05
10636,7.9123406038217312e-05
10637,7.9031008781704757e-05
10638,7.8938718472976164e-05
10639,7.8846533235754621e-05
10640,7.8754460575147775e-05
10641,7.866249298604798e-05
10642,7.8570632344732147e-05
10643,7.8478880527477188e-05
10644,7.8387231905452368e-05
10645,7.8295695860042245e-05
10646,7.8204266762416083e-05
10647,7.8112940860020061e-05
10648,7.8021720029131089e-05
10649,7.7930609898579903e-05
10650,7.7839602963258856e-05
10651,7.7748704851998682e-05
10652,7.7657911812245559e-05
10653,7.7567223843999486e-05
10654,7.7476644699814287e-05
10655,7.7386168750859228e-05
10656,7.729579974968813e-05
10657,7.7205535820024082e-05
10658,7.7115376961867086e-05
10659,7.7025325051494051e-05
10660,7.6935376336351155e-05
10661,7.6845534568992222e-05
10662,7.6755794120586516e-05
10663,7.6666160619964771e-05
10664,7.6576632190850078e-05
10665,7.6487208833242435e-05
10666,7.6397890547141842e-05
10667,7.6308673579994477e-05
10668,7.6219561684354162e-05
10669,7.6130554860220898e-05
10670,7.6041653107594684e-05
10671,7.5952852673921698e-05
10672,7.5864157311755762e-05
10673,7.5775567021096877e-05
10674,7.5687078049391219e-05
10675,7.5598692272915699e-05
10676,7.5510411567947231e-05
10677,7.5422232181931989e-05
10678,7.5334155991146887e-05
10679,7.5246182995591923e-05
10680,7.515831507154401e-05
10681,7.5070546590172413e-05
10682,7.4982881304030955e-05
10683,7.4895317336842724e-05
10684,7.4807856564884631e-05
10685,7.4720497111879766e-05
10686,7.463324085410504e-05
10687,7.4546085915283542e-05
10688,7.445903229541527e-05
10689,7.4372081870777138e-05
10690,7.4285230888815321e-05
10691,7.4198481225806731e-05
10692,7.4111834758028281e-05
10693,7.4025289609203057e-05
10694,7.3938845779331061e-05
10695,7.3852503268412293e-05
10696,7.376626020016984e-05
10697,7.3680118450880614e-05
10698,7.3594076144267704e-05
10699,7.3508135156608021e-05
10700,7.3422293611624654e-05
10701,7.3336553385594514e-05
10702,7.325091260224069e-05
10703,7.3165373137840093e-05
10704,7.30799312398389e-05
10705,7.2994590660790934e-05
10706,7.2909349524419284e-05
10707,7.282420783072395e-05
10708,7.2739165579704932e-05
10709,7.2654222771362229e-05
10710,7.2569381281972753e-05
10711,7.2484633606428859e-05
10712,7.2399991002392014e-05
10713,7.2315440335923839e-05
10714,7.2230992864685803e-05
10715,7.2146644836124083e-05
10716,7.2062392497684855e-05
10717,7.1978241478198854e-05
10718,7.1894188025112258e-05
10719,7.1810230262148153e-05
10720,7.1726370065583453e-05
10721,7.1642609311695069e-05
10722,7.1558948000483e-05
10723,7.1475384255670335e-05
10724,7.1391919953533986e-05
10725,7.1308549465243218e-05
10726,7.1225276543351854e-05
10727,7.1142103064136806e-05
10728,7.1059025275044249e-05
10729,7.0976043176074186e-05
10730,7.0893160519780438e-05
10731,7.0810371677332271e-05
10732,7.0727682277560419e-05
10733,7.0645086691634149e-05
10734,7.0562590548384194e-05
10735,7.0480190095256732e-05
10736,7.0397885332251761e-05
10737,7.0315676259369284e-05
10738,7.0233562876609299e-05
10739,7.0151547060248718e-05
10740,7.0069625057733717e-05
10741,6.9987800621618121e-05
10742,6.9906068123071194e-05
10743,6.9824433190923671e-05
10744,6.9742893948898641e-05
10745,6.9661450396996103e-05
10746,6.9580100658939146e-05
10747,6.9498848487281592e-05
10748,6.9417688253192708e-05
10749,6.9336623709226317e-05
10750,6.9255654855382418e-05
10751,6.9174781691661011e-05
10752,6.9094000465508274e-05
10753,6.9013313053201117e-05
10754,6.8932721331016453e-05
10755,6.8852221546400458e-05
10756,6.8771821204460779e-05
10757,6.8691510923812857e-05
10758,6.8611292580733605e-05
10759,6.8531173680330668e-05
10760,6.8451144841219489e-05
10761,6.837120981595389e-05
10762,6.8291366728256961e-05
10763,6.8211619330682524e-05
10764,6.8131963870676757e-05
10765,6.8052400348239659e-05
10766,6.797292876337123e-05
10767,6.7893552868625293e-05
10768,6.7814268911448025e-05
10769,6.7735076891839427e-05
10770,6.765597868607641e-05
10771,6.7576972417882062e-05
10772,6.7498056210979471e-05
10773,6.7419233817922461e-05
10774,6.7340505238711032e-05
10775,6.7261866720791361e-05
10776,6.7183318264163447e-05
10777,6.7104863621381114e-05
10778,6.7026499039890539e-05
10779,6.6948226395968633e-05
10780,6.6870047565892307e-05
10781,6.6791960673384651e-05
10782,6.6713963842168753e-05
10783,6.66360551959677e-05
10784,6.6558238487335317e-05
10785,6.6480513716271603e-05
10786,6.6402880882776558e-05
10787,6.6325338110573271e-05
10788,6.6247885399661741e-05
10789,6.6170520873765057e-05
10790,6.6093246409160131e-05
10791,6.6016063882123874e-05
10792,6.5938975168933198e-05
10793,6.5861972764480456e-05
10794,6.5785062297596384e-05
10795,6.5708240015727157e-05
10796,6.5631505918872777e-05
10797,6.5554861883310154e-05
10798,6.5478311661593111e-05
10799,6.5401847748614004e-05
10800,6.532547014437283e-05
10801,6.5249184477700326e-05
10802,6.5172988872319579e-05
10803,6.509688332823059e-05
10804,6.5020864092879535e-05
10805,6.4944934918820238e-05
10806,6.4869092053498876e-05
10807,6.4793343002023094e-05
10808,6.4717678383008334e-05
10809,6.4642101949008421e-05
10810,6.4566613700023368e-05
10811,6.4491215512330058e-05
10812,6.4415905509651594e-05
10813,6.4340679939434153e-05
10814,6.426554443050847e-05
10815,6.4190498982874544e-05
10816,6.4115537967701641e-05
10817,6.4040667013820496e-05
10818,6.3965880492400373e-05
10819,6.3891184032272008e-05
10820,6.3816573880881577e-05
10821,6.3742050038229081e-05
10822,6.3667612504314519e-05
10823,6.3593263155414803e-05
10824,6.3519000115253021e-05
10825,6.3444827136382997e-05
10826,6.3370734837420173e-05
10827,6.3296734476026018e-05
10828,6.3222820423369797e-05
10829,6.3148988926897687e-05
10830,6.3075247491717334e-05
10831,6.3001586736444182e-05
10832,6.2928016042462787e-05
10833,6.2854529780942414e-05
10834,6.2781133580713799e-05
10835,6.2707818060392384e-05
10836,6.2634590725085815e-05
10837,6.2561447822240268e-05
10838,6.2488389351855744e-05
10839,6.2415417190209155e-05
10840,6.2342527584746676e-05
10841,6.2269726164299044e-05
10842,6.2197009176312434e-05
10843,6.2124378497063759e-05
10844,6.2051830373999195e-05
10845,6.1979366683395654e-05
10846,6.1906991177806958e-05
10847,6.1834698228402374e-05
10848,6.1762487835181901e-05
10849,6.1690363750699362e-05
10850,6.1618322222400934e-05
10851,6.1546367002840441e-05
10852,6.1474494339464059e-05
10853,6.1402707984825611e-05
10854,6.1331000433817451e-05
10855,6.1259381067824137e-05
10856,6.1187842381738022e-05
10857,6.1116390004389842e-05
10858,6.1045020183225773e-05
10859,6.097373479452272e-05
10860,6.0902530085726874e-05
10861,6.0831411685668961e-05
10862,6.0760370212964425e-05
10863,6.0689415048997823e-05
10864,6.0618544317492244e-05
10865,6.0547756142170777e-05
10866,6.047705052303342e-05
10867,6.0406427460080174e-05
10868,6.033588695331104e-05
10869,6.0265429002726016e-05
10870,6.0195053608325104e-05
10871,6.012475701755448e-05
10872,6.0054542982967967e-05
10873,5.9984415257119388e-05
10874,5.9914366334901097e-05
10875,5.9844401845143829e-05
10876,5.9774516159016848e-05
10877,5.9704714905350891e-05
10878,5.9634992455315221e-05
10879,5.9565352561463662e-05
10880,5.9495793347519303e-05
10881,5.9426314813482144e-05
10882,5.9356918835629095e-05
10883,5.9287603537683247e-05
10884,5.9218368919644597e-05
10885,5.9149214981513147e-05
10886,5.9080141723288897e-05
10887,5.9011151021248758e-05
10888,5.8942237246561995e-05
10889,5.8873404151782431e-05
10890,5.8804653613186979e-05
10891,5.8735985630775638e-05
10892,5.8667392699440761e-05
10893,5.8598884200566907e-05
10894,5.8530454505323341e-05
10895,5.8462103613710063e-05
10896,5.8393835278280897e-05
10897,5.8325641993928194e-05
10898,5.8257533142036515e-05
10899,5.8189501217498212e-05
10900,5.8121546220313285e-05
10901,5.8053673779312469e-05
10902,5.7985880141941941e-05
10903,5.7918167184478613e-05
10904,5.7850531154368661e-05
10905,5.7782975804165908e-05
10906,5.7715497381316532e-05
10907,5.7648097762097443e-05
10908,5.7580780699062466e-05
10909,5.7513538687103953e-05
10910,5.7446375478775728e-05
10911,5.7379291074077792e-05
10912,5.7312285473010143e-05
10913,5.724535679929587e-05
10914,5.7178506929211885e-05
10915,5.71117377390351e-05
10916,5.7045043599934779e-05
10917,5.6978428264464747e-05
10918,5.6911887980071178e-05
10919,5.6845430251861721e-05
10920,5.6779047574728729e-05
10921,5.6712739948672202e-05
10922,5.6646514878799785e-05
10923,5.658036110745001e-05
10924,5.6514289892284346e-05
10925,5.6448295604472058e-05
10926,5.6382376367736235e-05
10927,5.6316534058353789e-05
10928,5.6250768676324718e-05
10929,5.6185082097925936e-05
10930,5.6119468694326706e-05
10931,5.6053934094357765e-05
10932,5.5988474545465288e-05
10933,5.5923093800203098e-05
10934,5.5857788106017374e-05
10935,5.5792561215461938e-05
10936,5.5727405623429142e-05
10937,5.5662328835026635e-05
10938,5.5597328973977504e-05
10939,5.5532404164004838e-05
10940,5.5467552528831725e-05
10941,5.54027796972889e-05
10942,5.5338081916822539e-05
10943,5.5273461063709555e-05
10944,5.5208913385396123e-05
10945,5.5144442634436068e-05
10946,5.5080045058275566e-05
10947,5.5015726285745352e-05
10948,5.4951478811737779e-05
10949,5.4887308265083583e-05
10950,5.4823212769505851e-05
10951,5.4759190448727672e-05
10952,5.4695243179025958e-05
10953,5.4631374712954532e-05
10954,5.4567575669128836e-05
10955,5.4503855428933427e-05
10956,5.4440204610983749e-05
10957,5.4376632596664358e-05
10958,5.4313131880867609e-05
10959,5.4249706216147324e-05
10960,5.4186355602503504e-05
10961,5.4123076287382326e-05
10962,5.4059875775891435e-05
10963,5.3996744686646274e-05
10964,5.3933688648477578e-05
10965,5.3870705785108435e-05
10966,5.3807797972815756e-05
10967,5.3744963335322631e-05
10968,5.3682201872629058e-05
10969,5.3619513584735039e-05
10970,5.3556896595363661e-05
10971,5.3494354657068748e-05
10972,5.3431884017296476e-05
10973,5.336949030487758e-05
10974,5.3307166014704415e-05
10975,5.3244914899330802e-05
10976,5.318273508247983e-05
10977,5.3120630316705324e-05
10978,5.3058596849453459e-05
10979,5.2996638433278058e-05
10980,5.2934751315625299e-05
10981,5.2872935496495181e-05
10982,5.2811190975887705e-05
10983,5.2749519630079782e-05
10984,5.2687921459071412e-05
10985,5.2626392710308771e-05
10986,5.2564937136345684e-05
10987,5.2503552860905238e-05
10988,5.2442241760264345e-05
10989,5.2381001958146094e-05
10990,5.2319831578273572e-05
10991,5.2258732496923692e-05
10992,5.2197706590373365e-05
10993,5.2136751982345679e-05
10994,5.2075868672840635e-05
10995,5.2015056661858232e-05
10996,5.1954314073121559e-05
10997,5.1893644659184439e-05
10998,5.1833044667493049e-05
10999,5.1772514098047388e-05
11000,5.1712056703401281e-05
11001,5.1651666854723992e-05
11002,5.1591348304569344e-05
11003,5.1531101052937338e-05
11004,5.1470925099827973e-05
11005,5.141082044524125e-05
11006,5.1350783336623344e-05
11007,5.1290819402804992e-05
11008,5.1230921138678547e-05
11009,5.1171096049351654e-05
11010,5.1111340382270491e-05
11011,5.1051652261158147e-05
11012,5.0992037314845355e-05
11013,5.0932489914501382e-05
11014,5.0873011936403138e-05
11015,5.0813603380550625e-05
11016,5.0754264246943841e-05
11017,5.0694994535582787e-05
11018,5.0635794246467463e-05
11019,5.0576663379597868e-05
11020,5.0517600058697092e-05
11021,5.0458606160042045e-05
11022,5.039968355990964e-05
11023,5.0340828505746053e-05
11024,5.0282042873828196e-05
11025,5.0223324787879158e-05
11026,5.0164672371622025e-05
11027,5.0106091253887535e-05
11028,5.0047581434675685e-05
11029,4.9989135408878831e-05
11030,4.9930760681604618e-05
11031,4.9872451624022311e-05
11032,4.9814211988685735e-05
11033,4.9756041775594888e-05
11034,4.9697939108472859e-05
11035,4.9639902111042737e-05
11036,4.9581934535858345e-05
11037,4.9524034506642771e-05
11038,4.9466200147119104e-05
11039,4.9408435209841166e-05
11040,4.9350739694808958e-05
11041,4.9293107973191745e-05
11042,4.9235545673820262e-05
11043,4.9178049044140686e-05
11044,4.9120621836706839e-05
11045,4.9063258422687987e-05
11046,4.9005962554637954e-05
11047,4.894873610883365e-05
11048,4.8891577208998165e-05
11049,4.8834482102577674e-05
11050,4.8777454542126002e-05
11051,4.8720492651366236e-05
11052,4.8663598306575289e-05
11053,4.8606767755199336e-05
11054,4.8550006626069113e-05
11055,4.8493311166630797e-05
11056,4.8436681376884387e-05
11057,4.8380117256829884e-05
11058,4.8323620682744199e-05
11059,4.8267189778350421e-05
11060,4.8210826419925461e-05
11061,4.8154524978638584e-05
11062,4.8098294835874349e-05
11063,4.8042124733971285e-05
11064,4.798602217803704e-05
11065,4.7929985291794701e-05
11066,4.7874014075244269e-05
11067,4.7818106652108831e-05
11068,4.7762266774942212e-05
11069,4.77064925674675e-05
11070,4.7650782153407782e-05
11071,4.7595137409039971e-05
11072,4.7539560210640979e-05
11073,4.7484043053103158e-05
11074,4.7428589688980331e-05
11075,4.7373203870826324e-05
11076,4.7317883722364222e-05
11077,4.7262627367317116e-05
11078,4.7207434805685004e-05
11079,4.7152306037467888e-05
11080,4.7097242938942678e-05
11081,4.7042243633832463e-05
11082,4.6987309998414155e-05
11083,4.6932442032687753e-05
11084,4.6877634107822523e-05
11085,4.6822893728926111e-05
11086,4.6768213390890871e-05
11087,4.6713600598824449e-05
11088,4.6659049723896111e-05
11089,4.6604560766105856e-05
11090,4.6550137478007507e-05
11091,4.6495776107047242e-05
11092,4.6441478529501972e-05
11093,4.6387248497925519e-05
11094,4.6333078507210239e-05
11095,4.6278972309909954e-05
11096,4.6224929906024663e-05
11097,4.6170949419277456e-05
11098,4.6117030849668332e-05
11099,4.6063177949751115e-05
11100,4.6009386966971981e-05
11101,4.5955657901330931e-05
11102,4.5901992629104875e-05
11103,4.5848387397739991e-05
11104,4.5794849712343926e-05
11105,4.574137019153212e-05
11106,4.5687952587858398e-05
11107,4.5634598777599671e-05
11108,4.5581308760755939e-05
11109,4.552808066105029e-05
11110,4.5474912602205812e-05
11111,4.542180833677633e-05
11112,4.5368767864761843e-05
11113,4.5315787433608527e-05
11114,4.5262868919593295e-05
11115,4.5210012322716146e-05
11116,4.5157215766700169e-05
11117,4.5104483004099187e-05
11118,4.5051810282359377e-05
11119,4.499919947775765e-05
11120,4.4946648714017094e-05
11121,4.4894163619968446e-05
11122,4.4841738566780969e-05
11123,4.4789373554454663e-05
11124,4.4737070459266441e-05
11125,4.4684827404939391e-05
11126,4.4632646267750424e-05
11127,4.4580527047699541e-05
11128,4.4528465992232917e-05
11129,4.4476464977627466e-05
11130,4.4424527756437009e-05
11131,4.4372650576107724e-05
11132,4.432083343663961e-05
11133,4.4269076338032669e-05
11134,4.4217381156563811e-05
11135,4.4165744139679213e-05
11136,4.4114169039932698e-05
11137,4.4062652104770443e-05
11138,4.4011197086746272e-05
11139,4.3959802109583272e-05
11140,4.3908467173281445e-05
11141,4.3857192277840788e-05
11142,4.3805977423261304e-05
11143,4.375482073326608e-05
11144,4.3703724084132027e-05
11145,4.3652689352136058e-05
11146,4.3601714661001261e-05
11147,4.3550796258173812e-05
11148,4.3499939772484446e-05
11149,4.3449143327656252e-05
11150,4.3398405047412318e-05
11151,4.3347724931752645e-05
11152,4.3297108609507966e-05
11153,4.3246544823016812e-05
11154,4.3196041077386831e-05
11155,4.3145599248894932e-05
11156,4.3095213708710382e-05
11157,4.3044886333110093e-05
11158,4.2994622750924798e-05
11159,4.2944411704493028e-05
11160,4.2894260698922431e-05
11161,4.2844167857936093e-05
11162,4.279413881036475e-05
11163,4.2744166051100756e-05
11164,4.2694247703867198e-05
11165,4.2644391273771724e-05
11166,4.2594593008260511e-05
11167,4.2544851031056645e-05
11168,4.2495169094713951e-05
11169,4.2445545322955518e-05
11170,4.2395977839504433e-05
11171,4.2346466644360696e-05
11172,4.2297017366355043e-05
11173,4.2247622500379827e-05
11174,4.2198287675265782e-05
11175,4.2149011014735997e-05
11176,4.209978876623665e-05
11177,4.2050626558598474e-05
11178,4.2001522515544558e-05
11179,4.1952471008244168e-05
11180,4.190348141808186e-05
11181,4.1854548116226902e-05
11182,4.1805671102679291e-05
11183,4.175685037743903e-05
11184,4.170808969305994e-05
11185,4.1659383420711287e-05
11186,4.1610733436669982e-05
11187,4.1562143493489849e-05
11188,4.1513609838617065e-05
11189,4.1465130595774717e-05
11190,4.141670951751663e-05
11191,4.1368342851288979e-05
11192,4.1320034349645589e-05
11193,4.1271782136309547e-05
11194,4.1223586211280854e-05
11195,4.1175446574559509e-05
11196,4.1127363226145512e-05
11197,4.1079334289761953e-05
11198,4.1031365394239565e-05
11199,4.0983447158193791e-05
11200,4.0935588963009188e-05
11201,4.0887787056131934e-05
11202,4.0840037685008206e-05
11203,4.0792346478468737e-05
11204,4.0744711560236617e-05
11205,4.0697131054034934e-05
11206,4.0649604959863688e-05
11207,4.0602137030276701e-05
11208,4.0554719760166329e-05
11209,4.0507362530917128e-05
11210,4.0460057837421452e-05
11211,4.0412809432233125e-05
11212,4.0365615439075235e-05
11213,4.0318479610501605e-05
11214,4.02713963176815e-05
11215,4.0224367436891832e-05
11216,4.0177394844409513e-05
11217,4.0130478540234542e-05
11218,4.0083614771813096e-05
11219,4.0036805415422087e-05
11220,3.9990052347338427e-05
11221,3.9943353691285204e-05
11222,3.9896709447262417e-05
11223,3.9850121491546979e-05
11224,3.9803582319031243e-05
11225,3.9757103187376679e-05
11226,3.9710674715198728e-05
11227,3.9664298778774303e-05
11228,3.9617981006934137e-05
11229,3.9571715770847497e-05
11230,3.9525506823068206e-05
11231,3.947935041104244e-05
11232,3.9433246534770199e-05
11233,3.9387198946805306e-05
11234,3.9341203894593939e-05
11235,3.9295263254413009e-05
11236,3.9249373273708692e-05
11237,3.9203539581311724e-05
11238,3.9157760300945192e-05
11239,3.9112031680055275e-05
11240,3.9066357471195794e-05
11241,3.902073767436675e-05
11242,3.897516853701432e-05
11243,3.8929655687969238e-05
11244,3.888419349840077e-05
11245,3.8838785720862738e-05
11246,3.8793432355355144e-05
11247,3.8748127773047252e-05
11248,3.8702879479046708e-05
11249,3.8657683720799689e-05
11250,3.8612540498306196e-05
11251,3.8567449811566228e-05
11252,3.8522409784302873e-05
11253,3.8477424169069956e-05
11254,3.8432492965867475e-05
11255,3.8387610545864696e-05
11256,3.8342784414169266e-05
11257,3.8298007065673538e-05
11258,3.8253282252931335e-05
11259,3.8208611852219569e-05
11260,3.8163993987261329e-05
11261,3.8119426781779702e-05
11262,3.80749121120516e-05
11263,3.8030448101800112e-05
11264,3.7986036627302149e-05
11265,3.7941677688557711e-05
11266,3.7897371285566799e-05
11267,3.7853117418329412e-05
11268,3.7808912334291726e-05
11269,3.7764759786007567e-05
11270,3.772065789720002e-05
11271,3.7676608544146e-05
11272,3.7632611726845504e-05
11273,3.7588667445298534e-05
11274,3.7544770070674354e-05
11275,3.750092710808061e-05
11276,3.7457132928686569e-05
11277,3.7413393161322965e-05
11278,3.7369702177159063e-05
11279,3.7326063728748686e-05
11280,3.7282474063538011e-05
11281,3.7238936934080862e-05
11282,3.7195450464100326e-05
11283,3.7152016529873315e-05
11284,3.7108633255122918e-05
11285,3.7065298763572223e-05
11286,3.702201305522123e-05
11287,3.6978778006346851e-05
11288,3.6935595493225997e-05
11289,3.6892461763304844e-05
11290,3.6849382445414129e-05
11291,3.6806350034446205e-05
11292,3.6763368282954893e-05
11293,3.6720437190940196e-05
11294,3.6677554882125201e-05
11295,3.6634723232786819e-05
11296,3.6591944119201962e-05
11297,3.6549211912539896e-05
11298,3.6506532241631355e-05
11299,3.6463901353922516e-05
11300,3.6421317373136468e-05
11301,3.6378785928103945e-05
11302,3.6336305142548035e-05
11303,3.6293873140191828e-05
11304,3.6251488044758411e-05
11305,3.6209153608801607e-05
11306,3.6166869832321418e-05
11307,3.612463483904093e-05
11308,3.6082450505237056e-05
11309,3.6040314954632884e-05
11310,3.5998226310951502e-05
11311,3.5956190203023646e-05
11312,3.5914202878295491e-05
11313,3.5872260584213216e-05
11314,3.5830370825884465e-05
11315,3.5788527974478506e-05
11316,3.5746737658826071e-05
11317,3.5704994250096427e-05
11318,3.5663299624566484e-05
11319,3.5621653782236244e-05
11320,3.5580056723105706e-05
11321,3.5538506570897958e-05
11322,3.5497005201889913e-05
11323,3.5455552616081569e-05
11324,3.5414148813472928e-05
11325,3.5372791917787076e-05
11326,3.5331481929024016e-05
11327,3.529022447601448e-05
11328,3.5249013929927735e-05
11329,3.5207852167040692e-05
11330,3.5166739187353351e-05
11331,3.5125671238311888e-05
11332,3.5084652072470128e-05
11333,3.504368168982807e-05
11334,3.5002758214108802e-05
11335,3.4961883521589236e-05
11336,3.4921053859715549e-05
11337,3.4880274857318476e-05
11338,3.4839540885567282e-05
11339,3.4798857573292701e-05
11340,3.4758217415387087e-05
11341,3.4717629793234999e-05
11342,3.4677089078005701e-05
11343,3.4636593393422281e-05
11344,3.4596146492038564e-05
11345,3.4555748373854549e-05
11346,3.4515391533762589e-05
11347,3.4475085353147243e-05
11348,3.4434827955731599e-05
11349,3.4394615588961834e-05
11350,3.435445012911486e-05
11351,3.4314331576190675e-05
11352,3.4274259930189281e-05
11353,3.4234237067387589e-05
11354,3.4194257358954865e-05
11355,3.4154326433721842e-05
11356,3.411444241541161e-05
11357,3.4074603427747256e-05
11358,3.4034813223282605e-05
11359,3.3995068049463832e-05
11360,3.395536978256785e-05
11361,3.3915716546317747e-05
11362,3.3876112093267345e-05
11363,3.3836554547139734e-05
11364,3.3797038279104179e-05
11365,3.3757570794268326e-05
11366,3.3718150216355263e-05
11367,3.3678772792811167e-05
11368,3.3639444152466773e-05
11369,3.360016241904517e-05
11370,3.3560923839992533e-05
11371,3.3521732167862688e-05
11372,3.3482587402655632e-05
11373,3.3443487668094456e-05
11374,3.340443484045607e-05
11375,3.3365423290909739e-05
11376,3.3326462400840022e-05
11377,3.3287544665139272e-05
11378,3.3248671960084402e-05
11379,3.3209844285675409e-05
11380,3.3171065394466119e-05
11381,3.3132327781348885e-05
11382,3.3093637075154441e-05
11383,3.3054991399605875e-05
11384,3.3016390754703189e-05
11385,3.2977833264169469e-05
11386,3.293932268055854e-05
11387,3.290085712759349e-05
11388,3.2862434728997407e-05
11389,3.2824059237324115e-05
11390,3.2785730652573612e-05
11391,3.2747441469638254e-05
11392,3.270920294617951e-05
11393,3.2671005700812821e-05
11394,3.2632851609815099e-05
11395,3.2594742549463256e-05
11396,3.2556678519757292e-05
11397,3.2518659520697206e-05
11398,3.2480685552282999e-05
11399,3.244275473823776e-05
11400,3.2404868954838399e-05
11401,3.2367028202084917e-05
11402,3.2329230603700403e-05
11403,3.2291476159684862e-05
11404,3.2253770498869017e-05
11405,3.2216104239868315e-05
11406,3.2178481135236581e-05
11407,3.2140904937527637e-05
11408,3.210337189418766e-05
11409,3.206588200521665e-05
11410,3.202843714689152e-05
11411,3.1991035442935356e-05
11412,3.1953675017071248e-05
11413,3.191636149812993e-05
11414,3.187909113355758e-05
11415,3.1841863923354197e-05
11416,3.1804679867519781e-05
11417,3.176753708977742e-05
11418,3.173044121895785e-05
11419,3.1693386626230335e-05
11420,3.1656375187871788e-05
11421,3.1619410656436031e-05
11422,3.1582485526815418e-05
11423,3.1545603551563772e-05
11424,3.1508766606958005e-05
11425,3.1471970940444294e-05
11426,3.1435218428299549e-05
11427,3.1398507194246861e-05
11428,3.1361840990840051e-05
11429,3.132521981807912e-05
11430,3.1288639923410244e-05
11431,3.1252101306833424e-05
11432,3.1215605844625571e-05
11433,3.1179153536786686e-05
11434,3.1142742507039856e-05
11435,3.1106376507938904e-05
11436,3.1070048034376185e-05
11437,3.1033766467736257e-05
11438,3.0997524302911472e-05
11439,3.0961329045009478e-05
11440,3.0925171312645716e-05
11441,3.0889060487204745e-05
11442,3.0852987187302006e-05
11443,3.0816958918045145e-05
11444,3.0780970050603429e-05
11445,3.074502433753068e-05
11446,3.0709123655103809e-05
11447,3.0673260498215171e-05
11448,3.0637442371972412e-05
11449,3.0601665523821708e-05
11450,3.0565928077486149e-05
11451,3.0530233785519556e-05
11452,3.0494582647921927e-05
11453,3.0458972788416357e-05
11454,3.0423406083279755e-05
11455,3.0387876903681384e-05
11456,3.0352390878451981e-05
11457,3.0316946131314634e-05
11458,3.0281542662269342e-05
11459,3.0246180471316105e-05
11460,3.0210861434731836e-05
11461,3.0175579923685799e-05
11462,3.0140343443285641e-05
11463,3.0105144488423715e-05
11464,3.0069986811653845e-05
11465,3.0034874165529853e-05
11466,2.9999799044944094e-05
11467,2.9964765202450391e-05
11468,2.9929772638048743e-05
11469,2.989482135173915e-05
11470,2.9859911343521613e-05
11471,2.982504073711922e-05
11472,2.9790211408808883e-05
11473,2.9755425234867513e-05
11474,2.9720676586464375e-05
11475,2.9685969216153293e-05
11476,2.9651303123934266e-05
11477,2.9616676433530383e-05
11478,2.9582092897495468e-05
11479,2.9547545010721873e-05
11480,2.9513044030871068e-05
11481,2.9478580576558496e-05
11482,2.9444154647784156e-05
11483,2.9409769997101872e-05
11484,2.9375426624511643e-05
11485,2.9341120777459647e-05
11486,2.9306858084776618e-05
11487,2.9272634793908733e-05
11488,2.9238450904855991e-05
11489,2.9204306417618394e-05
11490,2.9170201332195941e-05
11491,2.9136137524865543e-05
11492,2.9102113119350289e-05
11493,2.9068128115650179e-05
11494,2.9034186266319036e-05
11495,2.9000278189972303e-05
11496,2.8966413267994536e-05
11497,2.8932585871555002e-05
11498,2.8898799753207524e-05
11499,2.8865053036675189e-05
11500,2.8831343845681087e-05
11501,2.879767593277904e-05
11502,2.8764045545415225e-05
11503,2.8730456436143467e-05
11504,2.8696906728686852e-05
11505,2.8663394546768469e-05
11506,2.8629923642942142e-05
11507,2.8596490264654047e-05
11508,2.8563094411904185e-05
11509,2.8529739837246378e-05
11510,2.8496424664403716e-05
11511,2.8463147017099285e-05
11512,2.8429908771609998e-05
11513,2.8396709927935856e-05
11514,2.8363548609799946e-05
11515,2.8330424817202268e-05
11516,2.8297340426419734e-05
11517,2.8264295437452344e-05
11518,2.8231289850300097e-05
11519,2.8198323664962995e-05
11520,2.8165393128887214e-05
11521,2.8132501994626576e-05
11522,2.8099650262181083e-05
11523,2.8066837931550733e-05
11524,2.8034061250181704e-05
11525,2.8001323970627819e-05
11526,2.7968626092889078e-05
11527,2.7935963864411658e-05
11528,2.7903341037749382e-05
11529,2.7870753860348426e-05
11530,2.7838207961039526e-05
11531,2.780570146354577e-05
11532,2.7773228739036423e-05
11533,2.774079541634222e-05
11534,2.7708403371740072e-05
11535,2.7676045100122334e-05
11536,2.7643724354042828e-05
11537,2.7611443009778466e-05
11538,2.7579201067329248e-05
11539,2.754699477414135e-05
11540,2.7514827882768597e-05
11541,2.7482696640657164e-05
11542,2.7450604800360875e-05
11543,2.7418548609325907e-05
11544,2.7386528067552259e-05
11545,2.7354546927593756e-05
11546,2.7322601436896573e-05
11547,2.7290695348014534e-05
11548,2.7258824908393816e-05
11549,2.722699199431133e-05
11550,2.7195196605767077e-05
11551,2.7163438742761056e-05
11552,2.7131720281570179e-05
11553,2.710003559336371e-05
11554,2.7068388430695475e-05
11555,2.7036778793565471e-05
11556,2.7005204805696789e-05
11557,2.697367021964325e-05
11558,2.6942171282851032e-05
11559,2.6910709871597046e-05
11560,2.6879282233327469e-05
11561,2.6847893996873037e-05
11562,2.6816541409679925e-05
11563,2.6785226348025045e-05
11564,2.6753946935631486e-05
11565,2.6722706925053071e-05
11566,2.6691498811182154e-05
11567,2.6660328222849469e-05
11568,2.6629195160055016e-05
11569,2.6598097746521884e-05
11570,2.6567039734803896e-05
11571,2.6536013619793405e-05
11572,2.6505026906598058e-05
11573,2.647407396638712e-05
11574,2.6443158551714415e-05
11575,2.6412278786303031e-05
11576,2.6381434670152967e-05
11577,2.6350628079541135e-05
11578,2.6319855261913713e-05
11579,2.6289121846101434e-05
11580,2.6258422203273565e-05
11581,2.6227756333430104e-05
11582,2.6197129865401788e-05
11583,2.6166537170357881e-05
11584,2.6135978248298383e-05
11585,2.6105458728054028e-05
11586,2.6074972980794083e-05
11587,2.6044522882795459e-05
11588,2.6014110310335067e-05
11589,2.5983729634582172e-05
11590,2.595338648436751e-05
11591,2.592308085969108e-05
11592,2.5892807131722147e-05
11593,2.5862570929291447e-05
11594,2.5832370376122068e-05
11595,2.5802203595937098e-05
11596,2.5772072465013448e-05
11597,2.5741975107074207e-05
11598,2.5711915274673199e-05
11599,2.5681891091533512e-05
11600,2.5651898805101322e-05
11601,2.5621942167930453e-05
11602,2.5592023056297816e-05
11603,2.5562137717649588e-05
11604,2.5532286151985769e-05
11605,2.5502472111860183e-05
11606,2.5472691844719005e-05
11607,2.5442941598008414e-05
11608,2.5413232629389878e-05
11609,2.538355555747884e-05
11610,2.5353914134829122e-05
11611,2.5324306485163813e-05
11612,2.5294730732206002e-05
11613,2.5265192504786423e-05
11614,2.5235691802905077e-05
11615,2.5206221121454316e-05
11616,2.5176787965541788e-05
11617,2.5147386706336757e-05
11618,2.5118019220116136e-05
11619,2.5088689259433746e-05
11620,2.5059389319181943e-05
11621,2.5030126904468372e-05
11622,2.5000896386462298e-05
11623,2.4971699641440633e-05
11624,2.4942538545680289e-05
11625,2.4913411222904355e-05
11626,2.4884319549389741e-05
11627,2.4855259772582624e-05
11628,2.4826233768759917e-05
11629,2.4797241537921618e-05
11630,2.476828495634464e-05
11631,2.473936027147516e-05
11632,2.4710469359590089e-05
11633,2.4681612220689427e-05
11634,2.4652790731050086e-05
11635,2.4624003014395154e-05
11636,2.4595247194447719e-05
11637,2.4566525147484693e-05
11638,2.4537838749782989e-05
11639,2.4509184248788781e-05
11640,2.4480563520778983e-05
11641,2.4451978442030505e-05
11642,2.4423423383712614e-05
11643,2.4394902098379131e-05
11644,2.4366414586030057e-05
11645,2.4337960846665393e-05
11646,2.4309539004008226e-05
11647,2.4281149058058556e-05
11648,2.4252794761370208e-05
11649,2.4224474237666268e-05
11650,2.4196181858116003e-05
11651,2.4167928880380881e-05
11652,2.4139707799353257e-05
11653,2.4111516738756219e-05
11654,2.4083361327420502e-05
11655,2.405523593651537e-05
11656,2.4027146194871559e-05
11657,2.3999086473658334e-05
11658,2.397106240170643e-05
11659,2.3943070226462023e-05
11660,2.3915109947925114e-05
11661,2.3887181566095702e-05
11662,2.3859285080973788e-05
11663,2.3831424245113194e-05
11664,2.3803593429683186e-05
11665,2.3775796387237588e-05
11666,2.3748029365222575e-05
11667,2.3720296116191971e-05
11668,2.3692596640145777e-05
11669,2.3664929060807079e-05
11670,2.3637291501898968e-05
11671,2.3609691468529089e-05
11672,2.3582119579312885e-05
11673,2.3554583339358001e-05
11674,2.3527075243556791e-05
11675,2.349960092073999e-05
11676,2.3472160370907599e-05
11677,2.3444751717782705e-05
11678,2.3417373085088396e-05
11679,2.3390028225378497e-05
11680,2.3362713386099184e-05
11681,2.3335428567250457e-05
11682,2.3308181273939962e-05
11683,2.3280960248506229e-05
11684,2.3253772996056906e-05
11685,2.322661764031508e-05
11686,2.3199494181280752e-05
11687,2.3172402618953921e-05
11688,2.3145342953334588e-05
11689,2.3118315184422752e-05
11690,2.3091319312218413e-05
11691,2.3064349707890838e-05
11692,2.3037417629101494e-05
11693,2.3010517447019648e-05
11694,2.2983645409091477e-05
11695,2.2956807144147714e-05
11696,2.2929998899634537e-05
11697,2.2903222551828858e-05
11698,2.2876474348176853e-05
11699,2.2849759917509257e-05
11700,2.2823077383549158e-05
11701,2.2796424870019646e-05
11702,2.2769800500643808e-05
11703,2.274321178052929e-05
11704,2.2716653080845358e-05
11705,2.2690124401592012e-05
11706,2.2663627619046164e-05
11707,2.2637162733207813e-05
11708,2.2610727867800048e-05
11709,2.2584323022822869e-05
11710,2.2557950074553187e-05
11711,2.2531607146714091e-05
11712,2.2505294239305581e-05
11713,2.2479013228604568e-05
11714,2.2452762238334142e-05
11715,2.2426543144771213e-05
11716,2.2400352195361958e-05
11717,2.2374195018937112e-05
11718,2.2348067862942852e-05
11719,2.2321970727379178e-05
11720,2.229590361224609e-05
11721,2.2269864641266676e-05
11722,2.2243861319548582e-05
11723,2.2217886141984163e-05
11724,2.2191939108573419e-05
11725,2.2166023971870171e-05
11726,2.214013885559751e-05
11727,2.2114283759755434e-05
11728,2.2088460560620856e-05
11729,2.2062665505639952e-05
11730,2.2036900471089634e-05
11731,2.2011167333246814e-05
11732,2.1985462339557668e-05
11733,2.1959787366299107e-05
11734,2.1934146166024956e-05
11735,2.1908529357350656e-05
11736,2.1882946321660764e-05
11737,2.1857393306401459e-05
11738,2.1831868435295828e-05
11739,2.1806371708343871e-05
11740,2.1780908754376324e-05
11741,2.1755472068285538e-05
11742,2.1730067278902251e-05
11743,2.1704692509949549e-05
11744,2.1679345885150522e-05
11745,2.165402928078208e-05
11746,2.1628740820567313e-05
11747,2.1603486133336954e-05
11748,2.157825959026027e-05
11749,2.1553057438783437e-05
11750,2.1527889060291013e-05
11751,2.1502750702229175e-05
11752,2.14776386120441e-05
11753,2.1452558418566522e-05
11754,2.1427506369242618e-05
11755,2.14024843403493e-05
11756,2.1377490455609657e-05
11757,2.1352526591300599e-05
11758,2.1327590871145216e-05
11759,2.1302685171420418e-05
11760,2.1277809492126206e-05
11761,2.1252960080708757e-05
11762,2.1228142565998805e-05
11763,2.1203353195442528e-05
11764,2.1178591969039925e-05
11765,2.1153860763067908e-05
11766,2.1129157701249565e-05
11767,2.1104484659861807e-05
11768,2.1079837886350813e-05
11769,2.1055223009547316e-05
11770,2.103063252434367e-05
11771,2.1006075812124433e-05
11772,2.0981545367781958e-05
11773,2.0957041191316247e-05
11774,2.0932570787834944e-05
11775,2.0908126652230404e-05
11776,2.0883710660779539e-05
11777,2.0859320937205436e-05
11778,2.083496311033883e-05
11779,2.0810633427625899e-05
11780,2.078633001278973e-05
11781,2.0762058494661059e-05
11782,2.0737811368132238e-05
11783,2.0713594262034004e-05
11784,2.0689405300089444e-05
11785,2.066524635857547e-05
11786,2.0641113684938258e-05
11787,2.0617009155454721e-05
11788,2.0592934646401769e-05
11789,2.056888640522558e-05
11790,2.0544868184479977e-05
11791,2.0520876231611137e-05
11792,2.0496910546619059e-05
11793,2.0472973005780656e-05
11794,2.0449065485372838e-05
11795,2.0425187985395606e-05
11796,2.0401336753295137e-05
11797,2.0377509912794519e-05
11798,2.0353714969001398e-05
11799,2.032994629308504e-05
11800,2.0306205761322357e-05
11801,2.0282493373713347e-05
11802,2.02588072539811e-05
11803,2.0235149278402528e-05
11804,2.0211521323254541e-05
11805,2.0187917759706405e-05
11806,2.0164340464035032e-05
11807,2.0140793188794245e-05
11808,2.0117274057707132e-05
11809,2.0093783070773693e-05
11810,2.0070316475440105e-05
11811,2.0046879900537103e-05
11812,2.0023467717233953e-05
11813,2.0000085554361388e-05
11814,1.9976729659365585e-05
11815,1.9953401908523457e-05
11816,1.9930100425558092e-05
11817,1.99068270867464e-05
11818,1.9883580015811472e-05
11819,1.9860361089030217e-05
11820,1.9837168430125726e-05
11821,1.9814003915374908e-05
11822,1.9790865668500853e-05
11823,1.9767751813226649e-05
11824,1.9744669854659943e-05
11825,1.9721612287693088e-05
11826,1.9698580988602995e-05
11827,1.9675577833666576e-05
11828,1.9652600946606921e-05
11829,1.9629652203700939e-05
11830,1.960672972867172e-05
11831,1.9583833521519264e-05
11832,1.956096358224357e-05
11833,1.9538119910844639e-05
11834,1.9515304383599382e-05
11835,1.9492515124230888e-05
11836,1.9469752132739156e-05
11837,1.9447017285401099e-05
11838,1.9424306829662893e-05
11839,1.9401622641801449e-05
11840,1.9378964721816768e-05
11841,1.9356336822262673e-05
11842,1.9333731438031517e-05
11843,1.9311156074230947e-05
11844,1.928860697830714e-05
11845,1.9266080397706272e-05
11846,1.9243581961259079e-05
11847,1.9221109792688648e-05
11848,1.9198663891994979e-05
11849,1.9176244259178073e-05
11850,1.9153849017961019e-05
11851,1.9131481920897638e-05
11852,1.910914109171102e-05
11853,1.9086826530401165e-05
11854,1.9064538236968073e-05
11855,1.9042278087688654e-05
11856,1.9020038577455264e-05
11857,1.8997829087652459e-05
11858,1.8975643989449505e-05
11859,1.8953483282846403e-05
11860,1.8931348844120063e-05
11861,1.8909242549547397e-05
11862,1.8887162522851494e-05
11863,1.886510501147853e-05
11864,1.8843073767982329e-05
11865,1.882106879236289e-05
11866,1.8799090084620215e-05
11867,1.8777137644754301e-05
11868,1.8755207720211328e-05
11869,1.873330781609894e-05
11870,1.8711430427309491e-05
11871,1.8689579306396805e-05
11872,1.8667754453360882e-05
11873,1.8645955868201721e-05
11874,1.86241797983655e-05
11875,1.8602431872682953e-05
11876,1.8580708338600257e-05
11877,1.8559011072394324e-05
11878,1.8537340074065153e-05
11879,1.8515691591058921e-05
11880,1.8494067499652541e-05
11881,1.8472471552399835e-05
11882,1.845089999674698e-05
11883,1.8429352832693976e-05
11884,1.8407831936517734e-05
11885,1.8386335431941344e-05
11886,1.8364863318964805e-05
11887,1.8343417473865028e-05
11888,1.8321997896642014e-05
11889,1.8300600834741939e-05
11890,1.8279230040718627e-05
11891,1.8257885514572077e-05
11892,1.8236563503748467e-05
11893,1.821526776080162e-05
11894,1.8193994533177712e-05
11895,1.817275132598439e-05
11896,1.8151530634114007e-05
11897,1.8130332457566564e-05
11898,1.8109162425172794e-05
11899,1.8088011155548141e-05
11900,1.8066888030077163e-05
11901,1.8045791172482947e-05
11902,1.802471683021167e-05
11903,1.8003668755817156e-05
11904,1.7982645073022493e-05
11905,1.7961647658104592e-05
11906,1.794067088223272e-05
11907,1.791972037423761e-05
11908,1.7898794257842351e-05
11909,1.7877894409323854e-05
11910,1.7857015199851386e-05
11911,1.783616225825568e-05
11912,1.7815331831982913e-05
11913,1.779452767358691e-05
11914,1.7773749783067668e-05
11915,1.7752994407871366e-05
11916,1.7732259671721092e-05
11917,1.7711554956001404e-05
11918,1.7690870879327744e-05
11919,1.7670213070530846e-05
11920,1.7649575900779976e-05
11921,1.762896687518278e-05
11922,1.7608382241185435e-05
11923,1.7587816369957206e-05
11924,1.7567278642882652e-05
11925,1.7546765307407949e-05
11926,1.7526272610979273e-05
11927,1.750580618242736e-05
11928,1.7485362269198387e-05
11929,1.7464944623846176e-05
11930,1.7444551370093816e-05
11931,1.7424178755387484e-05
11932,1.7403830532281003e-05
11933,1.7383508577051284e-05
11934,1.7363207260867594e-05
11935,1.7342930336283754e-05
11936,1.7322677803299765e-05
11937,1.7302451538192539e-05
11938,1.7282244035854429e-05
11939,1.7262062801393082e-05
11940,1.7241904082254674e-05
11941,1.7221769754716117e-05
11942,1.72016579425005e-05
11943,1.7181570521884734e-05
11944,1.7161505616591907e-05
11945,1.7141466979175842e-05
11946,1.7121450857082717e-05
11947,1.710145537403562e-05
11948,1.7081484282588374e-05
11949,1.7061537582740979e-05
11950,1.7041611521939611e-05
11951,1.7021711729015007e-05
11952,1.7001834451413341e-05
11953,1.6981979689134615e-05
11954,1.6962147442178829e-05
11955,1.6942341463099805e-05
11956,1.6922556123066809e-05
11957,1.6902795174633663e-05
11958,1.6883056741523458e-05
11959,1.6863340823736191e-05
11960,1.6843649297548776e-05
11961,1.68239802866843e-05
11962,1.6804331914865852e-05
11963,1.6784709810924167e-05
11964,1.6765108346028509e-05
11965,1.6745527520178879e-05
11966,1.6725972962206012e-05
11967,1.6706442795832995e-05
11968,1.6686935144782918e-05
11969,1.6667448132778869e-05
11970,1.6647983636097759e-05
11971,1.6628541654739589e-05
11972,1.660912406498127e-05
11973,1.658972899054589e-05
11974,1.6570354555156538e-05
11975,1.6551006387643948e-05
11976,1.6531678859177387e-05
11977,1.6512373846033764e-05
11978,1.649308947193617e-05
11979,1.6473827613161515e-05
11980,1.645459014598671e-05
11981,1.6435377070411757e-05
11982,1.6416184633882832e-05
11983,1.6397014712676846e-05
11984,1.6377865430516888e-05
11985,1.6358738663679869e-05
11986,1.6339636288442701e-05
11987,1.6320554552251562e-05
11988,1.6301495331383361e-05
11989,1.6282460502115011e-05
11990,1.6263444435615778e-05
11991,1.6244454636993307e-05
11992,1.6225481724863041e-05
11993,1.6206535080609538e-05
11994,1.6187609075402062e-05
11995,1.6168707461794437e-05
11996,1.6149826487232843e-05
11997,1.6130968027994186e-05
11998,1.6112130207801556e-05
11999,1.6093313026654954e-05
12000,1.6074522113385115e-05
12001,1.6055751839161303e-05
12002,1.6037000327706608e-05
12003,1.6018271331574852e-05
12004,1.5999564850766035e-05
12005,1.5980880885280158e-05
12006,1.596221943511722e-05
12007,1.594357862400031e-05
12008,1.5924962204483251e-05
12009,1.5906366424012219e-05
12010,1.5887791282587216e-05
12011,1.586923678020824e-05
12012,1.5850704793152204e-05
12013,1.5832197197696019e-05
12014,1.5813708365008949e-05
12015,1.579524204764482e-05
12016,1.5776798245603629e-05
12017,1.5758373206331555e-05
12018,1.573997068238242e-05
12019,1.5721590673756225e-05
12020,1.5703229427899146e-05
12021,1.5684892573641918e-05
12022,1.5666576358430717e-05
12023,1.5648278905988633e-05
12024,1.56300058451464e-05
12025,1.5611753423350194e-05
12026,1.5593523516876928e-05
12027,1.5575312373172778e-05
12028,1.5557123744791568e-05
12029,1.5538955755456385e-05
12030,1.5520810281444142e-05
12031,1.5502685446477926e-05
12032,1.5484579374280827e-05
12033,1.546649956996049e-05
12034,1.544843852840927e-05
12035,1.5430396249627165e-05
12036,1.5412378362444912e-05
12037,1.5394379238031775e-05
12038,1.5376404505218488e-05
12039,1.5358446658897407e-05
12040,1.5340513204176176e-05
12041,1.532259663594715e-05
12042,1.5304706335594886e-05
12043,1.5286832921734828e-05
12044,1.5268980146920796e-05
12045,1.5251149887429703e-05
12046,1.5233338390707727e-05
12047,1.5215551285585603e-05
12048,1.5197782943232594e-05
12049,1.5180033363648702e-05
12050,1.5162308175664661e-05
12051,1.5144601750449736e-05
12052,1.5126915964280839e-05
12053,1.5109252693434881e-05
12054,1.5091608185358039e-05
12055,1.5073986192604137e-05
12056,1.5056382962619351e-05
12057,1.5038800371680592e-05
12058,1.5021238419787862e-05
12059,1.5003697106941159e-05
12060,1.4986176433140484e-05
12061,1.4968676398385837e-05
12062,1.4951197002677217e-05
12063,1.4933736369737714e-05
12064,1.4916294499567327e-05
12065,1.4898877020996791e-05
12066,1.4881478305195371e-05
12067,1.4864100228439979e-05
12068,1.4846742790730614e-05
12069,1.4829404115790366e-05
12070,1.4812087956173057e-05
12071,1.4794790559324865e-05
12072,1.47775138015227e-05
12073,1.4760255806489651e-05
12074,1.4743020326779542e-05
12075,1.4725801733561637e-05
12076,1.4708605655666672e-05
12077,1.4691432093094646e-05
12078,1.4674273540737913e-05
12079,1.4657137503704119e-05
12080,1.4640020229439442e-05
12081,1.4622923594220792e-05
12082,1.460584759804817e-05
12083,1.4588792240921576e-05
12084,1.4571755646564098e-05
12085,1.4554739691252648e-05
12086,1.4537744374987225e-05
12087,1.4520765945214008e-05
12088,1.4503808154486817e-05
12089,1.4486872879082567e-05
12090,1.4469954490170521e-05
12091,1.4453056740304502e-05
12092,1.44361777532076e-05
12093,1.4419319405156726e-05
12094,1.4402481696151879e-05
12095,1.4385662749916149e-05
12096,1.4368864442726446e-05
12097,1.435208489830586e-05
12098,1.4335325992931301e-05
12099,1.4318582097772035e-05
12100,1.4301864470489532e-05
12101,1.4285161853422322e-05
12102,1.4268477999124228e-05
12103,1.4251816660149073e-05
12104,1.4235174083943035e-05
12105,1.4218552146783024e-05
12106,1.4201947096115218e-05
12107,1.4185362684493439e-05
12108,1.4168797035640777e-05
12109,1.4152252025834143e-05
12110,1.4135725778796624e-05
12111,1.4119218294528222e-05
12112,1.4102729573028936e-05
12113,1.4086259614298767e-05
12114,1.4069812170891536e-05
12115,1.4053381613976511e-05
12116,1.4036967943553689e-05
12117,1.4020576788453807e-05
12118,1.4004204396123042e-05
12119,1.3987850766561392e-05
12120,1.3971515899768859e-05
12121,1.3955201672022353e-05
12122,1.3938904330768052e-05
12123,1.3922627628559779e-05
12124,1.390636781284371e-05
12125,1.3890128636173669e-05
12126,1.3873908222272744e-05
12127,1.3857708447417847e-05
12128,1.3841525559055155e-05
12129,1.3825359557184667e-05
12130,1.3809216070637119e-05
12131,1.3793089470581775e-05
12132,1.3776983509572459e-05
12133,1.3760894435055347e-05
12134,1.3744825999584263e-05
12135,1.3728772574328472e-05
12136,1.3712743540672532e-05
12137,1.3696729517231885e-05
12138,1.3680734256560355e-05
12139,1.366475775865794e-05
12140,1.3648801899801553e-05
12141,1.3632862927437371e-05
12142,1.3616942717842305e-05
12143,1.3601041271016355e-05
12144,1.3585160463236433e-05
12145,1.3569294665671803e-05
12146,1.355344763087629e-05
12147,1.3537623111403717e-05
12148,1.3521811725869524e-05
12149,1.3506022855658271e-05
12150,1.3490250871939223e-05
12151,1.3474497650989291e-05
12152,1.3458763192808474e-05
12153,1.3443047497396774e-05
12154,1.3427344935923456e-05
12155,1.3411664889773077e-05
12156,1.3396001730114902e-05
12157,1.3380359209502755e-05
12158,1.3364735451659724e-05
12159,1.3349126704031987e-05
12160,1.3333536719173365e-05
12161,1.3317967373360771e-05
12162,1.3302414914040382e-05
12163,1.3286881217489109e-05
12164,1.327136440743004e-05
12165,1.3255866360140088e-05
12166,1.3240387075619252e-05
12167,1.322492467759062e-05
12168,1.3209482918608016e-05
12169,1.3194058046117617e-05
12170,1.317864818384251e-05
12171,1.3163258960613431e-05
12172,1.3147886623876557e-05
12173,1.3132533049908799e-05
12174,1.3117198238710158e-05
12175,1.3101878437726809e-05
12176,1.3086579275789488e-05
12177,1.3071297000344371e-05
12178,1.3056031611391459e-05
12179,1.3040784985207663e-05
12180,1.3025557121792984e-05
12181,1.301034802114742e-05
12182,1.299515393071715e-05
12183,1.2979978603055995e-05
12184,1.2964822038163957e-05
12185,1.2949680483487212e-05
12186,1.2934557691579583e-05
12187,1.291945366244107e-05
12188,1.290436464351785e-05
12189,1.2889298139917569e-05
12190,1.287424477025567e-05
12191,1.285921391591671e-05
12192,1.284419431923922e-05
12193,1.2829195361607758e-05
12194,1.28142132904685e-05
12195,1.279925185837527e-05
12196,1.2784301683943509e-05
12197,1.2769374024834688e-05
12198,1.275446137594116e-05
12199,1.2739567489816748e-05
12200,1.2724692366461452e-05
12201,1.2709830377044538e-05
12202,1.2694989026673651e-05
12203,1.2680164562794969e-05
12204,1.2665356985408492e-05
12205,1.2650564418237307e-05
12206,1.2635794366389062e-05
12207,1.2621035572202287e-05
12208,1.260629929333845e-05
12209,1.2591578024689907e-05
12210,1.2576873642533569e-05
12211,1.2562188023146346e-05
12212,1.2547515537697505e-05
12213,1.2532865567571603e-05
12214,1.2518226855107171e-05
12215,1.2503610657965679e-05
12216,1.2489009471039479e-05
12217,1.2474425170605484e-05
12218,1.2459857756663693e-05
12219,1.2445307229214107e-05
12220,1.2430773588256725e-05
12221,1.241625871006846e-05
12222,1.2401758842095488e-05
12223,1.238727586061472e-05
12224,1.2372811641903068e-05
12225,1.2358360557129798e-05
12226,1.2343928235125643e-05
12227,1.2329514675890605e-05
12228,1.2315118003147772e-05
12229,1.2300736340620231e-05
12230,1.2286371564584895e-05
12231,1.2272025551318675e-05
12232,1.2257694548267748e-05
12233,1.2243380431709026e-05
12234,1.2229081325365597e-05
12235,1.2214800981791283e-05
12236,1.2200537524709175e-05
12237,1.2186289077842359e-05
12238,1.2172059393744659e-05
12239,1.2157846596139164e-05
12240,1.2143648808748962e-05
12241,1.2129467907850964e-05
12242,1.2115303893445171e-05
12243,1.2101156765531583e-05
12244,1.2087026524110199e-05
12245,1.2072911292904108e-05
12246,1.2058812948190221e-05
12247,1.2044731489968539e-05
12248,1.203066504196215e-05
12249,1.2016615480447966e-05
12250,1.2002582805425986e-05
12251,1.1988565140619299e-05
12252,1.1974566238581728e-05
12253,1.1960580470482539e-05
12254,1.1946613465152465e-05
12255,1.1932663346314596e-05
12256,1.1918728237692021e-05
12257,1.1904808139284738e-05
12258,1.1890908679923483e-05
12259,1.187702423077752e-05
12260,1.1863154791846851e-05
12261,1.1849302239408386e-05
12262,1.1835462820908303e-05
12263,1.1821642165177336e-05
12264,1.180783464338475e-05
12265,1.1794047760638192e-05
12266,1.1780275888106926e-05
12267,1.1766519025790954e-05
12268,1.1752777173690275e-05
12269,1.1739054084358712e-05
12270,1.1725346005242441e-05
12271,1.1711652936341464e-05
12272,1.169797487765578e-05
12273,1.1684315581739211e-05
12274,1.1670671296037936e-05
12275,1.1657043896828865e-05
12276,1.1643427755281264e-05
12277,1.1629832252779691e-05
12278,1.1616251760493411e-05
12279,1.1602688154699335e-05
12280,1.158913768284364e-05
12281,1.1575605973757062e-05
12282,1.1562087398608865e-05
12283,1.1548583833675961e-05
12284,1.1535097155235262e-05
12285,1.1521627363286767e-05
12286,1.1508174457830476e-05
12287,1.1494732810035655e-05
12288,1.1481309925009951e-05
12289,1.1467903926476451e-05
12290,1.1454509185604421e-05
12291,1.1441135083778418e-05
12292,1.1427772239613885e-05
12293,1.1414428158218469e-05
12294,1.1401099087038345e-05
12295,1.1387785026073514e-05
12296,1.1374485975323976e-05
12297,1.1361205687343555e-05
12298,1.1347936657024603e-05
12299,1.1334686389474767e-05
12300,1.1321447379586401e-05
12301,1.1308227132467151e-05
12302,1.1295021895563194e-05
12303,1.1281833545151441e-05
12304,1.1268656452401158e-05
12305,1.1255498122419992e-05
12306,1.1242354802654118e-05
12307,1.1229224616826626e-05
12308,1.1216111317491338e-05
12309,1.1203014904648255e-05
12310,1.1189931625743553e-05
12311,1.1176865233331055e-05
12312,1.1163813851133851e-05
12313,1.1150777479151939e-05
12314,1.1137754241108409e-05
12315,1.1124747889557083e-05
12316,1.1111754671944139e-05
12317,1.1098780217100311e-05
12318,1.1085818896194864e-05
12319,1.1072874461781622e-05
12320,1.1059943161306761e-05
12321,1.1047028747324104e-05
12322,1.1034129343556741e-05
12323,1.1021243073727758e-05
12324,1.1008371814114069e-05
12325,1.0995515564715673e-05
12326,1.0982676201809481e-05
12327,1.0969851849118582e-05
12328,1.0957040630366064e-05
12329,1.0944246298105751e-05
12330,1.0931466976060731e-05
12331,1.0918702664231004e-05
12332,1.0905949610062747e-05
12333,1.0893215318663605e-05
12334,1.0880492284925934e-05
12335,1.0867786137680467e-05
12336,1.0855095000650293e-05
12337,1.0842418873835412e-05
12338,1.0829757757235823e-05
12339,1.0817111650851528e-05
12340,1.0804480554682526e-05
12341,1.0791862592451905e-05
12342,1.0779259640436576e-05
12343,1.0766671698636541e-05
12344,1.0754096890774887e-05
12345,1.0741538969405438e-05
12346,1.0728997934528193e-05
12347,1.0716468157312418e-05
12348,1.0703953390311936e-05
12349,1.0691453633526747e-05
12350,1.0678968886956851e-05
12351,1.0666497274325336e-05
12352,1.0654040671909113e-05
12353,1.0641600955985096e-05
12354,1.0629172497722548e-05
12355,1.0616760925952205e-05
12356,1.0604360611843331e-05
12357,1.0591979060503574e-05
12358,1.0579608766825286e-05
12359,1.0567253483362292e-05
12360,1.055491321011459e-05
12361,1.0542586070805269e-05
12362,1.0530275817988153e-05
12363,1.051798057538633e-05
12364,1.0505694714169065e-05
12365,1.0493427615720917e-05
12366,1.0481171774934238e-05
12367,1.0468934696916675e-05
12368,1.0456708876560581e-05
12369,1.0444498066419781e-05
12370,1.0432300390217362e-05
12371,1.0420119600507148e-05
12372,1.0407951944735315e-05
12373,1.0395797422901863e-05
12374,1.0383656035006792e-05
12375,1.0371529657327015e-05
12376,1.0359420166139442e-05
12377,1.034732380889025e-05
12378,1.033524058557944e-05
12379,1.0323170496207011e-05
12380,1.0311117293326786e-05
12381,1.0299075348108032e-05
12382,1.028704841310457e-05
12383,1.0275036488316401e-05
12384,1.0263037697466613e-05
12385,1.0251053916832119e-05
12386,1.0239081393859094e-05
12387,1.0227123881101361e-05
12388,1.0215179502282011e-05
12389,1.0203250133677953e-05
12390,1.0191335775289188e-05
12391,1.0179432674561893e-05
12392,1.0167546460326802e-05
12393,1.0155671503753181e-05
12394,1.0143813433671765e-05
12395,1.0131966621251818e-05
12396,1.0120134819047165e-05
12397,1.0108318027057804e-05
12398,1.0096516245283736e-05
12399,1.0084725721171138e-05
12400,1.0072946454720009e-05
12401,1.0061185951037997e-05
12402,1.0049432952463631e-05
12403,1.0037698716658381e-05
12404,1.0025975738514601e-05
12405,1.0014267770586114e-05
12406,1.000257481287292e-05
12407,9.9908949890981074e-06
12408,9.9792264229847643e-06
12409,9.9675728670867142e-06
12410,9.9559343214039569e-06
12411,9.944308909659581e-06
12412,9.9326947555766748e-06
12413,9.9210974879859731e-06
12414,9.9095114780567411e-06
12415,9.8979386020658905e-06
12416,9.8863788600134211e-06
12417,9.8748341281762447e-06
12418,9.8633044065543612e-06
12419,9.8517859425939474e-06
12420,9.840280612571915e-06
12421,9.8287884164882638e-06
12422,9.8173112306199056e-06
12423,9.8058471786899287e-06
12424,9.7943962606983331e-06
12425,9.7829603529220304e-06
12426,9.7715357028071975e-06
12427,9.7601241866307459e-06
12428,9.7487258043926755e-06
12429,9.7373405560929865e-06
12430,9.7259684417316788e-06
12431,9.7146113375856641e-06
12432,9.7032673673780306e-06
12433,9.6919365311087785e-06
12434,9.6806207050548193e-06
12435,9.6693142603854182e-06
12436,9.6580209496543984e-06
12437,9.6467426491386715e-06
12438,9.6354793588382376e-06
12439,9.6242273261992733e-06
12440,9.6129884274986904e-06
12441,9.6017645390134004e-06
12442,9.5905519081895801e-06
12443,9.5793505350272295e-06
12444,9.5681660483570835e-06
12445,9.5569909430714955e-06
12446,9.5458308480012005e-06
12447,9.5346820105923752e-06
12448,9.5235481833988428e-06
12449,9.5124256138667801e-06
12450,9.5013180545500103e-06
12451,9.4902236291716218e-06
12452,9.4791404614547031e-06
12453,9.4680723039530773e-06
12454,9.4570172803898328e-06
12455,9.445973514488058e-06
12456,9.4349428825246645e-06
12457,9.4239235082227407e-06
12458,9.4129191441361098e-06
12459,9.4019241614340371e-06
12460,9.3909460652241688e-06
12461,9.3799792266757703e-06
12462,9.3690236457888415e-06
12463,9.358081198840294e-06
12464,9.3471537621070394e-06
12465,9.3362413355890777e-06
12466,9.3253364141787625e-06
12467,9.3144483792606519e-06
12468,9.3035697257270994e-06
12469,9.2927079586857514e-06
12470,9.2818536967520498e-06
12471,9.2710144450336412e-06
12472,9.2601902035305255e-06
12473,9.2493772196888796e-06
12474,9.2385736172317917e-06
12475,9.2277869012669083e-06
12476,9.2170114429634947e-06
12477,9.2062472423215508e-06
12478,9.1954980518948997e-06
12479,9.1847582428528068e-06
12480,9.1740334440260068e-06
12481,9.1633199028606765e-06
12482,9.1526194956337275e-06
12483,9.1419303460682483e-06
12484,9.1312543304411503e-06
12485,9.1205914487524336e-06
12486,9.1099398247251867e-06
12487,9.099301334636321e-06
12488,9.0886778547627483e-06
12489,9.0780637562737337e-06
12490,9.0674609154461888e-06
12491,9.0568730848339368e-06
12492,9.0462965118831545e-06
12493,9.0357330728707535e-06
12494,9.0251808915198223e-06
12495,9.0146418441072723e-06
12496,9.0041178069100153e-06
12497,8.9936012748204047e-06
12498,8.9830997529460871e-06
12499,8.9726076124563275e-06
12500,8.9621304821818609e-06
12501,8.951664609568864e-06
12502,8.9412118708942484e-06
12503,8.9307685136041909e-06
12504,8.9203401665294263e-06
12505,8.9099212008392198e-06
12506,8.8995172453643062e-06
12507,8.8891245475508623e-06
12508,8.8787431073988881e-06
12509,8.8683748011852953e-06
12510,8.8580196289100837e-06
12511,8.8476738380194303e-06
12512,8.8373411810671581e-06
12513,8.8270216580532673e-06
12514,8.8167152689777578e-06
12515,8.806420137563718e-06
12516,8.7961362638111479e-06
12517,8.7858655239969591e-06
12518,8.77560604184424e-06
12519,8.7653578173529905e-06
12520,8.7551208505232108e-06
12521,8.7448970176318125e-06
12522,8.7346844424018838e-06
12523,8.7244850011103364e-06
12524,8.7142968174802587e-06
12525,8.7041198915116507e-06
12526,8.6939542232045125e-06
12527,8.6838016888357555e-06
12528,8.6736604121284682e-06
12529,8.6635322693595623e-06
12530,8.6534153842521261e-06
12531,8.6433097568061595e-06
12532,8.6332172632985743e-06
12533,8.6231341511755471e-06
12534,8.6130660492678129e-06
12535,8.6030073287446368e-06
12536,8.592961742159842e-06
12537,8.5829255369596052e-06
12538,8.5729024656977498e-06
12539,8.5628925283742757e-06
12540,8.5528919724353597e-06
12541,8.542904550434825e-06
12542,8.53292838609576e-06
12543,8.5229634794181646e-06
12544,8.513009830402039e-06
12545,8.5030693153242947e-06
12546,8.4931381816311085e-06
12547,8.4832220581532153e-06
12548,8.4733134397829684e-06
12549,8.4634217079049262e-06
12550,8.453539357411442e-06
12551,8.4436645120256043e-06
12552,8.4338046768550595e-06
12553,8.4239542230690728e-06
12554,8.414118779498379e-06
12555,8.4042927173122433e-06
12556,8.3944779127875773e-06
12557,8.3846762422012927e-06
12558,8.3748839529995661e-06
12559,8.3651029214593092e-06
12560,8.3553350238574336e-06
12561,8.3455783839170277e-06
12562,8.3358330016380916e-06
12563,8.3260970007437135e-06
12564,8.3163741337877167e-06
12565,8.3066644007701012e-06
12566,8.2969621728601322e-06
12567,8.2872730788885446e-06
12568,8.2775971188553382e-06
12569,8.2679305402066899e-06
12570,8.2582770954964229e-06
12571,8.2486311558938024e-06
12572,8.2389983502295633e-06
12573,8.2293786785037054e-06
12574,8.219766511885494e-06
12575,8.2101693554825755e-06
12576,8.2005797041873035e-06
12577,8.1910050631073244e-06
12578,8.1814416796888151e-06
12579,8.1718858013779521e-06
12580,8.1623430570054706e-06
12581,8.1528115702944587e-06
12582,8.1432894649680048e-06
12583,8.1337804935799324e-06
12584,8.1242827798533296e-06
12585,8.1147944475112848e-06
12586,8.1053173728307098e-06
12587,8.0958534320885161e-06
12588,8.0864007490077921e-06
12589,8.0769574473116279e-06
12590,8.0675235270000201e-06
12591,8.0581027406267935e-06
12592,8.0486932119150367e-06
12593,8.0392949408647496e-06
12594,8.0299060511990206e-06
12595,8.0205302954716728e-06
12596,8.0111620448519716e-06
12597,8.0018069281706516e-06
12598,7.992464945427713e-06
12599,7.9831304677924209e-06
12600,7.9738072478185984e-06
12601,7.9644971617831573e-06
12602,7.9551964571322742e-06
12603,7.9459051338659492e-06
12604,7.9366269445380055e-06
12605,7.92735813659462e-06
12606,7.9181005863127041e-06
12607,7.9088524174153463e-06
12608,7.8996173824563698e-06
12609,7.890393605158863e-06
12610,7.8811773329690027e-06
12611,7.8719760709944353e-06
12612,7.8627823141275144e-06
12613,7.8535998149220632e-06
12614,7.8444304496549933e-06
12615,7.8352685894955698e-06
12616,7.8261198632745277e-06
12617,7.8169805184380436e-06
12618,7.8078524312630293e-06
12619,7.7987356017494847e-06
12620,7.7896281536204981e-06
12621,7.7805319631529812e-06
12622,7.7714451540700225e-06
12623,7.7623696026485334e-06
12624,7.753305308888514e-06
12625,7.7442503965130527e-06
12626,7.7352067417990611e-06
12627,7.7261743447465392e-06
12628,7.717153205355487e-06
12629,7.7081395710720813e-06
12630,7.6991371944501452e-06
12631,7.6901460754896789e-06
12632,7.6811662141906822e-06
12633,7.6721976105531553e-06
12634,7.6632365120232748e-06
12635,7.6542904237086873e-06
12636,7.6453518405017462e-06
12637,7.6364226386793632e-06
12638,7.6275046945184491e-06
12639,7.6185980080190055e-06
12640,7.6097025791810316e-06
12641,7.6008165317276158e-06
12642,7.5919379893818464e-06
12643,7.5830725809744584e-06
12644,7.5742165539516284e-06
12645,7.5653736608671798e-06
12646,7.5565382728903776e-06
12647,7.5477141425750452e-06
12648,7.5388993936442708e-06
12649,7.5300977786518777e-06
12650,7.5213017924902195e-06
12651,7.5125189402669426e-06
12652,7.5037454694282238e-06
12653,7.4949832562509747e-06
12654,7.4862323007351952e-06
12655,7.4774907266039739e-06
12656,7.468756657580399e-06
12657,7.4600338462182938e-06
12658,7.45132416879457e-06
12659,7.4426238727554042e-06
12660,7.4339310818238849e-06
12661,7.4252495485538353e-06
12662,7.4165773966683437e-06
12663,7.4079165024443219e-06
12664,7.3992668658817698e-06
12665,7.3906247344268641e-06
12666,7.3819957369103398e-06
12667,7.3733761207783735e-06
12668,7.3647640097540537e-06
12669,7.3561650326681152e-06
12670,7.3475773132436464e-06
12671,7.3389952226499125e-06
12672,7.3304243897176482e-06
12673,7.3218629381699421e-06
12674,7.3133127442837056e-06
12675,7.3047719317820273e-06
12676,7.296240500664907e-06
12677,7.287722203486168e-06
12678,7.2792114114150755e-06
12679,7.2707118770054527e-06
12680,7.2622198477034763e-06
12681,7.2537409523398813e-06
12682,7.2452695620839327e-06
12683,7.2368094294894539e-06
12684,7.2283586782795331e-06
12685,7.2199173084541704e-06
12686,7.2114853200133658e-06
12687,7.2030645892340309e-06
12688,7.1946513635623424e-06
12689,7.1862512718290353e-06
12690,7.1778586852033746e-06
12691,7.169475479962272e-06
12692,7.1611035323826391e-06
12693,7.1527428424644759e-06
12694,7.1443877813770476e-06
12695,7.1360458542280006e-06
12696,7.1277133084635116e-06
12697,7.1193882678066692e-06
12698,7.1110744848112964e-06
12699,7.1027700832004817e-06
12700,7.0944769392511367e-06
12701,7.0861913004094382e-06
12702,7.0779169192292093e-06
12703,7.0696519194335386e-06
12704,7.0613944247455143e-06
12705,7.0531500639958713e-06
12706,7.0449132083538748e-06
12707,7.0366857340964364e-06
12708,7.0284695175004677e-06
12709,7.0202626822890571e-06
12710,7.0120633521852929e-06
12711,7.0038734034660868e-06
12712,6.995696588685262e-06
12713,6.9875272790120837e-06
12714,6.9793692270003751e-06
12715,6.971218680096313e-06
12716,6.9630775145768089e-06
12717,6.954945730441863e-06
12718,6.9468233276914751e-06
12719,6.9387103063256453e-06
12720,6.9306085426212852e-06
12721,6.9225161603014831e-06
12722,6.9144312830893276e-06
12723,6.9063576635386417e-06
12724,6.8982915490956023e-06
12725,6.8902366923140326e-06
12726,6.882191216917021e-06
12727,6.8741532466276559e-06
12728,6.8661265339997604e-06
12729,6.8581073264795114e-06
12730,6.8500993766207321e-06
12731,6.8420989318695993e-06
12732,6.8341078685030246e-06
12733,6.8261280627979195e-06
12734,6.8181538859235494e-06
12735,6.8101947192644721e-06
12736,6.8022393051592181e-06
12737,6.794298901269257e-06
12738,6.7863622499331191e-06
12739,6.7784387325353626e-06
12740,6.7705227202452525e-06
12741,6.7626179656166121e-06
12742,6.7547207160956182e-06
12743,6.7468309716822708e-06
12744,6.738952484930393e-06
12745,6.7310833795630734e-06
12746,6.7232217793034002e-06
12747,6.7153714367051967e-06
12748,6.7075285992146397e-06
12749,6.6996970193855523e-06
12750,6.6918729446641115e-06
12751,6.6840563750503171e-06
12752,6.6762510630979924e-06
12753,6.6684570088071374e-06
12754,6.6606685833470172e-06
12755,6.6528895392714551e-06
12756,6.6451236291342744e-06
12757,6.6373633478278285e-06
12758,6.629610571629029e-06
12759,6.6218690530916993e-06
12760,6.614135039662016e-06
12761,6.6064122838938025e-06
12762,6.5986970332332354e-06
12763,6.5909911639572263e-06
12764,6.583296552342687e-06
12765,6.5756075695588825e-06
12766,6.5679279681596361e-06
12767,6.5602596244218594e-06
12768,6.5525969095148176e-06
12769,6.5449454522692454e-06
12770,6.5373033764082314e-06
12771,6.5296688056548638e-06
12772,6.5220436162860543e-06
12773,6.5144278083018028e-06
12774,6.5068213817021095e-06
12775,6.499220583933151e-06
12776,6.4916329201025738e-06
12777,6.4840527613796431e-06
12778,6.4764801077643588e-06
12779,6.4689168355336327e-06
12780,6.461361068410553e-06
12781,6.4538165589489429e-06
12782,6.4462795545949794e-06
12783,6.438751931625574e-06
12784,6.4312336900407266e-06
12785,6.4237229535635257e-06
12786,6.4162215984708828e-06
12787,6.4087277484858865e-06
12788,6.4012451561623598e-06
12789,6.3937700689464796e-06
12790,6.3863043631151575e-06
12791,6.3788461623914819e-06
12792,6.3713973430523643e-06
12793,6.3639560288208932e-06
12794,6.3565240959739802e-06
12795,6.3491015445116253e-06
12796,6.3416883744338284e-06
12797,6.334282709463678e-06
12798,6.3268864258780857e-06
12799,6.3194995236770515e-06
12800,6.3121201265836638e-06
12801,6.3047482345979225e-06
12802,6.2973857239967393e-06
12803,6.2900307185032025e-06
12804,6.2826832181173123e-06
12805,6.2753469753928917e-06
12806,6.2680182377761176e-06
12807,6.26069700526699e-06
12808,6.253387030419332e-06
12809,6.2460845606793205e-06
12810,6.2387914723238671e-06
12811,6.2315058890760602e-06
12812,6.2242296872128114e-06
12813,6.2169628667341206e-06
12814,6.2097016750861647e-06
12815,6.2024498648227669e-06
12816,6.1952036833901039e-06
12817,6.1879725121727338e-06
12818,6.1807469697860987e-06
12819,6.1735251799532867e-06
12820,6.1663184003357677e-06
12821,6.1591191258258951e-06
12822,6.1519254801467574e-06
12823,6.1447430921290894e-06
12824,6.1375644566652446e-06
12825,6.1304008314166927e-06
12826,6.1232409587219641e-06
12827,6.1160904674117936e-06
12828,6.1089437286554463e-06
12829,6.1018120001143919e-06
12830,6.094687776680984e-06
12831,6.0875691820783109e-06
12832,6.0804599688601959e-06
12833,6.0733620133035507e-06
12834,6.0662678103007286e-06
12835,6.0591829886824647e-06
12836,6.0521094247256704e-06
12837,6.045041489599611e-06
12838,6.0379810595811981e-06
12839,6.0309318872242548e-06
12840,6.023890219974958e-06
12841,6.0168541815563961e-06
12842,6.0098275245223923e-06
12843,6.0028083725960349e-06
12844,5.9957986020542356e-06
12845,5.9887982128969944e-06
12846,5.9818072051243112e-06
12847,5.9748199499054513e-06
12848,5.9678439523480611e-06
12849,5.9608754598983174e-06
12850,5.9539144725562201e-06
12851,5.9469609903217693e-06
12852,5.9400168894718766e-06
12853,5.9330802937296303e-06
12854,5.9261530793719422e-06
12855,5.9192314938449889e-06
12856,5.912317413425682e-06
12857,5.9054127143909332e-06
12858,5.8985155204638309e-06
12859,5.8916277079212867e-06
12860,5.8847455242094773e-06
12861,5.8778764744360493e-06
12862,5.8710111772164444e-06
12863,5.8641533851044861e-06
12864,5.857308726930909e-06
12865,5.8504678213111552e-06
12866,5.8436381733528711e-06
12867,5.8368122779484102e-06
12868,5.8299957639285074e-06
12869,5.8231886312931627e-06
12870,5.8163871274885528e-06
12871,5.8095950050685011e-06
12872,5.8028122640330074e-06
12873,5.7960351518282485e-06
12874,5.7892674210080477e-06
12875,5.7825071952954934e-06
12876,5.775752598413674e-06
12877,5.7690073829164126e-06
12878,5.7622677962498861e-06
12879,5.7555413435217409e-06
12880,5.7488205196243305e-06
12881,5.7421072008345666e-06
12882,5.7354013871524492e-06
12883,5.7287030785779783e-06
12884,5.7220141513880654e-06
12885,5.7153308530288874e-06
12886,5.7086569360542674e-06
12887,5.7019924004642056e-06
12888,5.6953316174279669e-06
12889,5.688682092053198e-06
12890,5.6820381955091639e-06
12891,5.6754036803496879e-06
12892,5.6687747940209468e-06
12893,5.6621571653536753e-06
12894,5.6555451655171387e-06
12895,5.6489406707882486e-06
12896,5.6423418048900933e-06
12897,5.6357541966534078e-06
12898,5.629172217247457e-06
12899,5.6225977429491528e-06
12900,5.6160326500354066e-06
12901,5.6094731859523952e-06
12902,5.6029249795308536e-06
12903,5.5963805256631352e-06
12904,5.5898454531799749e-06
12905,5.583317885804461e-06
12906,5.5767996998135052e-06
12907,5.5702852663763727e-06
12908,5.5637820906007099e-06
12909,5.5572845436557819e-06
12910,5.5507926255415887e-06
12911,5.5443119650888653e-06
12912,5.5378350571899651e-06
12913,5.5313694069525346e-06
12914,5.5249112618227505e-06
12915,5.5184568692467897e-06
12916,5.5120137343322986e-06
12917,5.505578104525454e-06
12918,5.4991481035493442e-06
12919,5.4927256076808808e-06
12920,5.4863124931969756e-06
12921,5.4799068838207168e-06
12922,5.4735050269982813e-06
12923,5.4671144278373154e-06
12924,5.460731333783996e-06
12925,5.4543557448383231e-06
12926,5.4479857847233851e-06
12927,5.4416214534391818e-06
12928,5.4352683798164483e-06
12929,5.4289209350244497e-06
12930,5.4225791190631858e-06
12931,5.4162485607633917e-06
12932,5.4099236312943324e-06
12933,5.4036062069329196e-06
12934,5.3972944114022417e-06
12935,5.3909919972561218e-06
12936,5.3846970882176484e-06
12937,5.3784078080099098e-06
12938,5.3721279091867294e-06
12939,5.3658536391942837e-06
12940,5.3595906268633078e-06
12941,5.3533294908092435e-06
12942,5.3470777361397373e-06
12943,5.3408334865778775e-06
12944,5.3345986184005759e-06
12945,5.3283675027770974e-06
12946,5.322145768538177e-06
12947,5.3159315394069031e-06
12948,5.3097229391063641e-06
12949,5.3035218439134715e-06
12950,5.2973282538282254e-06
12951,5.2911440451275374e-06
12952,5.2849654652575842e-06
12953,5.2787925142183659e-06
12954,5.272627068286794e-06
12955,5.2664691274628686e-06
12956,5.2603205680235013e-06
12957,5.2541776374148688e-06
12958,5.2480422119138828e-06
12959,5.2419124152436316e-06
12960,5.2357919999579386e-06
12961,5.2296772135029804e-06
12962,5.2235699321556686e-06
12963,5.2174720321929149e-06
12964,5.2113778847839845e-06
12965,5.2052912424827005e-06
12966,5.199212105289063e-06
12967,5.1931423494799836e-06
12968,5.187078222501639e-06
12969,5.1810197243540293e-06
12970,5.1749706075909776e-06
12971,5.1689271196586608e-06
12972,5.1628930131109021e-06
12973,5.1568626591169667e-06
12974,5.1508398102306776e-06
12975,5.1448244664520351e-06
12976,5.1388185040579506e-06
12977,5.1328144179407778e-06
12978,5.1268215894850746e-06
12979,5.120836266137018e-06
12980,5.1148565716196961e-06
12981,5.1088806296561975e-06
12982,5.102914069077257e-06
12983,5.0969568898828746e-06
12984,5.091005339519227e-06
12985,5.0850612942632259e-06
12986,5.0791228778379596e-06
12987,5.0731900902434282e-06
12988,5.0672666840334549e-06
12989,5.0613470303773048e-06
12990,5.0554367581057127e-06
12991,5.0495339909417672e-06
12992,5.0436387288854681e-06
12993,5.0377490956599038e-06
12994,5.0318669675419861e-06
12995,5.0259885919778915e-06
12996,5.0201214740752667e-06
12997,5.0142581087264651e-06
12998,5.0084041247622216e-06
12999,5.0025538933518013e-06
13000,4.9967111670490274e-06
13001,4.9908759458539001e-06
13002,4.9850501060433308e-06
13003,4.9792280187865848e-06
13004,4.9734134366374852e-06
13005,4.9676044833191205e-06
13006,4.9618030351084022e-06
13007,4.9560072157284188e-06
13008,4.9502207777329934e-06
13009,4.944439968568303e-06
13010,4.9386666645112589e-06
13011,4.9329008655618614e-06
13012,4.9271388191662871e-06
13013,4.9213842778783592e-06
13014,4.9156391179749895e-06
13015,4.9099014631792662e-06
13016,4.9041656846604545e-06
13017,4.8984374112492893e-06
13018,4.8927166429457705e-06
13019,4.8870033797498982e-06
13020,4.8812957453847608e-06
13021,4.8755956161272698e-06
13022,4.8699029919774253e-06
13023,4.8642159966583157e-06
13024,4.8585365064468525e-06
13025,4.8528626450661241e-06
13026,4.8471962887930422e-06
13027,4.8415355613506952e-06
13028,4.8358823390159947e-06
13029,4.830234745512029e-06
13030,4.8245927808387981e-06
13031,4.8189601975501253e-06
13032,4.8133313668152758e-06
13033,4.8077119174649843e-06
13034,4.8020980969454277e-06
13035,4.7964899052566059e-06
13036,4.790887342398519e-06
13037,4.7852941609249902e-06
13038,4.7797047320052846e-06
13039,4.7741228081932255e-06
13040,4.7685483894888128e-06
13041,4.762979599615135e-06
13042,4.7574183148491036e-06
13043,4.7518607826368955e-06
13044,4.7463126318092455e-06
13045,4.7407682335354187e-06
13046,4.73523321664615e-06
13047,4.7297038285876161e-06
13048,4.7241800693598171e-06
13049,4.7186638152396645e-06
13050,4.7131531899502468e-06
13051,4.707648193491564e-06
13052,4.7021507021405276e-06
13053,4.6966607158971377e-06
13054,4.6911782347613942e-06
13055,4.685699506179474e-06
13056,4.6802264064282886e-06
13057,4.6747608117847497e-06
13058,4.6693027222488573e-06
13059,4.6638483852667881e-06
13060,4.6584034296692769e-06
13061,4.652962226625589e-06
13062,4.6475285286895476e-06
13063,4.6421023358611527e-06
13064,4.6366817718634925e-06
13065,4.6312668366965673e-06
13066,4.6258575303603769e-06
13067,4.6204557291318329e-06
13068,4.6150595567340238e-06
13069,4.6096708894438612e-06
13070,4.6042878509844334e-06
13071,4.5989123176326521e-06
13072,4.593540536834694e-06
13073,4.5881762611443824e-06
13074,4.5828176142848056e-06
13075,4.5774664725328753e-06
13076,4.5721228358885915e-06
13077,4.5667848280750425e-06
13078,4.5614505728153168e-06
13079,4.5561219463863259e-06
13080,4.5508027013418931e-06
13081,4.5454890851281951e-06
13082,4.540181097745232e-06
13083,4.5348787391930037e-06
13084,4.5295838857484219e-06
13085,4.5242946611345749e-06
13086,4.5190129416283745e-06
13087,4.5137330983990856e-06
13088,4.5084626365543548e-06
13089,4.5031959272634472e-06
13090,4.4979385993570978e-06
13091,4.4926869002814831e-06
13092,4.4874408300366034e-06
13093,4.4821985123455468e-06
13094,4.4769655760390484e-06
13095,4.4717382685632848e-06
13096,4.466516589918256e-06
13097,4.4613005401039621e-06
13098,4.4560919953973146e-06
13099,4.4508853269675788e-06
13100,4.4456899161993127e-06
13101,4.4404982579848698e-06
13102,4.4353122286011617e-06
13103,4.4301337043251002e-06
13104,4.4249589326028618e-06
13105,4.4197916659882699e-06
13106,4.4146300282044129e-06
13107,4.4094721429743791e-06
13108,4.404325515405815e-06
13109,4.3991807641141625e-06
13110,4.3940453942070681e-06
13111,4.3889156531307086e-06
13112,4.3837896646081723e-06
13113,4.3786711811932824e-06
13114,4.3735564503322158e-06
13115,4.3684492245787956e-06
13116,4.3633495039330219e-06
13117,4.3582535358410715e-06
13118,4.3531650728567675e-06
13119,4.3480803624262867e-06
13120,4.3430031571034525e-06
13121,4.337931580611353e-06
13122,4.3328656329499884e-06
13123,4.3278053141193587e-06
13124,4.3227506241194638e-06
13125,4.3177015629503038e-06
13126,4.3126618831657018e-06
13127,4.3076240796580115e-06
13128,4.3025956575348792e-06
13129,4.2975709879655702e-06
13130,4.2925500709500844e-06
13131,4.2875366590422451e-06
13132,4.2825307522420522e-06
13133,4.2775285979956826e-06
13134,4.2725339488569594e-06
13135,4.2675449285489711e-06
13136,4.262559660794806e-06
13137,4.2575818981482874e-06
13138,4.2526116406094153e-06
13139,4.2476432593474547e-06
13140,4.2426842594700523e-06
13141,4.2377290121464731e-06
13142,4.2327831462074519e-06
13143,4.2278391565453424e-06
13144,4.2229026719908794e-06
13145,4.2179718162671512e-06
13146,4.2130447130972462e-06
13147,4.2081251150349877e-06
13148,4.203211145803464e-06
13149,4.1983028054026752e-06
13150,4.1934000938326213e-06
13151,4.1885030110933022e-06
13152,4.1836096809078063e-06
13153,4.1787257321068685e-06
13154,4.173845535859754e-06
13155,4.1689728447202859e-06
13156,4.164103906134641e-06
13157,4.159240596379731e-06
13158,4.1543847917324675e-06
13159,4.1495327396390272e-06
13160,4.1446863163763217e-06
13161,4.1398455219443511e-06
13162,4.135012232620027e-06
13163,4.1301826958495261e-06
13164,4.12535878790976e-06
13165,4.1205423850776404e-06
13166,4.1157316110762557e-06
13167,4.1109245896286942e-06
13168,4.1061231970118675e-06
13169,4.1013293095026873e-06
13170,4.096541050824242e-06
13171,4.0917546684227082e-06
13172,4.0869776674057326e-06
13173,4.0822044189425802e-06
13174,4.0774405518639858e-06
13175,4.0726766847853915e-06
13176,4.0679203228144436e-06
13177,4.0631695896742306e-06
13178,4.0584244853647525e-06
13179,4.0536850098860091e-06
13180,4.0489511632380007e-06
13181,4.0442248216976387e-06
13182,4.0395022327111008e-06
13183,4.0347833962783852e-06
13184,4.0300720649533162e-06
13185,4.0253644861820703e-06
13186,4.020664412518471e-06
13187,4.0159699676856064e-06
13188,4.0112811516834768e-06
13189,4.0065942119582587e-06
13190,4.0019166536175987e-06
13191,3.997242847830762e-06
13192,3.9925746708746601e-06
13193,3.9879139990262047e-06
13194,3.9832552034546609e-06
13195,3.9786039129907635e-06
13196,3.9739582513576011e-06
13197,3.9693182185551734e-06
13198,3.9646838145834806e-06
13199,3.9600531631656111e-06
13200,3.955430016855388e-06
13201,3.9508106230989881e-06
13202,3.9461968581733231e-06
13203,3.9415868458014813e-06
13204,3.936984338537286e-06
13205,3.9323874601038256e-06
13206,3.9277943342241883e-06
13207,3.9232105897291092e-06
13208,3.9186287215109417e-06
13209,3.914052482123509e-06
13210,3.9094818715668112e-06
13211,3.9049187661177598e-06
13212,3.9003556606687084e-06
13213,3.8958038128811268e-06
13214,3.8912538413704567e-06
13215,3.8867113749674331e-06
13216,3.8821707848413212e-06
13217,3.8776395760997673e-06
13218,3.873110243635125e-06
13219,3.8685884162781292e-06
13220,3.8640665889211334e-06
13221,3.8595541429486957e-06
13222,3.8550473258069928e-06
13223,3.8505480137729364e-06
13224,3.84604870173888e-06
13225,3.8415587710893817e-06
13226,3.8370725929937066e-06
13227,3.8325920437287664e-06
13228,3.8281152470176494e-06
13229,3.8236459554141788e-06
13230,3.8191804163645315e-06
13231,3.8147205061456191e-06
13232,3.8102681010343527e-06
13233,3.8058194484769099e-06
13234,3.8013745484732904e-06
13235,3.7969352773004057e-06
13236,3.7924997586813443e-06
13237,3.7880698688930177e-06
13238,3.7836456079354259e-06
13239,3.7792307283623923e-06
13240,3.7748158487893586e-06
13241,3.7704084743239714e-06
13242,3.7660048524124075e-06
13243,3.7616068593315784e-06
13244,3.7572126188045725e-06
13245,3.7528277596621247e-06
13246,3.7484429005196769e-06
13247,3.744063670207964e-06
13248,3.7396919450038975e-06
13249,3.7353258486305658e-06
13250,3.7309653810879691e-06
13251,3.7266086660991955e-06
13252,3.7222575799411568e-06
13253,3.7179102463369414e-06
13254,3.7135685415634607e-06
13255,3.7092305893438034e-06
13256,3.7049001422317924e-06
13257,3.7005734476736048e-06
13258,3.6962505056692403e-06
13259,3.6919350687725223e-06
13260,3.6876233844296276e-06
13261,3.6833173289174677e-06
13262,3.679015025959131e-06
13263,3.6747202281084408e-06
13264,3.6704291828115738e-06
13265,3.6661418900685301e-06
13266,3.6618583498793096e-06
13267,3.6575804385208239e-06
13268,3.6533100322699848e-06
13269,3.6490433785729688e-06
13270,3.6447842299835993e-06
13271,3.6405269576711414e-06
13272,3.63627719046633e-06
13273,3.6320311758153419e-06
13274,3.6277907899950885e-06
13275,3.6235541567286585e-06
13276,3.6193231522929632e-06
13277,3.6150977766880028e-06
13278,3.6108742773599541e-06
13279,3.6066564068626401e-06
13280,3.6024460414729727e-06
13281,3.5982375523602168e-06
13282,3.5940365683551075e-06
13283,3.5898393369038213e-06
13284,3.5856458580063584e-06
13285,3.581459884216542e-06
13286,3.5772757867036371e-06
13287,3.5730991942983788e-06
13288,3.5689282307238553e-06
13289,3.564761019703155e-06
13290,3.5605994375131895e-06
13291,3.5564416078770473e-06
13292,3.5522875307947284e-06
13293,3.5481372062662327e-06
13294,3.5439943868453834e-06
13295,3.5398553199783574e-06
13296,3.5357200056651546e-06
13297,3.5315921964595982e-06
13298,3.5274662635309535e-06
13299,3.5233497119868669e-06
13300,3.5192331604427802e-06
13301,3.5151222377294285e-06
13302,3.5110206964006348e-06
13303,3.5069191550718411e-06
13304,3.5028232425737822e-06
13305,3.4987348351833698e-06
13306,3.4946501803467807e-06
13307,3.4905711543409264e-06
13308,3.4864940046119837e-06
13309,3.4824224837137758e-06
13310,3.4783547153693912e-06
13311,3.4742944521326531e-06
13312,3.4702360651728266e-06
13313,3.4661814307668233e-06
13314,3.4621324251915549e-06
13315,3.4580890484470213e-06
13316,3.4540513005332225e-06
13317,3.4500191814501586e-06
13318,3.4459889386440064e-06
13319,3.4419680772224122e-06
13320,3.4379453395239064e-06
13321,3.4339319832099586e-06
13322,3.4299205031729225e-06
13323,3.4259146519666213e-06
13324,3.4219144295910549e-06
13325,3.4179198360462233e-06
13326,3.4139271187783034e-06
13327,3.4099419066180299e-06
13328,3.405958570734668e-06
13329,3.4019827399589526e-06
13330,3.3980106617370605e-06
13331,3.3940423360689915e-06
13332,3.3900796392316575e-06
13333,3.3861169423943234e-06
13334,3.3821636269415474e-06
13335,3.3782140640425946e-06
13336,3.3742701299743767e-06
13337,3.370329948459982e-06
13338,3.3663935194994106e-06
13339,3.3624608430926624e-06
13340,3.3585356717935606e-06
13341,3.3546142530482821e-06
13342,3.3506965868568268e-06
13343,3.3467845494961064e-06
13344,3.342872512135386e-06
13345,3.3389717324361352e-06
13346,3.3350728290137961e-06
13347,3.3311776781452802e-06
13348,3.3272881561074992e-06
13349,3.3234005103466298e-06
13350,3.3195222459703184e-06
13351,3.3156439815940071e-06
13352,3.3117713460484306e-06
13353,3.3079062156105006e-06
13354,3.3040410851725706e-06
13355,3.300183459842287e-06
13356,3.2963295870658267e-06
13357,3.2924794668431896e-06
13358,3.288636851728199e-06
13359,3.28479611289012e-06
13360,3.2809591266058642e-06
13361,3.2771277691523433e-06
13362,3.2733039168064688e-06
13363,3.2694781881836828e-06
13364,3.2656618409454548e-06
13365,3.2618473699841384e-06
13366,3.2580385278535569e-06
13367,3.2542334382767986e-06
13368,3.2504321012538635e-06
13369,3.2466382693385749e-06
13370,3.242846313700198e-06
13371,3.2390581106156442e-06
13372,3.2352774126387369e-06
13373,3.2314985909387413e-06
13374,3.2277253980694805e-06
13375,3.2239559577540429e-06
13376,3.2201921462693402e-06
13377,3.216430211061549e-06
13378,3.2126739046844928e-06
13379,3.2089213508612598e-06
13380,3.2051763021456732e-06
13381,3.2014331297069982e-06
13382,3.1976937098221465e-06
13383,3.1939599187680297e-06
13384,3.190229880267736e-06
13385,3.1865035943212656e-06
13386,3.1827829372055301e-06
13387,3.1790660326436178e-06
13388,3.1753547569124403e-06
13389,3.1716472337350861e-06
13390,3.1679415868346435e-06
13391,3.1642434450418473e-06
13392,3.1605471795259628e-06
13393,3.1568565428408131e-06
13394,3.1531715349863983e-06
13395,3.1494902796858067e-06
13396,3.1458109006621267e-06
13397,3.1421371504691815e-06
13398,3.1384671528300596e-06
13399,3.134800907744761e-06
13400,3.1311421677671088e-06
13401,3.1274834277894566e-06
13402,3.1238340691963624e-06
13403,3.1201847106032683e-06
13404,3.116540980840909e-06
13405,3.112901003632373e-06
13406,3.1092666552545718e-06
13407,3.1056360594305939e-06
13408,3.1020110924373508e-06
13409,3.0983861254441077e-06
13410,3.094768663558511e-06
13411,3.0911549542267376e-06
13412,3.0875449974487874e-06
13413,3.0839387932246605e-06
13414,3.0803363415543568e-06
13415,3.0767413949916995e-06
13416,3.0731464484290423e-06
13417,3.0695590069740315e-06
13418,3.065975318072844e-06
13419,3.0623953817254797e-06
13420,3.058817321655027e-06
13421,3.0552467666922207e-06
13422,3.0516780880063261e-06
13423,3.0481131618742548e-06
13424,3.0445557408498298e-06
13425,3.0409983198254049e-06
13426,3.0374502801855381e-06
13427,3.0339022405456713e-06
13428,3.0303598297365393e-06
13429,3.0268211714812306e-06
13430,3.023286265779745e-06
13431,3.0197569889089944e-06
13432,3.0162314645920669e-06
13433,3.0127078165520511e-06
13434,3.0091897973427702e-06
13435,3.0056736544104008e-06
13436,3.0021631403087663e-06
13437,2.9986582550378667e-06
13438,2.9951571223207903e-06
13439,2.9916578658806255e-06
13440,2.9881642382711955e-06
13441,2.9846762394925004e-06
13442,2.9811919932676285e-06
13443,2.9777077470427567e-06
13444,2.9742310059255313e-06
13445,2.9707598936390407e-06
13446,2.9672887813525502e-06
13447,2.9638232978967945e-06
13448,2.9603634432717736e-06
13449,2.9569054649236644e-06
13450,2.95345311540629e-06
13451,2.9500045184427388e-06
13452,2.9465596740330109e-06
13453,2.9431185821771062e-06
13454,2.9396812428750248e-06
13455,2.9362476561267665e-06
13456,2.9328196982092432e-06
13457,2.9293936165686314e-06
13458,2.9259750400356661e-06
13459,2.9225583397796125e-06
13460,2.9191416395235588e-06
13461,2.9157343206520632e-06
13462,2.9123307543343908e-06
13463,2.9089290642936301e-06
13464,2.9055330030836042e-06
13465,2.9021388181504899e-06
13466,2.8987502620481105e-06
13467,2.8953635822226427e-06
13468,2.8919844075048214e-06
13469,2.8886071090639116e-06
13470,2.8852335631768251e-06
13471,2.8818637698435619e-06
13472,2.8784996053410335e-06
13473,2.8751373171154167e-06
13474,2.8717806577205347e-06
13475,2.8684258746025644e-06
13476,2.8650767203153289e-06
13477,2.8617313185819167e-06
13478,2.858387793125416e-06
13479,2.8550517727765619e-06
13480,2.8517157524277077e-06
13481,2.8483872371865e-06
13482,2.8450587219452923e-06
13483,2.8417377118117311e-06
13484,2.8384204542319931e-06
13485,2.8351050729291667e-06
13486,2.8317971967339868e-06
13487,2.8284893205388069e-06
13488,2.8251889494512734e-06
13489,2.8218904546406516e-06
13490,2.8185938361069414e-06
13491,2.8153009701270544e-06
13492,2.8120118567009907e-06
13493,2.8087283721056618e-06
13494,2.8054486400641561e-06
13495,2.802170784299562e-06
13496,2.7989004336426144e-06
13497,2.7956319592625785e-06
13498,2.7923653611594541e-06
13499,2.7891043918870646e-06
13500,2.7858471751684984e-06
13501,2.7825937110037553e-06
13502,2.7793439993928355e-06
13503,2.7760999166126506e-06
13504,2.7728595863862888e-06
13505,2.7696192561599271e-06
13506,2.7663864310412119e-06
13507,2.7631554821994082e-06
13508,2.7599282859114278e-06
13509,2.7567048421772707e-06
13510,2.7534870272738483e-06
13511,2.7502710886473376e-06
13512,2.7470607788515618e-06
13513,2.7438523453326975e-06
13514,2.7406476643676565e-06
13515,2.7374467359564387e-06
13516,2.7342514363759558e-06
13517,2.7310580130723845e-06
13518,2.7278664660457248e-06
13519,2.7246805478498e-06
13520,2.7215021347615216e-06
13521,2.7183218453963316e-06
13522,2.7151490611387881e-06
13523,2.7119762768812446e-06
13524,2.7088109977313475e-06
13525,2.7056475948583621e-06
13526,2.7024879445391998e-06
13527,2.6993339230507725e-06
13528,2.6961799015623451e-06
13529,2.6930315089046526e-06
13530,2.6898868688007833e-06
13531,2.6867478575276489e-06
13532,2.6836107225314261e-06
13533,2.6804754638121149e-06
13534,2.6773458339235386e-06
13535,2.6742199565887854e-06
13536,2.6710940792540323e-06
13537,2.6679757070269257e-06
13538,2.6648592110767306e-06
13539,2.6617483439572705e-06
13540,2.6586393531147219e-06
13541,2.6555341148259966e-06
13542,2.6524326290910945e-06
13543,2.649333019633104e-06
13544,2.64624091528276e-06
13545,2.6431506872093276e-06
13546,2.6400642116897184e-06
13547,2.6369796124470209e-06
13548,2.6339025183119698e-06
13549,2.6308254241769187e-06
13550,2.6277558351495141e-06
13551,2.6246862461221095e-06
13552,2.6216222859254397e-06
13553,2.6185583257287699e-06
13554,2.615499994362835e-06
13555,2.6124454155507233e-06
13556,2.6093945892924349e-06
13557,2.6063512681417929e-06
13558,2.6033060707142393e-06
13559,2.6002646258405089e-06
13560,2.5972288097975134e-06
13561,2.5941948700314295e-06
13562,2.591168435372992e-06
13563,2.5881420007145546e-06
13564,2.5851193186099404e-06
13565,2.5821003890591494e-06
13566,2.5790852120621817e-06
13567,2.5760737876190372e-06
13568,2.5730661157297159e-06
13569,2.5700603201173063e-06
13570,2.5670601533356314e-06
13571,2.5640618628308683e-06
13572,2.5610692011568399e-06
13573,2.5580784157597232e-06
13574,2.5550913829164297e-06
13575,2.5521043500731362e-06
13576,2.5491248223374892e-06
13577,2.5461490471556654e-06
13578,2.5431770245276648e-06
13579,2.5402050018996643e-06
13580,2.5372404843793102e-06
13581,2.5342759668589561e-06
13582,2.5313189544462485e-06
13583,2.5283619420335408e-06
13584,2.5254086821746564e-06
13585,2.5224591748695953e-06
13586,2.5195134201183573e-06
13587,2.516569541644031e-06
13588,2.5136312920004396e-06
13589,2.5106949186337597e-06
13590,2.5077641740978147e-06
13591,2.504837182115693e-06
13592,2.5019120664104828e-06
13593,2.4989869507052727e-06
13594,2.4960712163846206e-06
13595,2.4931554820639686e-06
13596,2.4902453765740513e-06
13597,2.4873371473610457e-06
13598,2.4844307944249518e-06
13599,2.4815300703195926e-06
13600,2.4786312224911451e-06
13601,2.4757380034934324e-06
13602,2.4728466607726314e-06
13603,2.469957194328742e-06
13604,2.467075232992499e-06
13605,2.4641951479331676e-06
13606,2.4613169391507479e-06
13607,2.458444359199063e-06
13608,2.4555736555242898e-06
13609,2.4527029518495165e-06
13610,2.4498397532823897e-06
13611,2.4469784309921745e-06
13612,2.4441227375326942e-06
13613,2.4412670440732138e-06
13614,2.4384169794444684e-06
13615,2.4355706673695461e-06
13616,2.4327243552946239e-06
13617,2.4298855483273481e-06
13618,2.4270467413600723e-06
13619,2.4242116869466197e-06
13620,2.4213803850869904e-06
13621,2.4185528357811843e-06
13622,2.4157290390292015e-06
13623,2.4129089948310418e-06
13624,2.4100927031867055e-06
13625,2.4072782878192807e-06
13626,2.4044657487287675e-06
13627,2.4016569621920776e-06
13628,2.3988538044861225e-06
13629,2.3960543993339907e-06
13630,2.3932549941818589e-06
13631,2.3904612178604619e-06
13632,2.3876674415390649e-06
13633,2.3848792940484027e-06
13634,2.3820948991115638e-06
13635,2.3793142567285481e-06
13636,2.3765354906224441e-06
13637,2.3737604770701633e-06
13638,2.3709873397947941e-06
13639,2.3682179550732481e-06
13640,2.3654523229055253e-06
13641,2.3626904432916258e-06
13642,2.3599323162315496e-06
13643,2.3571760654483849e-06
13644,2.3544235672190435e-06
13645,2.3516729452666137e-06
13646,2.3489279521449187e-06
13647,2.3461829590232237e-06
13648,2.3434454710091752e-06
13649,2.3407079829951267e-06
13650,2.3379761238118131e-06
13651,2.3352442646284995e-06
13652,2.332516157999009e-06
13653,2.3297918039233419e-06
13654,2.3270712024014979e-06
13655,2.3243543534334772e-06
13656,2.3216393807423681e-06
13657,2.3189281606050822e-06
13658,2.316218816744708e-06
13659,2.3135151017150686e-06
13660,2.3108132629623408e-06
13661,2.3081151767634363e-06
13662,2.3054189668414433e-06
13663,2.3027283857501853e-06
13664,2.3000378046589272e-06
13665,2.2973509761214923e-06
13666,2.2946679001378807e-06
13667,2.2919885767080923e-06
13668,2.2893130058321272e-06
13669,2.286637434956162e-06
13670,2.2839693691878433e-06
13671,2.2813013034195247e-06
13672,2.2786369902050292e-06
13673,2.275976429544357e-06
13674,2.273319621437508e-06
13675,2.270662813330659e-06
13676,2.2680135103314565e-06
13677,2.265364207332254e-06
13678,2.2627186568868747e-06
13679,2.2600768589953186e-06
13680,2.2574369373806742e-06
13681,2.254800768319853e-06
13682,2.2521664755359434e-06
13683,2.2495396878596803e-06
13684,2.2469110239065056e-06
13685,2.2442861125071541e-06
13686,2.2416668299385374e-06
13687,2.2390475473699208e-06
13688,2.2364357699089506e-06
13689,2.2338221161710688e-06
13690,2.2312122149870102e-06
13691,2.2286079426336865e-06
13692,2.2260055465572744e-06
13693,2.2234069030346855e-06
13694,2.2208101357890082e-06
13695,2.2182189973740658e-06
13696,2.2156278589591234e-06
13697,2.2130404730980042e-06
13698,2.2104530872368851e-06
13699,2.207875082760324e-06
13700,2.2052970782837629e-06
13701,2.2027190738072018e-06
13702,2.2001466981613756e-06
13703,2.1975780750693725e-06
13704,2.1950132045311928e-06
13705,2.192448333993013e-06
13706,2.1898890922855681e-06
13707,2.1873317268550348e-06
13708,2.1847762377014131e-06
13709,2.1822263773785262e-06
13710,2.179678393332551e-06
13711,2.1771322855634874e-06
13712,2.174589930348247e-06
13713,2.1720494514099183e-06
13714,2.1695127250254127e-06
13715,2.1669797511947304e-06
13716,2.1644486536409598e-06
13717,2.1619213086410123e-06
13718,2.1593958399179765e-06
13719,2.1568741237487639e-06
13720,2.1543561601333745e-06
13721,2.1518400727948968e-06
13722,2.1493296142871539e-06
13723,2.1468172795024994e-06
13724,2.1443124498254913e-06
13725,2.14180386759466e-06
13726,2.1393065430252985e-06
13727,2.1368092184559369e-06
13728,2.1343118938865753e-06
13729,2.1318201981479486e-06
13730,2.1293322549631451e-06
13731,2.1268443117783416e-06
13732,2.1243601211473613e-06
13733,2.1218815593471159e-06
13734,2.1194048738237821e-06
13735,2.1169263120235367e-06
13736,2.1144552553309377e-06
13737,2.1119841986383388e-06
13738,2.1095206470533863e-06
13739,2.1070552191915222e-06
13740,2.1045954201603929e-06
13741,2.1021393736830869e-06
13742,2.0996833272057809e-06
13743,2.0972310332822981e-06
13744,2.0947824919126386e-06
13745,2.0923358268198906e-06
13746,2.0898910380040543e-06
13747,2.0874518780189528e-06
13748,2.085014594310763e-06
13749,2.0825791868794848e-06
13750,2.0801456557251181e-06
13751,2.0777177534014864e-06
13752,2.0752917273547662e-06
13753,2.0728694538618693e-06
13754,2.0704453040920608e-06
13755,2.0680286594298987e-06
13756,2.0656138910446482e-06
13757,2.0632009989363094e-06
13758,2.0607937356587054e-06
13759,2.0583864723811014e-06
13760,2.0559848379342323e-06
13761,2.0535832034873631e-06
13762,2.0511834453174056e-06
13763,2.0487874397012713e-06
13764,2.0463951866389603e-06
13765,2.0440048098535608e-06
13766,2.0416200618988962e-06
13767,2.0392371902211433e-06
13768,2.0368524422664787e-06
13769,2.0344733231425489e-06
13770,2.0321017091262657e-06
13771,2.0297282188330708e-06
13772,2.0273566048167875e-06
13773,2.0249887433543275e-06
13774,2.0226246344456906e-06
13775,2.0202624018139655e-06
13776,2.0179020454591523e-06
13777,2.0155473179350736e-06
13778,2.0131925904109949e-06
13779,2.010843491717651e-06
13780,2.0084943930243071e-06
13781,2.0061471706078748e-06
13782,2.0038055770221774e-06
13783,2.0014658597133916e-06
13784,1.9991317712353407e-06
13785,1.9967958064803781e-06
13786,1.9944654705561504e-06
13787,1.9921332583550111e-06
13788,1.9898085512615182e-06
13789,1.9874838441680254e-06
13790,1.9851628896283557e-06
13791,1.982847563919421e-06
13792,1.980528485656663e-06
13793,1.9782169125015514e-06
13794,1.9759053393464399e-06
13795,1.9735993950220632e-06
13796,1.9712953269745981e-06
13797,1.9689950114809562e-06
13798,1.9666946959873144e-06
13799,1.9643981330474958e-06
13800,1.9621015701076772e-06
13801,1.9598087597216818e-06
13802,1.9575197018895096e-06
13803,1.9552343966111607e-06
13804,1.9529509676097234e-06
13805,1.9506712911621094e-06
13806,1.9483934909914069e-06
13807,1.9461175670976161e-06
13808,1.9438453957576485e-06
13809,1.9415769769715041e-06
13810,1.9393066819084481e-06
13811,1.9370438919530386e-06
13812,1.9347811019976291e-06
13813,1.9325201883191312e-06
13814,1.9302649034713681e-06
13815,1.9280114949005167e-06
13816,1.9257618388834885e-06
13817,1.9235140591433719e-06
13818,1.921268155680167e-06
13819,1.9190241284938736e-06
13820,1.9167819775844919e-06
13821,1.9145435792289334e-06
13822,1.9123089334271981e-06
13823,1.9100742876254628e-06
13824,1.9078433943775508e-06
13825,1.9056143774065502e-06
13826,1.903389112989373e-06
13827,1.9011657248491074e-06
13828,1.8989479655395767e-06
13829,1.896730206230046e-06
13830,1.8945161994743385e-06
13831,1.8923040689955426e-06
13832,1.8900938147936584e-06
13833,1.8878873131455973e-06
13834,1.8856826877744479e-06
13835,1.8834780624032985e-06
13836,1.8812809421397956e-06
13837,1.879081945599381e-06
13838,1.8768867016127897e-06
13839,1.8746952101800216e-06
13840,1.8725074713010768e-06
13841,1.8703197324221319e-06
13842,1.8681357460970103e-06
13843,1.8659555123257119e-06
13844,1.8637752785544135e-06
13845,1.8615987973369383e-06
13846,1.8594241923963748e-06
13847,1.8572514637327229e-06
13848,1.8550824876228942e-06
13849,1.8529172640668887e-06
13850,1.8507539167877949e-06
13851,1.8485943220625243e-06
13852,1.8464328510603421e-06
13853,1.8442788851658063e-06
13854,1.8421230429943589e-06
13855,1.8399728296536464e-06
13856,1.8378244925898455e-06
13857,1.8356780318029562e-06
13858,1.8335334472929785e-06
13859,1.8313926153368241e-06
13860,1.8292536596575813e-06
13861,1.8271184565321617e-06
13862,1.8249832534067421e-06
13863,1.8228518028351457e-06
13864,1.8207241048173726e-06
13865,1.8185982830765111e-06
13866,1.8164743376125612e-06
13867,1.8143522684255229e-06
13868,1.8122358280692195e-06
13869,1.8101175114360044e-06
13870,1.8080048236335242e-06
13871,1.8058940121079556e-06
13872,1.8037832005823871e-06
13873,1.8016780178875533e-06
13874,1.7995747114696312e-06
13875,1.7974714050517091e-06
13876,1.7953737274645219e-06
13877,1.793274173600423e-06
13878,1.7911840011208822e-06
13879,1.7890900760875181e-06
13880,1.787001779884889e-06
13881,1.7849153599591714e-06
13882,1.7828308163103655e-06
13883,1.7807481489384711e-06
13884,1.7786692341204e-06
13885,1.7765903193023289e-06
13886,1.7745189095919043e-06
13887,1.772445623604568e-06
13888,1.770376090171055e-06
13889,1.768306556737542e-06
13890,1.7662445284116755e-06
13891,1.7641806238088973e-06
13892,1.7621204717599424e-06
13893,1.7600603197109874e-06
13894,1.758007672769679e-06
13895,1.7559531495514589e-06
13896,1.7539042551639736e-06
13897,1.7518572370534e-06
13898,1.7498083426659148e-06
13899,1.747766953386076e-06
13900,1.7457255641062373e-06
13901,1.7436860511033101e-06
13902,1.7416502906542062e-06
13903,1.7396164064820139e-06
13904,1.7375862748636448e-06
13905,1.7355561432452758e-06
13906,1.7335278879038183e-06
13907,1.7315052613930957e-06
13908,1.7294845111592847e-06
13909,1.7274618846485621e-06
13910,1.725446763245486e-06
13911,1.7234316418424098e-06
13912,1.7214202729931569e-06
13913,1.719408904143904e-06
13914,1.7173994115715627e-06
13915,1.7153955478299563e-06
13916,1.7133916840883499e-06
13917,1.7113915729005667e-06
13918,1.7093952142666067e-06
13919,1.7073969793557351e-06
13920,1.7054024969986867e-06
13921,1.7034117671954616e-06
13922,1.7014210373922365e-06
13923,1.6994340601428346e-06
13924,1.697450835447256e-06
13925,1.6954694870285889e-06
13926,1.6934900148868335e-06
13927,1.6915124190219897e-06
13928,1.6895366994340575e-06
13929,1.6875628561230369e-06
13930,1.685590889088928e-06
13931,1.6836245508855539e-06
13932,1.6816582126821798e-06
13933,1.6796918744788056e-06
13934,1.677733041383078e-06
13935,1.6757723320104387e-06
13936,1.6738153751916227e-06
13937,1.6718602946497183e-06
13938,1.6699089666616371e-06
13939,1.6679595149504676e-06
13940,1.6660119395162096e-06
13941,1.6640681166357749e-06
13942,1.6621242937553402e-06
13943,1.6601823471518171e-06
13944,1.6582441531021173e-06
13945,1.656307835329329e-06
13946,1.6543733938334524e-06
13947,1.652442704891399e-06
13948,1.650510139672434e-06
13949,1.6485832032842038e-06
13950,1.6466600194497969e-06
13951,1.6447349593384784e-06
13952,1.6428136517809831e-06
13953,1.640896096777311e-06
13954,1.6389804180505505e-06
13955,1.6370647393237901e-06
13956,1.6351528131508528e-06
13957,1.6332427632548272e-06
13958,1.6313364659126248e-06
13959,1.6294301685704225e-06
13960,1.6275295000589549e-06
13961,1.6256288315474874e-06
13962,1.6237300393129315e-06
13963,1.6218349996321988e-06
13964,1.6199418362283777e-06
13965,1.6180467965476451e-06
13966,1.6161592619745588e-06
13967,1.614269851124561e-06
13968,1.612386069105298e-06
13969,1.6105022870860351e-06
13970,1.6086241338975069e-06
13971,1.6067441044320672e-06
13972,1.6048678275204507e-06
13973,1.6029934268857458e-06
13974,1.6011227788048641e-06
13975,1.5992521307239824e-06
13976,1.597385235196924e-06
13977,1.5955183396698656e-06
13978,1.593657072973542e-06
13979,1.5917939300003068e-06
13980,1.5899364158578064e-06
13981,1.5880789017153061e-06
13982,1.586225140126629e-06
13983,1.5843732548148635e-06
13984,1.582521369503098e-06
13985,1.5806751130220673e-06
13986,1.5788307328179483e-06
13987,1.5769863526138293e-06
13988,1.5751457249635335e-06
13989,1.5733069735901493e-06
13990,1.5714682222167651e-06
13991,1.5696294708433809e-06
13992,1.5677982245776432e-06
13993,1.5659669783119055e-06
13994,1.564139484599991e-06
13995,1.5623119908880765e-06
13996,1.5604863734530736e-06
13997,1.5586663848488056e-06
13998,1.5568463962445376e-06
13999,1.5550264076402696e-06
14000,1.5532120478667364e-06
14001,1.5513976880932032e-06
14002,1.5495870808734933e-06
14003,1.5477745973768717e-06
14004,1.5459696189878967e-06
14005,1.54416276432201e-06
14006,1.5423596622099465e-06
14007,1.5405584363747946e-06
14008,1.538760963093466e-06
14009,1.5369634898121374e-06
14010,1.5351678928077204e-06
14011,1.5333779246340382e-06
14012,1.5315860801834445e-06
14013,1.5297961120097623e-06
14014,1.5280098963899034e-06
14015,1.5262255570469561e-06
14016,1.5244430939809204e-06
14017,1.5226643834687079e-06
14018,1.5208856729564955e-06
14019,1.5191088387211946e-06
14020,1.5173338807628054e-06
14021,1.5155626753582394e-06
14022,1.513793346230585e-06
14023,1.5120258933798423e-06
14024,1.5102603168060111e-06
14025,1.5084966165090916e-06
14026,1.5067347924890837e-06
14027,1.5049748447459874e-06
14028,1.503220525833626e-06
14029,1.5014643306443529e-06
14030,1.4997100117319915e-06
14031,1.4979575690965417e-06
14032,1.4962088790149151e-06
14033,1.4944620652102001e-06
14034,1.4927171276823967e-06
14035,1.4909721901545934e-06
14036,1.4892310051806133e-06
14037,1.4874935727604564e-06
14038,1.4857561403402995e-06
14039,1.4840205841970542e-06
14040,1.4822850280538089e-06
14041,1.4805569770182101e-06
14042,1.4788270497056997e-06
14043,1.4770989986701009e-06
14044,1.4753765764652369e-06
14045,1.4736522779834613e-06
14046,1.471931732055509e-06
14047,1.4702130624044683e-06
14048,1.4684943927534275e-06
14049,1.4667813519331217e-06
14050,1.4650683111128158e-06
14051,1.4633571465694215e-06
14052,1.4616497345798505e-06
14053,1.4599423225902795e-06
14054,1.4582349106007084e-06
14055,1.4565331274418723e-06
14056,1.4548332205599477e-06
14057,1.4531333136780231e-06
14058,1.4514371593499218e-06
14059,1.4497428812987321e-06
14060,1.4480486032475424e-06
14061,1.4463580777501759e-06
14062,1.444669428529721e-06
14063,1.4429826555861778e-06
14064,1.4412958826426345e-06
14065,1.4396147385298261e-06
14066,1.4379317181401061e-06
14067,1.436254326581121e-06
14068,1.4345769350221358e-06
14069,1.4329014197400623e-06
14070,1.4312277807349003e-06
14071,1.42955601800665e-06
14072,1.4278880078322229e-06
14073,1.4262199976577958e-06
14074,1.4245538637602804e-06
14075,1.4228914824165881e-06
14076,1.4212309773498075e-06
14077,1.4195685960061153e-06
14078,1.4179118434931579e-06
14079,1.4162550909802005e-06
14080,1.4146020910210664e-06
14081,1.4129490910619322e-06
14082,1.4113017199335329e-06
14083,1.4096505962513104e-06
14084,1.4080069776767343e-06
14085,1.4063614828252467e-06
14086,1.4047197405275822e-06
14087,1.4030798745068294e-06
14088,1.4014418847629882e-06
14089,1.3998076475729702e-06
14090,1.3981715341060406e-06
14091,1.3965372969160226e-06
14092,1.3949068122798278e-06
14093,1.3932782039205447e-06
14094,1.3916495955612616e-06
14095,1.3900266160327133e-06
14096,1.3883998839503418e-06
14097,1.3867806569756167e-06
14098,1.38515955372398e-06
14099,1.3835422030261666e-06
14100,1.3819267286052648e-06
14101,1.3803131304612746e-06
14102,1.3786995323172844e-06
14103,1.377091563004029e-06
14104,1.3754835936907737e-06
14105,1.3738775006544299e-06
14106,1.3722714076180862e-06
14107,1.3706709434124773e-06
14108,1.3690704792068684e-06
14109,1.3674718912781712e-06
14110,1.3658751796263855e-06
14111,1.3642803442515115e-06
14112,1.3626855088766374e-06
14113,1.3610963023324982e-06
14114,1.3595052195114474e-06
14115,1.3579178892442199e-06
14116,1.3563305589769923e-06
14117,1.354746981263588e-06
14118,1.3531634035501836e-06
14119,1.3515854546675141e-06
14120,1.3500075057848446e-06
14121,1.3484314331790868e-06
14122,1.3468553605733289e-06
14123,1.3452830405213943e-06
14124,1.3437107204694596e-06
14125,1.3421421529713482e-06
14126,1.34057733802706e-06
14127,1.3390087705289486e-06
14128,1.3374477081384837e-06
14129,1.3358847694711071e-06
14130,1.3343255833575538e-06
14131,1.3327663972440005e-06
14132,1.3312109636842704e-06
14133,1.3296555301245403e-06
14134,1.3281038491186334e-06
14135,1.3265521681127266e-06
14136,1.325004239660643e-06
14137,1.3234563112085593e-06
14138,1.3219102590333873e-06
14139,1.3203660831351269e-06
14140,1.3188237835137782e-06
14141,1.3172852364462526e-06
14142,1.3157466893787271e-06
14143,1.3142118948650248e-06
14144,1.3126771003513225e-06
14145,1.3111404295607085e-06
14146,1.3096112638777411e-06
14147,1.308080221917862e-06
14148,1.3065548087887178e-06
14149,1.3050293956595736e-06
14150,1.3035039825304293e-06
14151,1.3019823219551083e-06
14152,1.300462537656699e-06
14153,1.2989427533582896e-06
14154,1.2974267216137034e-06
14155,1.2959106898691173e-06
14156,1.2943965344014428e-06
14157,1.2928861314875915e-06
14158,1.2913776048506518e-06
14159,1.2898709544906237e-06
14160,1.2883624278536841e-06
14161,1.2868595300474792e-06
14162,1.2853566322412744e-06
14163,1.2838574869888928e-06
14164,1.2823564654595996e-06
14165,1.2808591964841296e-06
14166,1.2793638037855713e-06
14167,1.2778702873639245e-06
14168,1.2763786472191894e-06
14169,1.2748851307975426e-06
14170,1.2733972432066307e-06
14171,1.2719112318926305e-06
14172,1.2704270968555418e-06
14173,1.2689410855415415e-06
14174,1.2674607030582761e-06
14175,1.2659803205750107e-06
14176,1.2644999380917452e-06
14177,1.263023308162303e-06
14178,1.2615504307866841e-06
14179,1.2600756771341535e-06
14180,1.2586027997585345e-06
14181,1.2571355512136504e-06
14182,1.2556683026687663e-06
14183,1.2542029304007938e-06
14184,1.2527356818559097e-06
14185,1.2512740621417604e-06
14186,1.2498105661506995e-06
14187,1.2483508227134619e-06
14188,1.2468948318300475e-06
14189,1.2454388409466331e-06
14190,1.2439828500632186e-06
14191,1.2425306117336275e-06
14192,1.2410783734040363e-06
14193,1.2396317639051799e-06
14194,1.238183278129412e-06
14195,1.2367366686305557e-06
14196,1.2352919354086109e-06
14197,1.2338472021866662e-06
14198,1.232409974072368e-06
14199,1.2309689934042465e-06
14200,1.2295336415668599e-06
14201,1.2280964134525616e-06
14202,1.2266629378920866e-06
14203,1.2252294623316116e-06
14204,1.2237978630480482e-06
14205,1.2223718925952196e-06
14206,1.2209421695885678e-06
14207,1.2195161991357393e-06
14208,1.2180902286829107e-06
14209,1.216669887060817e-06
14210,1.2152476691618117e-06
14211,1.2138310800935412e-06
14212,1.2124126147483592e-06
14213,1.2109979019570003e-06
14214,1.2095831891656415e-06
14215,1.2081703526511942e-06
14216,1.2067593924136586e-06
14217,1.2053503084530346e-06
14218,1.2039431007693222e-06
14219,1.2025358930856098e-06
14220,1.2011324379557207e-06
14221,1.1997289828258315e-06
14222,1.198327403972854e-06
14223,1.1969295776736997e-06
14224,1.1955317513745454e-06
14225,1.1941358013523027e-06
14226,1.1927417276069716e-06
14227,1.1913457775847289e-06
14228,1.1899573326701327e-06
14229,1.1885670114786249e-06
14230,1.1871785665640287e-06
14231,1.1857919979263441e-06
14232,1.1844073055655711e-06
14233,1.1830263657586213e-06
14234,1.1816416733978483e-06
14235,1.1802644861447218e-06
14236,1.178883546337772e-06
14237,1.1775082353615571e-06
14238,1.1761348006622539e-06
14239,1.1747594896860389e-06
14240,1.1733879312636473e-06
14241,1.1720163728412556e-06
14242,1.1706504432495988e-06
14243,1.1692807611041187e-06
14244,1.1679167077893735e-06
14245,1.1665526544746283e-06
14246,1.1651904774367947e-06
14247,1.1638301766758728e-06
14248,1.1624717521918624e-06
14249,1.161113327707852e-06
14250,1.1597567795007533e-06
14251,1.1584021075705662e-06
14252,1.1570511881942023e-06
14253,1.1557002688178384e-06
14254,1.1543493494414745e-06
14255,1.1530021826189338e-06
14256,1.1516550157963932e-06
14257,1.1503097252507641e-06
14258,1.1489681872589583e-06
14259,1.1476247729902409e-06
14260,1.1462869875522583e-06
14261,1.1449454495604525e-06
14262,1.14360766412247e-06
14263,1.1422755075152222e-06
14264,1.1409414746310629e-06
14265,1.1396055654699919e-06
14266,1.1382771614165674e-06
14267,1.1369468810862313e-06
14268,1.1356203533097185e-06
14269,1.1342938255332056e-06
14270,1.1329710503105159e-06
14271,1.1316463988109147e-06
14272,1.130323623588225e-06
14273,1.1290046009193586e-06
14274,1.1276855782504922e-06
14275,1.1263684318585374e-06
14276,1.1250531617434942e-06
14277,1.1237397679053627e-06
14278,1.1224263740672311e-06
14279,1.1211167327829228e-06
14280,1.1198070914986145e-06
14281,1.1185012027681294e-06
14282,1.1171934377607327e-06
14283,1.1158913015840708e-06
14284,1.1145854128535857e-06
14285,1.1132870292307471e-06
14286,1.1119848930540852e-06
14287,1.1106865094312466e-06
14288,1.1093900020853196e-06
14289,1.1080934947393926e-06
14290,1.1068007399472888e-06
14291,1.105507985155185e-06
14292,1.1042171066399929e-06
14293,1.1029281044017123e-06
14294,1.1016409784403434e-06
14295,1.1003519762020628e-06
14296,1.0990686027945171e-06
14297,1.0977833531100598e-06
14298,1.0965018559794257e-06
14299,1.0952222351257033e-06
14300,1.0939407379950692e-06
14301,1.09266486969517e-06
14302,1.0913890013952707e-06
14303,1.0901168856491947e-06
14304,1.0888410173492955e-06
14305,1.0875689016032195e-06
14306,1.0863005384109668e-06
14307,1.0850302989418024e-06
14308,1.0837638120264612e-06
14309,1.0824992013880317e-06
14310,1.0812364670265138e-06
14311,1.0799718563880842e-06
14312,1.078710998303478e-06
14313,1.0774520164957833e-06
14314,1.076191158411177e-06
14315,1.0749378054342171e-06
14316,1.0736806999034341e-06
14317,1.0724273469264742e-06
14318,1.071175870226426e-06
14319,1.0699243935263778e-06
14320,1.0686747931032412e-06
14321,1.0674270689570162e-06
14322,1.0661793448107913e-06
14323,1.0649334969414779e-06
14324,1.0636914016259878e-06
14325,1.0624493063104976e-06
14326,1.0612072109950075e-06
14327,1.0599688682333406e-06
14328,1.0587305254716737e-06
14329,1.05749593526383e-06
14330,1.0562613450559864e-06
14331,1.0550286311250543e-06
14332,1.0537940409172106e-06
14333,1.0525632032631902e-06
14334,1.051336118162993e-06
14335,1.0501071567858842e-06
14336,1.048880071685687e-06
14337,1.0476548628624014e-06
14338,1.0464315303160274e-06
14339,1.0452100740465651e-06
14340,1.0439904940540143e-06
14341,1.0427709140614636e-06
14342,1.0415513340689129e-06
14343,1.040337382907097e-06
14344,1.0391234317452811e-06
14345,1.0379094805834652e-06
14346,1.036697405698561e-06
14347,1.0354890833674799e-06
14348,1.0342770084825757e-06
14349,1.0330705624284062e-06
14350,1.0318622400973252e-06
14351,1.0306576703200674e-06
14352,1.0294531005428096e-06
14353,1.0282541595962866e-06
14354,1.0270514660959405e-06
14355,1.0258544014263291e-06
14356,1.0246554604798062e-06
14357,1.0234583958101948e-06
14358,1.0222632074174951e-06
14359,1.021069895301707e-06
14360,1.0198765831859189e-06
14361,1.0186851473470424e-06
14362,1.0174955877850775e-06
14363,1.0163060282231127e-06
14364,1.015120221214971e-06
14365,1.0139344142068294e-06
14366,1.012752359752511e-06
14367,1.011568429021281e-06
14368,1.0103863745669626e-06
14369,1.009206196389556e-06
14370,1.0080297707659724e-06
14371,1.0068514688654773e-06
14372,1.0056731669649821e-06
14373,1.0045023701721334e-06
14374,1.0033278208254615e-06
14375,1.0021570240326128e-06
14376,1.000986227239764e-06
14377,9.9981918300073858e-07
14378,9.986521387617131e-07
14379,9.9748697079959925e-07
14380,9.9631992656057378e-07
14381,9.9515663487537154e-07
14382,9.939933431901693e-07
14383,9.9283192778187868e-07
14384,9.9167426492741129e-07
14385,9.905166020729439e-07
14386,9.8935893921847651e-07
14387,9.8820315264092073e-07
14388,9.8705111861718819e-07
14389,9.8589720831654404e-07
14390,9.847451742928115e-07
14391,9.8359314026907896e-07
14392,9.8244673507608127e-07
14393,9.8130032988308358e-07
14394,9.8015204841317427e-07
14395,9.790075194970882e-07
14396,9.7786486685791374e-07
14397,9.7672221421873928e-07
14398,9.7558143785647644e-07
14399,9.7444441404803683e-07
14400,9.7330739023959723e-07
14401,9.72168490154246e-07
14402,9.7103334262271801e-07
14403,9.6990007136810164e-07
14404,9.6876680011348526e-07
14405,9.676354051357805e-07
14406,9.6650588643498736e-07
14407,9.6537824401110583e-07
14408,9.6424872531031269e-07
14409,9.631248354402544e-07
14410,9.6199719301637288e-07
14411,9.608751794232262e-07
14412,9.5975316583007952e-07
14413,9.5863115223693285e-07
14414,9.5751476747452102e-07
14415,9.5639650643519758e-07
14416,9.5527824539587414e-07
14417,9.5416373691037393e-07
14418,9.5304922842487361e-07
14419,9.5193659621628502e-07
14420,9.5082396400769643e-07
14421,9.4971508435293107e-07
14422,9.4860620469816571e-07
14423,9.4749732504340035e-07
14424,9.463903216655466e-07
14425,9.4528519456460447e-07
14426,9.4418194374057396e-07
14427,9.4307869291654345e-07
14428,9.4197731836942456e-07
14429,9.4087782009921728e-07
14430,9.3978019810592162e-07
14431,9.3868069983571434e-07
14432,9.3758307784241868e-07
14433,9.3649108467985787e-07
14434,9.3539533896347383e-07
14435,9.3430522207782463e-07
14436,9.332113526383522e-07
14437,9.3212311202961463e-07
14438,9.3103487142087705e-07
14439,9.2994663081213947e-07
14440,9.2886214275722512e-07
14441,9.2777577842539916e-07
14442,9.2669316664739643e-07
14443,9.2561243114630532e-07
14444,9.2452981936830259e-07
14445,9.2345283642103471e-07
14446,9.2237397719685522e-07
14447,9.2129511797267572e-07
14448,9.2022001130231946e-07
14449,9.1914490463196319e-07
14450,9.1807167423851855e-07
14451,9.1700032012198552e-07
14452,9.1592896600545249e-07
14453,9.1485948816583107e-07
14454,9.1379188660312128e-07
14455,9.1272240876349986e-07
14456,9.1165668347770168e-07
14457,9.1059283446881512e-07
14458,9.0953086173684017e-07
14459,9.0846888900486523e-07
14460,9.074087925498019e-07
14461,9.0634494354091533e-07
14462,9.0528859963967523e-07
14463,9.0423037946152352e-07
14464,9.0317591183719504e-07
14465,9.0212144421286656e-07
14466,9.0106697658853808e-07
14467,9.0001438524112121e-07
14468,8.9896367017061596e-07
14469,8.9791483137702233e-07
14470,8.968659925834287e-07
14471,8.9581715378983507e-07
14472,8.9477206755006467e-07
14473,8.9372698131029427e-07
14474,8.9268377134743549e-07
14475,8.9164056138457671e-07
14476,8.9059922769862954e-07
14477,8.8955977028959399e-07
14478,8.8852031288055844e-07
14479,8.8748273174843451e-07
14480,8.8644702689322219e-07
14481,8.854131983149215e-07
14482,8.843793697366208e-07
14483,8.833455411583201e-07
14484,8.8231358885693101e-07
14485,8.8128351283245355e-07
14486,8.802553130848877e-07
14487,8.7922711333732185e-07
14488,8.7820078986666761e-07
14489,8.7717446639601338e-07
14490,8.7615001920227076e-07
14491,8.7512932456235138e-07
14492,8.7410487736860876e-07
14493,8.7308418272868938e-07
14494,8.7206536436568161e-07
14495,8.7104654600267384e-07
14496,8.7002772763966608e-07
14497,8.6901266183048154e-07
14498,8.6799759602129701e-07
14499,8.6698440648902409e-07
14500,8.6597309323366279e-07
14501,8.649636562552131e-07
14502,8.639523429998518e-07
14503,8.6294478229831373e-07
14504,8.6193534531986405e-07
14505,8.6092778461832598e-07
14506,8.5992210019369953e-07
14507,8.5891829204598469e-07
14508,8.5791636017518147e-07
14509,8.5691442830437826e-07
14510,8.5591437271048665e-07
14511,8.5491619339350667e-07
14512,8.5391426152270345e-07
14513,8.529198347595467e-07
14514,8.5192165544256671e-07
14515,8.5092722867940996e-07
14516,8.4993280191625321e-07
14517,8.4894025143000807e-07
14518,8.4794957722067455e-07
14519,8.4695890301134103e-07
14520,8.4596822880200751e-07
14521,8.4498130714649722e-07
14522,8.4399438549098694e-07
14523,8.4300934011238827e-07
14524,8.4202617101070121e-07
14525,8.4104112563210254e-07
14526,8.4005795653041549e-07
14527,8.3907853998255167e-07
14528,8.3809912343468785e-07
14529,8.3711970688682403e-07
14530,8.3614029033896021e-07
14531,8.3516650262183124e-07
14532,8.3419083862779065e-07
14533,8.3321705091066168e-07
14534,8.3224513947044432e-07
14535,8.3127135175331535e-07
14536,8.3030131659000961e-07
14537,8.2932940514979226e-07
14538,8.2836124626339814e-07
14539,8.2739496365391563e-07
14540,8.2643055732134474e-07
14541,8.2546427471186224e-07
14542,8.2449986837929135e-07
14543,8.2353921460054369e-07
14544,8.2257856082179604e-07
14545,8.2161790704304838e-07
14546,8.2065725326430073e-07
14547,8.1970035203937631e-07
14548,8.1874157453754027e-07
14549,8.1778654958952746e-07
14550,8.1683152464151466e-07
14551,8.1587649969350185e-07
14552,8.1492522729931228e-07
14553,8.139739549051227e-07
14554,8.1302080623402151e-07
14555,8.1207328639365517e-07
14556,8.1112576655328883e-07
14557,8.1017824671292249e-07
14558,8.0923072687255615e-07
14559,8.0828883586292466e-07
14560,8.0734319229946994e-07
14561,8.0640130128983845e-07
14562,8.0545565772638373e-07
14563,8.0451564299366385e-07
14564,8.0357562826094398e-07
14565,8.0263748980513572e-07
14566,8.0170122762623908e-07
14567,8.0076496544734244e-07
14568,7.9983057954535742e-07
14569,7.9889431736646078e-07
14570,7.9796180774138737e-07
14571,7.9702929811631396e-07
14572,7.9610054104506379e-07
14573,7.9517178397381361e-07
14574,7.9424115062565182e-07
14575,7.9331426983131326e-07
14576,7.923873890369747e-07
14577,7.9146238451954776e-07
14578,7.9053738000212082e-07
14579,7.896142517616055e-07
14580,7.8869299979800179e-07
14581,7.8777174783439808e-07
14582,7.8685237214770599e-07
14583,7.8593487273792551e-07
14584,7.8501549705123342e-07
14585,7.8409987391836456e-07
14586,7.831842507854957e-07
14587,7.8227238020645007e-07
14588,7.813548807966696e-07
14589,7.8044488649453559e-07
14590,7.7953301591548996e-07
14591,7.7862114533644434e-07
14592,7.7771302731122194e-07
14593,7.7680303300908793e-07
14594,7.7589679126077716e-07
14595,7.7498867323555476e-07
14596,7.740843077641556e-07
14597,7.7318181856966806e-07
14598,7.722774530982689e-07
14599,7.7137496390378136e-07
14600,7.7047435098620543e-07
14601,7.6957561434554112e-07
14602,7.6867687770487681e-07
14603,7.6778189361803573e-07
14604,7.6688315697737142e-07
14605,7.6598629661361873e-07
14606,7.6509318880368927e-07
14607,7.6420008099375981e-07
14608,7.6330697318383034e-07
14609,7.6241386537390088e-07
14610,7.6152451011779466e-07
14611,7.6063703113860004e-07
14612,7.5974767588249382e-07
14613,7.5886019690329921e-07
14614,7.5797271792410459e-07
14615,7.5708899149873322e-07
14616,7.5620526507336184e-07
14617,7.5532153864799046e-07
14618,7.544396884995307e-07
14619,7.5355971462798255e-07
14620,7.5267786447952279e-07
14621,7.5179976688488626e-07
14622,7.5092166929024973e-07
14623,7.500435716956132e-07
14624,7.4916922665479991e-07
14625,7.48293005337075e-07
14626,7.4742053657317332e-07
14627,7.4654806780927164e-07
14628,7.4567559904536996e-07
14629,7.4480500655837989e-07
14630,7.4393629034830145e-07
14631,7.43067574138223e-07
14632,7.4220261048196779e-07
14633,7.4133389427188934e-07
14634,7.4046705433872251e-07
14635,7.3960396695937892e-07
14636,7.3873712702621209e-07
14637,7.3787591592378011e-07
14638,7.3701658109825974e-07
14639,7.3615349371891615e-07
14640,7.3529415889339578e-07
14641,7.3443482406787542e-07
14642,7.3357924179617829e-07
14643,7.3272178324756954e-07
14644,7.3186620097587241e-07
14645,7.3101061870417528e-07
14646,7.3015691270938977e-07
14647,7.2930508299151587e-07
14648,7.2845512955055359e-07
14649,7.2760329983267969e-07
14650,7.2675334639171741e-07
14651,7.2590526922766674e-07
14652,7.2505719206361608e-07
14653,7.2421286745338865e-07
14654,7.2336479028933798e-07
14655,7.2252046567911055e-07
14656,7.2167614106888312e-07
14657,7.208336927355673e-07
14658,7.1998936812533987e-07
14659,7.1914879606893567e-07
14660,7.1831010028944309e-07
14661,7.1747140450995051e-07
14662,7.1663458500736955e-07
14663,7.157996417817002e-07
14664,7.1496094600220761e-07
14665,7.1412600277653827e-07
14666,7.1329293582778053e-07
14667,7.124598688790228e-07
14668,7.1162867820717668e-07
14669,7.1079748753533057e-07
14670,7.0996817314039607e-07
14671,7.0913885874546157e-07
14672,7.0831142062743869e-07
14673,7.0748585878632742e-07
14674,7.0665842066830454e-07
14675,7.0583285882719327e-07
14676,7.05007296986082e-07
14677,7.0418548769879397e-07
14678,7.0336180213459432e-07
14679,7.025418691242179e-07
14680,7.0172005983692987e-07
14681,7.0090200310346507e-07
14682,7.0008207009308865e-07
14683,6.9926401335962385e-07
14684,6.9844595662615905e-07
14685,6.9762977616960587e-07
14686,6.9681734826687592e-07
14687,6.9600492036414597e-07
14688,6.951906161845044e-07
14689,6.9437818828177445e-07
14690,6.9356763665595612e-07
14691,6.927589613070494e-07
14692,6.9194840968123106e-07
14693,6.9114161060923596e-07
14694,6.9033293526032924e-07
14695,6.8952613618833414e-07
14696,6.8872121339325066e-07
14697,6.8791629059816717e-07
14698,6.8711324407999531e-07
14699,6.8631019756182344e-07
14700,6.8550902732056319e-07
14701,6.8470973335621455e-07
14702,6.8391043939186591e-07
14703,6.831130217044289e-07
14704,6.8231560401699188e-07
14705,6.8151818632955486e-07
14706,6.8072076864211784e-07
14707,6.7992710350850405e-07
14708,6.7913343837489027e-07
14709,6.783416495181881e-07
14710,6.7754798438457431e-07
14711,6.7675431925096053e-07
14712,6.7596253039425836e-07
14713,6.7517449409137942e-07
14714,6.7438645778850049e-07
14715,6.7359842148562155e-07
14716,6.7281226145965423e-07
14717,6.7202610143368691e-07
14718,6.7124181768463121e-07
14719,6.7045753393557551e-07
14720,6.696732501865198e-07
14721,6.6889271899128733e-07
14722,6.6811218779605486e-07
14723,6.6733353287773401e-07
14724,6.6655300168250154e-07
14725,6.6577434676418069e-07
14726,6.6499756812277145e-07
14727,6.6422078948136221e-07
14728,6.6344401083995297e-07
14729,6.6266910847545535e-07
14730,6.6189420611095773e-07
14731,6.6112305630028335e-07
14732,6.6035190648960896e-07
14733,6.5958075667893457e-07
14734,6.588114831451718e-07
14735,6.5804220961140903e-07
14736,6.5727481235455787e-07
14737,6.565055388207951e-07
14738,6.5573814156394395e-07
14739,6.5497074430709279e-07
14740,6.5420709960406487e-07
14741,6.5344345490103695e-07
14742,6.5267981019800903e-07
14743,6.5191616549498111e-07
14744,6.5115627334577642e-07
14745,6.5039638119657173e-07
14746,6.4963461277045543e-07
14747,6.4887659689816236e-07
14748,6.4811858102586928e-07
14749,6.4736431770739944e-07
14750,6.4660817811201799e-07
14751,6.4585203851663653e-07
14752,6.4509965147507831e-07
14753,6.4434726443352009e-07
14754,6.4359300111505025e-07
14755,6.4284249035040364e-07
14756,6.4209197958575704e-07
14757,6.4134334509802205e-07
14758,6.4059283433337544e-07
14759,6.3984419984564045e-07
14760,6.3909556535790546e-07
14761,6.3835068342399371e-07
14762,6.3760580149008195e-07
14763,6.368609195561702e-07
14764,6.3611603762225844e-07
14765,6.353730319652583e-07
14766,6.3463190258516978e-07
14767,6.3388889692816964e-07
14768,6.3314964382499273e-07
14769,6.3241226699872744e-07
14770,6.3167301389555053e-07
14771,6.3093376079237363e-07
14772,6.3019638396610834e-07
14773,6.2946088341675466e-07
14774,6.2872538286740099e-07
14775,6.2799175859495893e-07
14776,6.2726001059942849e-07
14777,6.2652826260389805e-07
14778,6.2579463833145599e-07
14779,6.2506289033592555e-07
14780,6.2433489489421834e-07
14781,6.2360502317559952e-07
14782,6.228751514569807e-07
14783,6.2214903229218511e-07
14784,6.2142291312738951e-07
14785,6.2069867023950554e-07
14786,6.1997255107470995e-07
14787,6.1924830818682597e-07
14788,6.1852594157585362e-07
14789,6.1780169868796964e-07
14790,6.170812083539089e-07
14791,6.1636259429675977e-07
14792,6.1564210396269903e-07
14793,6.1492348990554991e-07
14794,6.1420487584840078e-07
14795,6.1348813806816327e-07
14796,6.1276952401101415e-07
14797,6.1205466250768826e-07
14798,6.1134167728127398e-07
14799,6.1062681577794809e-07
14800,6.0991383055153381e-07
14801,6.0920084532511954e-07
14802,6.084916126525285e-07
14803,6.0778050370302584e-07
14804,6.0707127103043479e-07
14805,6.0636016208093214e-07
14806,6.0565280568525271e-07
14807,6.0494544928957328e-07
14808,6.0423809289389386e-07
14809,6.0353261277512605e-07
14810,6.0282900893326985e-07
14811,6.0212540509141366e-07
14812,6.0141992497264585e-07
14813,6.0071819740770128e-07
14814,6.000164698427567e-07
14815,5.9931661855472374e-07
14816,5.9861676726669078e-07
14817,5.9791691597865782e-07
14818,5.9721894096753648e-07
14819,5.9652096595641513e-07
14820,5.9582486722220541e-07
14821,5.9512876848799568e-07
14822,5.9443454603069757e-07
14823,5.9374032357339946e-07
14824,5.9304610111610135e-07
14825,5.9235375493571485e-07
14826,5.9166140875532836e-07
14827,5.9097093885185348e-07
14828,5.9028234522529022e-07
14829,5.8959375159872696e-07
14830,5.889051579721637e-07
14831,5.8821656434560044e-07
14832,5.875298469959488e-07
14833,5.8684312964629715e-07
14834,5.8615828857355712e-07
14835,5.854734475008171e-07
14836,5.8478860642807707e-07
14837,5.8410751790916027e-07
14838,5.8342455311333186e-07
14839,5.8274346459441507e-07
14840,5.8206237607549827e-07
14841,5.8138316383349309e-07
14842,5.8070395159148792e-07
14843,5.8002661562639435e-07
14844,5.7934927966130079e-07
14845,5.7867006741929561e-07
14846,5.7799648400802528e-07
14847,5.7732102431984334e-07
14848,5.7664744090857301e-07
14849,5.7597385749730268e-07
14850,5.7530027408603235e-07
14851,5.7462856695167364e-07
14852,5.7395685981731493e-07
14853,5.7328890523677945e-07
14854,5.7261907437933235e-07
14855,5.7195111979879687e-07
14856,5.712831652182614e-07
14857,5.7061521063772592e-07
14858,5.6995100861101367e-07
14859,5.6928305403047819e-07
14860,5.6861697572685433e-07
14861,5.6795277370014208e-07
14862,5.6729044795034145e-07
14863,5.6662812220054082e-07
14864,5.6596767272765181e-07
14865,5.6530534697785118e-07
14866,5.6464677378187378e-07
14867,5.6398820058589639e-07
14868,5.6332775111300737e-07
14869,5.6266917791702998e-07
14870,5.620124809979642e-07
14871,5.6135766035581003e-07
14872,5.6069908715983264e-07
14873,5.6004614279459009e-07
14874,5.5939319842934754e-07
14875,5.58740254064105e-07
14876,5.5808730969886245e-07
14877,5.5743811788744313e-07
14878,5.5678517352220059e-07
14879,5.5613598171078127e-07
14880,5.5548303734553873e-07
14881,5.5483384553411941e-07
14882,5.5418840627652333e-07
14883,5.5354109074201563e-07
14884,5.5289377520750794e-07
14885,5.5224833594991186e-07
14886,5.5160477296922739e-07
14887,5.5095933371163131e-07
14888,5.5031577073094685e-07
14889,5.4967220775026238e-07
14890,5.4903239732340115e-07
14891,5.4838883434271669e-07
14892,5.4774902391585545e-07
14893,5.4711108976590584e-07
14894,5.4647127933904461e-07
14895,5.4583334518909499e-07
14896,5.4519541103914538e-07
14897,5.4455935316610738e-07
14898,5.4392329529306938e-07
14899,5.4329098997385462e-07
14900,5.4265680837772823e-07
14901,5.4202075050469023e-07
14902,5.4138844518547547e-07
14903,5.407561398662607e-07
14904,5.4012571082395756e-07
14905,5.3949340550474279e-07
14906,5.3886297646243964e-07
14907,5.3823442369704811e-07
14908,5.3760587093165658e-07
14909,5.3697544188935343e-07
14910,5.3634876540087351e-07
14911,5.357220889123936e-07
14912,5.350972887008253e-07
14913,5.34472488489257e-07
14914,5.3384956455460031e-07
14915,5.3322664061994363e-07
14916,5.3260184040837533e-07
14917,5.3198079275063027e-07
14918,5.313597450928852e-07
14919,5.3073869743514013e-07
14920,5.3011952605430668e-07
14921,5.2950223095038485e-07
14922,5.288830595695514e-07
14923,5.2826388818871795e-07
14924,5.2764659308479612e-07
14925,5.270311742577859e-07
14926,5.2641575543077568e-07
14927,5.2580033660376547e-07
14928,5.2518679405366687e-07
14929,5.2457325150356827e-07
14930,5.239634615072929e-07
14931,5.2334804268028268e-07
14932,5.2273825268400731e-07
14933,5.2212658641082033e-07
14934,5.2151867269145658e-07
14935,5.2090888269518121e-07
14936,5.2030096897581746e-07
14937,5.1969305525645371e-07
14938,5.1908701781400158e-07
14939,5.1848098037154944e-07
14940,5.1787494292909731e-07
14941,5.1727078176355679e-07
14942,5.1666662059801627e-07
14943,5.1606245943247576e-07
14944,5.1546017454384685e-07
14945,5.1485788965521795e-07
14946,5.1425748104350067e-07
14947,5.1365707243178338e-07
14948,5.130566638200661e-07
14949,5.1246000776217205e-07
14950,5.1185959915045476e-07
14951,5.112610668156491e-07
14952,5.1066441075775504e-07
14953,5.1006963097677261e-07
14954,5.0947485119579017e-07
14955,5.0887631886098451e-07
14956,5.0828341535691369e-07
14957,5.0768863557593125e-07
14958,5.0709573207186043e-07
14959,5.0650470484470123e-07
14960,5.0591180134063041e-07
14961,5.0532265039038283e-07
14962,5.0472974688631211e-07
14963,5.0414059593606453e-07
14964,5.0355519753964018e-07
14965,5.0296417031248097e-07
14966,5.02376895639145e-07
14967,5.0179149724272065e-07
14968,5.012060988462963e-07
14969,5.0062070044987195e-07
14970,5.0003530205344759e-07
14971,4.9945177993393486e-07
14972,4.9886825781442212e-07
14973,4.98286611971821e-07
14974,4.9770308985230827e-07
14975,4.9712332028661876e-07
14976,4.9654167444401764e-07
14977,4.9596002860141652e-07
14978,4.9538213531263864e-07
14979,4.9480424202386075e-07
14980,4.9422634873508287e-07
14981,4.9364845544630498e-07
14982,4.9307243843443871e-07
14983,4.9249829769948406e-07
14984,4.9192040441070617e-07
14985,4.9134813995266313e-07
14986,4.9077399921770848e-07
14987,4.9019985848275383e-07
14988,4.896294703016224e-07
14989,4.8905720584357937e-07
14990,4.8848494138553633e-07
14991,4.8791455320440491e-07
14992,4.8734416502327349e-07
14993,4.8677565311905369e-07
14994,4.8620714121483388e-07
14995,4.8564050558752569e-07
14996,4.8507386996021751e-07
14997,4.8450723433290932e-07
14998,4.8394247498251275e-07
14999,4.8337771563211618e-07
15000,4.8281483255863122e-07
15001,4.8225007320823465e-07
15002,4.816871901347497e-07
15003,4.8112243078435313e-07
15004,4.8055954771086817e-07
15005,4.7999854091429484e-07
15006,4.794375341177215e-07
15007,4.7887840359805978e-07
15008,4.7831927307839806e-07
15009,4.7776014255873633e-07
15010,4.7720288831598623e-07
15011,4.7664563407323607e-07
15012,4.7608837983048597e-07
15013,4.7553112558773586e-07
15014,4.7497950017572061e-07
15015,4.7442412220988212e-07
15016,4.7386874424404363e-07
15017,4.7331711883202837e-07
15018,4.727636171431015e-07
15019,4.7221011545417463e-07
15020,4.7165849004215938e-07
15021,4.7110686463014412e-07
15022,4.7055711549504048e-07
15023,4.7001111891376008e-07
15024,4.6946324605556805e-07
15025,4.689116206435528e-07
15026,4.6836374778536078e-07
15027,4.6781775120408037e-07
15028,4.6727175462279996e-07
15029,4.6672763431843118e-07
15030,4.6618351401406239e-07
15031,4.656393937096936e-07
15032,4.6509527340532481e-07
15033,4.6455115310095602e-07
15034,4.6400890907349885e-07
15035,4.6346478876913006e-07
15036,4.6292629729549612e-07
15037,4.6238405326803894e-07
15038,4.6184368551749339e-07
15039,4.6130519404385945e-07
15040,4.6076670257022551e-07
15041,4.6022821109659157e-07
15042,4.5969159589986925e-07
15043,4.5915498070314692e-07
15044,4.586183655064246e-07
15045,4.5808362658661389e-07
15046,4.5754888766680319e-07
15047,4.5701414874699248e-07
15048,4.5647940982718177e-07
15049,4.5594654718428268e-07
15050,4.5541180826447198e-07
15051,4.548808218984845e-07
15052,4.5435171180940865e-07
15053,4.5382072544342117e-07
15054,4.532897390774337e-07
15055,4.5276062898835784e-07
15056,4.5223151889928198e-07
15057,4.5170428508711774e-07
15058,4.5117892755186512e-07
15059,4.5064981746278926e-07
15060,4.5012258365062502e-07
15061,4.4959534983846078e-07
15062,4.4907186858011977e-07
15063,4.4854651104486715e-07
15064,4.4802115350961453e-07
15065,4.4749954852818513e-07
15066,4.4697606726984413e-07
15067,4.4645633856532635e-07
15068,4.4593473358389696e-07
15069,4.4541500487937919e-07
15070,4.4489527617486141e-07
15071,4.4437367119343202e-07
15072,4.4385394248891425e-07
15073,4.433379663382197e-07
15074,4.4282011391061355e-07
15075,4.4230226148300739e-07
15076,4.4178440905540123e-07
15077,4.4126843290470669e-07
15078,4.4075245675401215e-07
15079,4.4023835688022922e-07
15080,4.397242570064463e-07
15081,4.3921015713266337e-07
15082,4.3869980981270368e-07
15083,4.3818570993892076e-07
15084,4.3767348634204945e-07
15085,4.3716313902208976e-07
15086,4.3665466797904168e-07
15087,4.3614432065908199e-07
15088,4.3563584961603391e-07
15089,4.3512550229607422e-07
15090,4.3461703125302615e-07
15091,4.3411043648688969e-07
15092,4.3360384172075323e-07
15093,4.3309724695461677e-07
15094,4.3259252846539193e-07
15095,4.3208405742234385e-07
15096,4.3158121521003062e-07
15097,4.3107649672080578e-07
15098,4.3057177823158094e-07
15099,4.3007081229617933e-07
15100,4.295679700838661e-07
15101,4.2906512787155288e-07
15102,4.2856603821306289e-07
15103,4.2806507227766128e-07
15104,4.2756598261917128e-07
15105,4.2706689296068129e-07
15106,4.265678033021913e-07
15107,4.260687136437013e-07
15108,4.2557337653903455e-07
15109,4.2507616315745617e-07
15110,4.2458082605278941e-07
15111,4.2408361267121103e-07
15112,4.2358827556654427e-07
15113,4.2309293846187751e-07
15114,4.2260135391103399e-07
15115,4.2210601680636723e-07
15116,4.2161255597861208e-07
15117,4.2111909515085694e-07
15118,4.2062751060001341e-07
15119,4.2013592604916989e-07
15120,4.1964809405214959e-07
15121,4.1915838577821768e-07
15122,4.1867055378119739e-07
15123,4.1817896923035386e-07
15124,4.1769301351024518e-07
15125,4.1720518151322489e-07
15126,4.1671922579311621e-07
15127,4.1623139379609592e-07
15128,4.1574543807598724e-07
15129,4.1525948235587856e-07
15130,4.1477352663576989e-07
15131,4.1429132346948444e-07
15132,4.1380724402628738e-07
15133,4.1332504086000194e-07
15134,4.1284096141680488e-07
15135,4.1235688197360782e-07
15136,4.1187655508423399e-07
15137,4.1139435191794854e-07
15138,4.1091402502857472e-07
15139,4.1043557441611251e-07
15140,4.0995524752673868e-07
15141,4.0947679691427647e-07
15142,4.0899834630181426e-07
15143,4.0851989568935204e-07
15144,4.0804144507688983e-07
15145,4.0756487074133924e-07
15146,4.0709017268270026e-07
15147,4.0661547462406128e-07
15148,4.061407765654223e-07
15149,4.0566607850678333e-07
15150,4.0519325672505596e-07
15151,4.047204349433286e-07
15152,4.0424761316160124e-07
15153,4.037766676567855e-07
15154,4.0330572215196975e-07
15155,4.0283290037024239e-07
15156,4.0236383114233826e-07
15157,4.0189288563752251e-07
15158,4.0142381640961839e-07
15159,4.0095662345862587e-07
15160,4.0048943050763336e-07
15161,4.0001848500281762e-07
15162,3.9955316832873672e-07
15163,3.9908597537774421e-07
15164,3.9862253498057493e-07
15165,3.9815534202958242e-07
15166,3.9768814907858991e-07
15167,3.9722470868142063e-07
15168,3.9675939200733973e-07
15169,3.9629407533325884e-07
15170,3.9583438748991279e-07
15171,3.9536907081583189e-07
15172,3.9490938297248585e-07
15173,3.9444781885222819e-07
15174,3.9398625473197052e-07
15175,3.9352844316553609e-07
15176,3.9306875532219005e-07
15177,3.9261094375575562e-07
15178,3.9215313218932119e-07
15179,3.9169532062288676e-07
15180,3.9123750905645233e-07
15181,3.9078157376692952e-07
15182,3.9032376220049509e-07
15183,3.8986970318788389e-07
15184,3.8941189162144946e-07
15185,3.8895783260883826e-07
15186,3.8850377359622707e-07
15187,3.8804783830670425e-07
15188,3.8759565557100467e-07
15189,3.8714347283530509e-07
15190,3.866894138226939e-07
15191,3.8623910736390593e-07
15192,3.8578692462820635e-07
15193,3.8533661816941839e-07
15194,3.8488631171063043e-07
15195,3.8443788152875408e-07
15196,3.8398945134687773e-07
15197,3.8353914488808977e-07
15198,3.8309259098312504e-07
15199,3.8264416080124869e-07
15200,3.8219760689628396e-07
15201,3.8175105299131923e-07
15202,3.813044990863545e-07
15203,3.80861697735213e-07
15204,3.8041514383024827e-07
15205,3.7997234247910678e-07
15206,3.7952578857414204e-07
15207,3.7908298722300055e-07
15208,3.7864018587185905e-07
15209,3.7819926079762917e-07
15210,3.7775833572339929e-07
15211,3.7731741064916941e-07
15212,3.7687648557493953e-07
15213,3.7643743677762126e-07
15214,3.75998387980303e-07
15215,3.7555933918298473e-07
15216,3.7511841410875485e-07
15217,3.746812415883482e-07
15218,3.7424219279102994e-07
15219,3.7380314399371168e-07
15220,3.7336784775021664e-07
15221,3.7293255150672161e-07
15222,3.7249725526322658e-07
15223,3.7206571157355478e-07
15224,3.7163041533005975e-07
15225,3.7119511908656472e-07
15226,3.7076357539689292e-07
15227,3.7032827915339789e-07
15228,3.6989861174063771e-07
15229,3.6946706805096591e-07
15230,3.6903552436129411e-07
15231,3.6860398067162231e-07
15232,3.6817243698195052e-07
15233,3.6774276956919033e-07
15234,3.6731497843334177e-07
15235,3.6688343474366997e-07
15236,3.664556436078214e-07
15237,3.6602785247197284e-07
15238,3.6560006133612427e-07
15239,3.6517602275409894e-07
15240,3.6474635534133876e-07
15241,3.6432044048240181e-07
15242,3.6389640190037648e-07
15243,3.6347048704143953e-07
15244,3.630464484594142e-07
15245,3.6262428615430048e-07
15246,3.6219837129536353e-07
15247,3.6177808526716143e-07
15248,3.6135779923895933e-07
15249,3.6093188438002239e-07
15250,3.6051159835182029e-07
15251,3.6009131232361819e-07
15252,3.5966727374159285e-07
15253,3.5925074026721399e-07
15254,3.5883045423901189e-07
15255,3.5841392076463302e-07
15256,3.5799551101334254e-07
15257,3.5757522498514044e-07
15258,3.5715681523384996e-07
15259,3.5674028175947109e-07
15260,3.5632374828509223e-07
15261,3.5590533853380174e-07
15262,3.5549068133633449e-07
15263,3.5507602413886724e-07
15264,3.5466324321831161e-07
15265,3.5424670974393274e-07
15266,3.5383205254646549e-07
15267,3.5341927162590986e-07
15268,3.5300649070535423e-07
15269,3.5259183350788698e-07
15270,3.5218092886424296e-07
15271,3.5177190049751056e-07
15272,3.5136099585386654e-07
15273,3.5095009121022253e-07
15274,3.5054106284349013e-07
15275,3.5013203447675773e-07
15276,3.4972112983311371e-07
15277,3.4931210146638131e-07
15278,3.4890307309964891e-07
15279,3.4849592100982813e-07
15280,3.4809064519691896e-07
15281,3.4768349310709818e-07
15282,3.4728009357110063e-07
15283,3.4687294148127984e-07
15284,3.4646578939145906e-07
15285,3.4606051357854989e-07
15286,3.4565711404255234e-07
15287,3.4525559078346641e-07
15288,3.4485219124746886e-07
15289,3.4445066798838292e-07
15290,3.4404726845238537e-07
15291,3.4364386891638782e-07
15292,3.4324234565730189e-07
15293,3.4284082239821595e-07
15294,3.4244117541604163e-07
15295,3.4204152843386732e-07
15296,3.41641881451693e-07
15297,3.412441107464303e-07
15298,3.4084446376425598e-07
15299,3.4044669305899328e-07
15300,3.400507986306422e-07
15301,3.3965302792537949e-07
15302,3.3925525722011679e-07
15303,3.3885936279176571e-07
15304,3.3846346836341462e-07
15305,3.3806757393506354e-07
15306,3.3767543206053569e-07
15307,3.3728141390909622e-07
15308,3.3688739575765675e-07
15309,3.3649150132930567e-07
15310,3.3609935945477782e-07
15311,3.3570721758024996e-07
15312,3.3531507570572211e-07
15313,3.3492481010810588e-07
15314,3.3453454451048964e-07
15315,3.3414427891287341e-07
15316,3.3375213703834556e-07
15317,3.3336562399455255e-07
15318,3.329734821200247e-07
15319,3.3258134024549685e-07
15320,3.3219482720170385e-07
15321,3.3180643788099923e-07
15322,3.3141992483720623e-07
15323,3.3103153551650161e-07
15324,3.3064502247270861e-07
15325,3.3025850942891561e-07
15326,3.298719963851226e-07
15327,3.2948923589515283e-07
15328,3.2910459912827145e-07
15329,3.2872183863830168e-07
15330,3.2833344931759706e-07
15331,3.2795068882762729e-07
15332,3.2756792833765752e-07
15333,3.2718516784768775e-07
15334,3.268042836346296e-07
15335,3.2642339942157145e-07
15336,3.260425152085133e-07
15337,3.2566163099545515e-07
15338,3.2528074678239699e-07
15339,3.2489986256933884e-07
15340,3.2452273091010392e-07
15341,3.2414184669704577e-07
15342,3.2376283876089923e-07
15343,3.2338570710166431e-07
15344,3.2300857544242939e-07
15345,3.2263144378319447e-07
15346,3.2225431212395955e-07
15347,3.2187905674163625e-07
15348,3.2150380135931295e-07
15349,3.2112666970007803e-07
15350,3.2075141431775473e-07
15351,3.2037991148925466e-07
15352,3.2000277983001974e-07
15353,3.1962940072460805e-07
15354,3.1925602161919636e-07
15355,3.1888264251378468e-07
15356,3.1851301596219622e-07
15357,3.1814151313369615e-07
15358,3.1777001030519608e-07
15359,3.1739850747669601e-07
15360,3.1702700464819595e-07
15361,3.1665737809660749e-07
15362,3.1628587526810742e-07
15363,3.1591624871651897e-07
15364,3.1554849844184213e-07
15365,3.1518074816716529e-07
15366,3.1481112161557684e-07
15367,3.1444524761781162e-07
15368,3.1407749734313478e-07
15369,3.1371162334536956e-07
15370,3.1334387307069273e-07
15371,3.1297799907292751e-07
15372,3.1261212507516229e-07
15373,3.1224812735430868e-07
15374,3.1188225335654346e-07
15375,3.1151825563568986e-07
15376,3.1115425791483625e-07
15377,3.1079213647089427e-07
15378,3.1042813875004066e-07
15379,3.1006414102918706e-07
15380,3.0970389586215669e-07
15381,3.093417744182147e-07
15382,3.089777766973611e-07
15383,3.0861753153033073e-07
15384,3.0825916264021197e-07
15385,3.0790079375009322e-07
15386,3.0754054858306285e-07
15387,3.0718030341603248e-07
15388,3.0682005824900211e-07
15389,3.0646356563579497e-07
15390,3.061033204687646e-07
15391,3.0574682785555746e-07
15392,3.0539033524235032e-07
15393,3.0503384262914318e-07
15394,3.0467735001593605e-07
15395,3.0432273367964053e-07
15396,3.0396999362025662e-07
15397,3.0361350100704948e-07
15398,3.0325888467075396e-07
15399,3.0290614461137006e-07
15400,3.0255152827507454e-07
15401,3.0219691193877901e-07
15402,3.0184604815630673e-07
15403,3.0149330809692282e-07
15404,3.0114056803753892e-07
15405,3.007859517012434e-07
15406,3.0043508791877111e-07
15407,3.0008610041321044e-07
15408,2.9973523663073815e-07
15409,2.9938624912517748e-07
15410,2.9903538534270519e-07
15411,2.9868639783714452e-07
15412,2.9833741033158384e-07
15413,2.9799029910293479e-07
15414,2.9764506415119735e-07
15415,2.9729420036872506e-07
15416,2.9694896541698762e-07
15417,2.9660185418833857e-07
15418,2.9625474295968951e-07
15419,2.9590763173104046e-07
15420,2.9556239677930302e-07
15421,2.9521716182756558e-07
15422,2.9487567942965137e-07
15423,2.9452856820100232e-07
15424,2.9418333324926488e-07
15425,2.9384185085135067e-07
15426,2.9349661589961324e-07
15427,2.9315325722478741e-07
15428,2.9281177482687321e-07
15429,2.92470292428959e-07
15430,2.9213068630795641e-07
15431,2.9178732763313059e-07
15432,2.9144584523521639e-07
15433,2.911062391142138e-07
15434,2.9076663299321121e-07
15435,2.9042890314912023e-07
15436,2.9008742075120603e-07
15437,2.8974969090711506e-07
15438,2.8941008478611247e-07
15439,2.8907235494202149e-07
15440,2.8873462509793052e-07
15441,2.8839877153075117e-07
15442,2.8805916540974858e-07
15443,2.8772518811948084e-07
15444,2.8738933455230148e-07
15445,2.8705160470821051e-07
15446,2.8671762741794277e-07
15447,2.8638365012767503e-07
15448,2.8604592028358406e-07
15449,2.8571381927022793e-07
15450,2.8538171825687181e-07
15451,2.8504774096660407e-07
15452,2.8471376367633633e-07
15453,2.8437978638606859e-07
15454,2.8404956164962409e-07
15455,2.8371558435935635e-07
15456,2.8338535962291184e-07
15457,2.8305513488646733e-07
15458,2.8272678642693444e-07
15459,2.8239468541357832e-07
15460,2.8206821323095705e-07
15461,2.8173798849451254e-07
15462,2.8140776375806803e-07
15463,2.8107753902162353e-07
15464,2.8074919056209064e-07
15465,2.8042084210255775e-07
15466,2.8009624619684809e-07
15467,2.797678977373152e-07
15468,2.7944142555469393e-07
15469,2.7911495337207265e-07
15470,2.7878848118945138e-07
15471,2.784620090068301e-07
15472,2.7813553682420883e-07
15473,2.7781281719541079e-07
15474,2.7748634501278952e-07
15475,2.7716362538399148e-07
15476,2.7684090575519344e-07
15477,2.7651630984948378e-07
15478,2.7619546649759736e-07
15479,2.7587274686879931e-07
15480,2.7555002724000127e-07
15481,2.7522918388811485e-07
15482,2.7490834053622843e-07
15483,2.74587497184342e-07
15484,2.7426665383245558e-07
15485,2.7394768675748077e-07
15486,2.7362871968250596e-07
15487,2.7330600005370792e-07
15488,2.7298890925564473e-07
15489,2.7266806590375831e-07
15490,2.723490988287835e-07
15491,2.7203013175380869e-07
15492,2.7171116467883389e-07
15493,2.7139595015768231e-07
15494,2.710769830827075e-07
15495,2.7076176856155593e-07
15496,2.7044655404040435e-07
15497,2.7012946324234116e-07
15498,2.6981424872118959e-07
15499,2.6949903420003801e-07
15500,2.6918569595579806e-07
15501,2.688723577115581e-07
15502,2.6855901946731814e-07
15503,2.6824380494616657e-07
15504,2.6793046670192661e-07
15505,2.6761900473459827e-07
15506,2.6730566649035831e-07
15507,2.6699045196920673e-07
15508,2.6668086627879001e-07
15509,2.6636940431146167e-07
15510,2.6605981862104494e-07
15511,2.6575023293062822e-07
15512,2.6543877096329988e-07
15513,2.6512918527288315e-07
15514,2.6482147585937804e-07
15515,2.645100138920497e-07
15516,2.6420230447854459e-07
15517,2.6389271878812787e-07
15518,2.6358500937462276e-07
15519,2.6327542368420604e-07
15520,2.6296959054761254e-07
15521,2.6266188113410744e-07
15522,2.6235604799751394e-07
15523,2.6205021486092045e-07
15524,2.6174062917050373e-07
15525,2.6143479603391024e-07
15526,2.6113083917422836e-07
15527,2.6082312976072325e-07
15528,2.6052104917795299e-07
15529,2.6021709231827112e-07
15530,2.5991313545858924e-07
15531,2.5961105487581898e-07
15532,2.5930709801613711e-07
15533,2.5900314115645523e-07
15534,2.5870106057368497e-07
15535,2.5839897999091471e-07
15536,2.5809877568505607e-07
15537,2.5779669510228581e-07
15538,2.5749649079642717e-07
15539,2.571925339367453e-07
15540,2.5689232963088665e-07
15541,2.5659212532502801e-07
15542,2.5629192101916937e-07
15543,2.5599546926713396e-07
15544,2.5569714123818693e-07
15545,2.5539693693232829e-07
15546,2.5509860890338127e-07
15547,2.5480028087443424e-07
15548,2.5450195284548721e-07
15549,2.5420737737036342e-07
15550,2.539090493414164e-07
15551,2.5361259758938099e-07
15552,2.5331614583734558e-07
15553,2.5301969408531017e-07
15554,2.5272324233327476e-07
15555,2.5243054313506263e-07
15556,2.5213409138302723e-07
15557,2.5184139218481505e-07
15558,2.5154494043277964e-07
15559,2.5125224123456746e-07
15560,2.5095954203635529e-07
15561,2.5066684283814311e-07
15562,2.5037414363993094e-07
15563,2.5007956816480714e-07
15564,2.4978874524350658e-07
15565,2.4949604604529441e-07
15566,2.4920709940090546e-07
15567,2.4891440020269329e-07
15568,2.4862357728139273e-07
15569,2.4833463063700378e-07
15570,2.4804568399261484e-07
15571,2.4775298479440266e-07
15572,2.4746591442692534e-07
15573,2.4717509150562478e-07
15574,2.4688802113814745e-07
15575,2.4660095077067012e-07
15576,2.4631012784936956e-07
15577,2.4602305748189224e-07
15578,2.4573598711441491e-07
15579,2.454507930238492e-07
15580,2.4516372265637187e-07
15581,2.4487665228889455e-07
15582,2.4458958192141722e-07
15583,2.4430438783085151e-07
15584,2.440191937402858e-07
15585,2.4373399964972009e-07
15586,2.43450681836066e-07
15587,2.4316548774550029e-07
15588,2.4288404620875781e-07
15589,2.4260072839510372e-07
15590,2.4231553430453801e-07
15591,2.4203221649088391e-07
15592,2.4174889867722982e-07
15593,2.4146745714048734e-07
15594,2.4118601560374486e-07
15595,2.4090269779009077e-07
15596,2.4062125625334829e-07
15597,2.4033981471660582e-07
15598,2.4006024945677495e-07
15599,2.3978068419694409e-07
15600,2.3949924266020162e-07
15601,2.3921967740037076e-07
15602,2.389401121405399e-07
15603,2.3866242315762065e-07
15604,2.3838285789778976e-07
15605,2.381032926379589e-07
15606,2.3782747993195128e-07
15607,2.3754979094903203e-07
15608,2.3727022568920117e-07
15609,2.3699628926010516e-07
15610,2.3671860027718592e-07
15611,2.3644278757117829e-07
15612,2.3616697486517066e-07
15613,2.3589116215916303e-07
15614,2.3561347317624379e-07
15615,2.3533766047023616e-07
15616,2.3506560031805177e-07
15617,2.3478978761204414e-07
15618,2.3451585118294813e-07
15619,2.3424191475385212e-07
15620,2.3396985460166772e-07
15621,2.3369404189566009e-07
15622,2.3342010546656408e-07
15623,2.331499215912913e-07
15624,2.3287598516219529e-07
15625,2.326039250100109e-07
15626,2.3233374113473812e-07
15627,2.3206168098255373e-07
15628,2.3179149710728095e-07
15629,2.3152131323200817e-07
15630,2.3125112935673539e-07
15631,2.3098094548146261e-07
15632,2.3071076160618984e-07
15633,2.3044245400782867e-07
15634,2.3017414640946751e-07
15635,2.2990396253419473e-07
15636,2.2963377865892196e-07
15637,2.2936734733747241e-07
15638,2.2910091601602287e-07
15639,2.2883448469457332e-07
15640,2.2856617709621216e-07
15641,2.28297869497851e-07
15642,2.2802956189948984e-07
15643,2.2776500685495191e-07
15644,2.2749857553350236e-07
15645,2.2723402048896443e-07
15646,2.2696758916751489e-07
15647,2.2670303412297696e-07
15648,2.2643660280152742e-07
15649,2.2617204775698949e-07
15650,2.2591124526627479e-07
15651,2.2564481394482525e-07
15652,2.2538025890028732e-07
15653,2.2511945640957262e-07
15654,2.2485677764194631e-07
15655,2.2459409887432e-07
15656,2.2432954382978207e-07
15657,2.2406874133906737e-07
15658,2.2380606257144106e-07
15659,2.2354338380381475e-07
15660,2.2328445759001167e-07
15661,2.2302365509929698e-07
15662,2.2276285260858228e-07
15663,2.225039263947792e-07
15664,2.2224312390406451e-07
15665,2.2198232141334981e-07
15666,2.2172527147645835e-07
15667,2.2146446898574365e-07
15668,2.2120741904885219e-07
15669,2.2095036911196073e-07
15670,2.2069144289815765e-07
15671,2.2043439296126619e-07
15672,2.2017546674746311e-07
15673,2.1991841681057164e-07
15674,2.1965949059676857e-07
15675,2.1940431693678872e-07
15676,2.1914914327680887e-07
15677,2.1889396961682903e-07
15678,2.1863691967993756e-07
15679,2.1838174601995772e-07
15680,2.1812844863688949e-07
15681,2.1787327497690964e-07
15682,2.1762185387075303e-07
15683,2.1736668021077318e-07
15684,2.1711338282770496e-07
15685,2.1686008544463673e-07
15686,2.1660491178465688e-07
15687,2.1635349067850027e-07
15688,2.1610019329543204e-07
15689,2.1584689591236381e-07
15690,2.1559547480620719e-07
15691,2.1534217742313897e-07
15692,2.1508888004007074e-07
15693,2.1483745893391412e-07
15694,2.1458791410466913e-07
15695,2.1433836927542413e-07
15696,2.1408694816926752e-07
15697,2.138355270631109e-07
15698,2.1358785851077752e-07
15699,2.1333831368153253e-07
15700,2.1309064512919915e-07
15701,2.1283922402304253e-07
15702,2.1258967919379754e-07
15703,2.1234201064146416e-07
15704,2.1209434208913078e-07
15705,2.118466735367974e-07
15706,2.1159900498446402e-07
15707,2.1135321270904226e-07
15708,2.1110742043362049e-07
15709,2.1085975188128711e-07
15710,2.1061208332895373e-07
15711,2.1036816733044359e-07
15712,2.1012425133193344e-07
15713,2.0987845905651167e-07
15714,2.0963266678108991e-07
15715,2.0938499822875653e-07
15716,2.09142958507158e-07
15717,2.0889904250864785e-07
15718,2.0865512651013771e-07
15719,2.0840933423471594e-07
15720,2.081654182362058e-07
15721,2.0792525479151888e-07
15722,2.0768321506992035e-07
15723,2.0743929907141021e-07
15724,2.0719725934981168e-07
15725,2.0695334335130153e-07
15726,2.0671317990661461e-07
15727,2.064730164619277e-07
15728,2.0622910046341755e-07
15729,2.0598893701873064e-07
15730,2.0574877357404373e-07
15731,2.0551048640626843e-07
15732,2.0527032296158152e-07
15733,2.050301595168946e-07
15734,2.0478811979529607e-07
15735,2.0454983262752077e-07
15736,2.0431342173665709e-07
15737,2.040751345688818e-07
15738,2.038368474011065e-07
15739,2.035985602333312e-07
15740,2.033602730655559e-07
15741,2.0312198589778061e-07
15742,2.0288557500691693e-07
15743,2.0264728783914163e-07
15744,2.0241275322518956e-07
15745,2.0217634233432588e-07
15746,2.019399314434622e-07
15747,2.0170352055259852e-07
15748,2.0146710966173484e-07
15749,2.0123257504778278e-07
15750,2.009961641569191e-07
15751,2.0076162954296703e-07
15752,2.0052709492901497e-07
15753,2.002925603150629e-07
15754,2.0005802570111084e-07
15755,1.9982536736407039e-07
15756,1.9959270902702994e-07
15757,1.9935817441307788e-07
15758,1.9912551607603743e-07
15759,1.9889285773899698e-07
15760,1.9866207567886815e-07
15761,1.9842754106491609e-07
15762,1.9819863528169887e-07
15763,1.9796597694465842e-07
15764,1.9773331860761798e-07
15765,1.9750441282440076e-07
15766,1.9727363076427193e-07
15767,1.970428487041431e-07
15768,1.9681394292092588e-07
15769,1.9658316086079705e-07
15770,1.9635425507757984e-07
15771,1.9612534929436262e-07
15772,1.9589456723423379e-07
15773,1.9566566145101658e-07
15774,1.9543675566779936e-07
15775,1.9521160243840538e-07
15776,1.9498457293209978e-07
15777,1.9475566714888257e-07
15778,1.9452676136566535e-07
15779,1.9429973185935975e-07
15780,1.9407082607614254e-07
15781,1.9384567284674856e-07
15782,1.9362051961735458e-07
15783,1.9339349011104898e-07
15784,1.9316646060474338e-07
15785,1.929413073753494e-07
15786,1.9271615414595542e-07
15787,1.9249100091656143e-07
15788,1.9226584768716745e-07
15789,1.9204257073468509e-07
15790,1.9181929378220272e-07
15791,1.9159601682972036e-07
15792,1.9137086360032638e-07
15793,1.9114758664784401e-07
15794,1.9092618597227326e-07
15795,1.907029090197909e-07
15796,1.9047963206730853e-07
15797,1.9025447883791455e-07
15798,1.900330781623438e-07
15799,1.8981167748677305e-07
15800,1.895902768112023e-07
15801,1.8936887613563155e-07
15802,1.8914935173697242e-07
15803,1.8892795106140167e-07
15804,1.8870655038583092e-07
15805,1.8848702598717179e-07
15806,1.8826937786542428e-07
15807,1.8804797718985353e-07
15808,1.878284527911944e-07
15809,1.8760705211562365e-07
15810,1.8738752771696451e-07
15811,1.8716800331830538e-07
15812,1.8695223147346948e-07
15813,1.8673458335172197e-07
15814,1.8651505895306284e-07
15815,1.8629928710822694e-07
15816,1.8608163898647942e-07
15817,1.8586399086473191e-07
15818,1.8564634274298439e-07
15819,1.8543244717506011e-07
15820,1.8521292277640097e-07
15821,1.8499527465465346e-07
15822,1.8477762653290594e-07
15823,1.8456560724189328e-07
15824,1.8434795912014576e-07
15825,1.8413406355222148e-07
15826,1.8391641543047396e-07
15827,1.837043961394613e-07
15828,1.834886242946254e-07
15829,1.8327660500361273e-07
15830,1.8306083315877683e-07
15831,1.8284693759085255e-07
15832,1.8263491829983988e-07
15833,1.824210227319156e-07
15834,1.8220900344090293e-07
15835,1.8199510787297865e-07
15836,1.8178308858196599e-07
15837,1.8157106929095332e-07
15838,1.8135717372302904e-07
15839,1.8114327815510475e-07
15840,1.809331351410037e-07
15841,1.8071923957307942e-07
15842,1.8050909655897837e-07
15843,1.8029895354487732e-07
15844,1.8008881053077627e-07
15845,1.7987866751667522e-07
15846,1.7966852450257417e-07
15847,1.7945838148847312e-07
15848,1.7925011475128369e-07
15849,1.7904184801409426e-07
15850,1.7883170499999321e-07
15851,1.7862156198589216e-07
15852,1.7841141897179111e-07
15853,1.7820502851151329e-07
15854,1.7799488549741224e-07
15855,1.7779037131404604e-07
15856,1.7758210457685661e-07
15857,1.7737383783966718e-07
15858,1.7716932365630098e-07
15859,1.7696105691911154e-07
15860,1.7675466645883373e-07
15861,1.7654827599855591e-07
15862,1.7634376181518971e-07
15863,1.7613737135491189e-07
15864,1.7593098089463408e-07
15865,1.7572459043435626e-07
15866,1.7551819997407844e-07
15867,1.7531180951380063e-07
15868,1.7510917160734604e-07
15869,1.7490465742397984e-07
15870,1.7470014324061364e-07
15871,1.7449562905724744e-07
15872,1.7429299115079286e-07
15873,1.7409035324433828e-07
15874,1.7388959161479531e-07
15875,1.7368695370834073e-07
15876,1.7348243952497453e-07
15877,1.7327980161851994e-07
15878,1.7307528743515374e-07
15879,1.7287264952869916e-07
15880,1.7267001162224457e-07
15881,1.7246737371578999e-07
15882,1.7226848836315864e-07
15883,1.7206585045670406e-07
15884,1.7186321255024947e-07
15885,1.7166432719761812e-07
15886,1.7146544184498677e-07
15887,1.7126655649235542e-07
15888,1.7106579486281245e-07
15889,1.7086503323326949e-07
15890,1.7066614788063814e-07
15891,1.7046538625109517e-07
15892,1.7026837717537544e-07
15893,1.7006949182274409e-07
15894,1.6987060647011274e-07
15895,1.6967172111748138e-07
15896,1.6947283576485003e-07
15897,1.6927395041221868e-07
15898,1.6907694133649895e-07
15899,1.6887993226077922e-07
15900,1.6868104690814786e-07
15901,1.6848591410933975e-07
15902,1.6829078131053163e-07
15903,1.6809189595790028e-07
15904,1.6789488688218055e-07
15905,1.6769975408337243e-07
15906,1.6750274500765269e-07
15907,1.6730948848575619e-07
15908,1.6711435568694808e-07
15909,1.6691922288813996e-07
15910,1.6672409008933184e-07
15911,1.6652895729052372e-07
15912,1.6633570076862722e-07
15913,1.6613869169290749e-07
15914,1.6594543517101099e-07
15915,1.6575030237220287e-07
15916,1.6555892212721798e-07
15917,1.6536378932840987e-07
15918,1.6517240908342498e-07
15919,1.6497727628461687e-07
15920,1.6478589603963198e-07
15921,1.645945157946471e-07
15922,1.644012592727506e-07
15923,1.6420987902776571e-07
15924,1.6401849878278083e-07
15925,1.6382711853779594e-07
15926,1.6363573829281106e-07
15927,1.6344435804782617e-07
15928,1.632548540797529e-07
15929,1.630615975578564e-07
15930,1.6287209358978314e-07
15931,1.6268258962170987e-07
15932,1.624930856536366e-07
15933,1.6230358168556333e-07
15934,1.6211407771749006e-07
15935,1.6192645002632841e-07
15936,1.6173694605825514e-07
15937,1.6154931836709349e-07
15938,1.6135606184519699e-07
15939,1.6117031043094696e-07
15940,1.6098080646287369e-07
15941,1.6079317877171204e-07
15942,1.6060367480363877e-07
15943,1.6041604711247712e-07
15944,1.6023029569822708e-07
15945,1.6004079173015382e-07
15946,1.5985504031590378e-07
15947,1.5966741262474213e-07
15948,1.5948353748740371e-07
15949,1.5929778607315368e-07
15950,1.5911015838199202e-07
15951,1.5892440696774199e-07
15952,1.5873677927658034e-07
15953,1.5855290413924192e-07
15954,1.583690290019035e-07
15955,1.5818327758765347e-07
15956,1.5799940245031505e-07
15957,1.5781365103606501e-07
15958,1.5762977589872659e-07
15959,1.5744402448447656e-07
15960,1.5726202562404976e-07
15961,1.5707815048671134e-07
15962,1.5689427534937292e-07
15963,1.5671227648894612e-07
15964,1.5652652507469608e-07
15965,1.563464024911809e-07
15966,1.561644036307541e-07
15967,1.5597865221650406e-07
15968,1.5579852963298888e-07
15969,1.5561465449565046e-07
15970,1.5543453191213527e-07
15971,1.5525253305170847e-07
15972,1.550742867451049e-07
15973,1.5489416416158972e-07
15974,1.5471404157807453e-07
15975,1.5453016644073611e-07
15976,1.5435004385722093e-07
15977,1.5416992127370574e-07
15978,1.5398979869019056e-07
15979,1.5380779982976375e-07
15980,1.5362955352316019e-07
15981,1.53449430939645e-07
15982,1.5326930835612981e-07
15983,1.5309293832643786e-07
15984,1.5291469201983429e-07
15985,1.5273456943631911e-07
15986,1.5255632312971554e-07
15987,1.5237995310002359e-07
15988,1.5220170679342002e-07
15989,1.5202346048681645e-07
15990,1.5184521418021288e-07
15991,1.5166884415052093e-07
15992,1.5149247412082898e-07
15993,1.5131422781422541e-07
15994,1.5113785778453345e-07
15995,1.509614877548415e-07
15996,1.5078511772514955e-07
15997,1.506087476954576e-07
15998,1.5043237766576564e-07
15999,1.5025788391298531e-07
16000,1.5008151388329336e-07
16001,1.4990702013051302e-07
16002,1.4973252637773268e-07
16003,1.4955615634804073e-07
16004,1.4937978631834878e-07
16005,1.4920716884248006e-07
16006,1.4903455136661134e-07
16007,1.4885818133691939e-07
16008,1.4868556386105067e-07
16009,1.4851107010827033e-07
16010,1.4833845263240161e-07
16011,1.4816395887962128e-07
16012,1.4799134140375256e-07
16013,1.4781872392788384e-07
16014,1.4764610645201512e-07
16015,1.474734889761464e-07
16016,1.4730087150027768e-07
16017,1.4713013030132058e-07
16018,1.4695751282545186e-07
16019,1.4678489534958314e-07
16020,1.4661415415062604e-07
16021,1.4644341295166893e-07
16022,1.4627267175271183e-07
16023,1.4610193055375473e-07
16024,1.4592931307788601e-07
16025,1.4576044815584052e-07
16026,1.4558970695688342e-07
16027,1.4541896575792632e-07
16028,1.4525010083588083e-07
16029,1.4508123591383534e-07
16030,1.4491049471487824e-07
16031,1.4473975351592114e-07
16032,1.4457464114769889e-07
16033,1.4440389994874178e-07
16034,1.442350350266963e-07
16035,1.4406804638156243e-07
16036,1.4389918145951694e-07
16037,1.4373219281438307e-07
16038,1.4356145161542597e-07
16039,1.4339633924720371e-07
16040,1.4322747432515823e-07
16041,1.4306048568002436e-07
16042,1.4289537331180211e-07
16043,1.42724632112845e-07
16044,1.4256139602153437e-07
16045,1.423944073764005e-07
16046,1.4222741873126663e-07
16047,1.4206043008613276e-07
16048,1.418953177179105e-07
16049,1.4172832907277663e-07
16050,1.41565092981466e-07
16051,1.4139810433633213e-07
16052,1.4123299196810987e-07
16053,1.4106975587679924e-07
16054,1.4090464350857698e-07
16055,1.4074140741726635e-07
16056,1.4057817132595571e-07
16057,1.4041305895773346e-07
16058,1.402479465895112e-07
16059,1.4008471049820057e-07
16060,1.3991959812997831e-07
16061,1.3975636203866768e-07
16062,1.3959124967044542e-07
16063,1.394298898560464e-07
16064,1.3926665376473577e-07
16065,1.3910341767342513e-07
16066,1.3894205785902611e-07
16067,1.3878069804462709e-07
16068,1.3861746195331645e-07
16069,1.3845610213891743e-07
16070,1.3829661860143003e-07
16071,1.3813150623320777e-07
16072,1.3797202269572037e-07
16073,1.3780878660440973e-07
16074,1.3764930306692233e-07
16075,1.3748981952943493e-07
16076,1.3732845971503591e-07
16077,1.3716709990063689e-07
16078,1.3700574008623787e-07
16079,1.3684813282566208e-07
16080,1.3668677301126306e-07
16081,1.3652728947377566e-07
16082,1.3636968221319987e-07
16083,1.3621019867571246e-07
16084,1.3604883886131344e-07
16085,1.3589123160073766e-07
16086,1.3573362434016187e-07
16087,1.3557601707958608e-07
16088,1.3541465726518706e-07
16089,1.3525705000461127e-07
16090,1.3509944274403549e-07
16091,1.349418354834597e-07
16092,1.3478422822288391e-07
16093,1.3462662096230813e-07
16094,1.3447088997864396e-07
16095,1.3431140644115655e-07
16096,1.3415567545749238e-07
16097,1.3399994447382821e-07
16098,1.3384608976707566e-07
16099,1.3368660622958825e-07
16100,1.3353087524592408e-07
16101,1.3337514426225991e-07
16102,1.3322316583241897e-07
16103,1.3306555857184319e-07
16104,1.3291170386509063e-07
16105,1.3275784915833808e-07
16106,1.3260024189776229e-07
16107,1.3244638719100974e-07
16108,1.3229065620734557e-07
16109,1.3213492522368139e-07
16110,1.3198107051692884e-07
16111,1.3182721581017629e-07
16112,1.3167148482651212e-07
16113,1.3151763011975956e-07
16114,1.3136377541300701e-07
16115,1.3121179698316607e-07
16116,1.310560659995019e-07
16117,1.3090408756966096e-07
16118,1.3075023286290841e-07
16119,1.3060013070997909e-07
16120,1.3044627600322653e-07
16121,1.3029429757338559e-07
16122,1.3014231914354466e-07
16123,1.299884644367921e-07
16124,1.2983836228386278e-07
16125,1.2968638385402184e-07
16126,1.2953628170109252e-07
16127,1.2938430327125158e-07
16128,1.2923232484141065e-07
16129,1.2908034641156971e-07
16130,1.2893024425864039e-07
16131,1.2878014210571107e-07
16132,1.2863003995278175e-07
16133,1.2847993779985242e-07
16134,1.283298356469231e-07
16135,1.281816097709054e-07
16136,1.2803150761797608e-07
16137,1.2788328174195837e-07
16138,1.2773505586594067e-07
16139,1.2758495371301135e-07
16140,1.2743485156008203e-07
16141,1.272847494071527e-07
16142,1.27136523531135e-07
16143,1.2698642137820568e-07
16144,1.2684007177909959e-07
16145,1.2669184590308189e-07
16146,1.2654362002706418e-07
16147,1.2639539415104648e-07
16148,1.2624904455194039e-07
16149,1.2610081867592271e-07
16150,1.2595259279990501e-07
16151,1.258043669238873e-07
16152,1.2565801732478121e-07
16153,1.2551166772567512e-07
16154,1.2536531812656904e-07
16155,1.2521896852746295e-07
16156,1.2507261892835686e-07
16157,1.2492626932925077e-07
16158,1.247817960070563e-07
16159,1.2463544640795021e-07
16160,1.2448909680884412e-07
16161,1.2434462348664965e-07
16162,1.2420015016445518e-07
16163,1.2405380056534909e-07
16164,1.2390932724315462e-07
16165,1.2376485392096015e-07
16166,1.2362225687567729e-07
16167,1.2347590727657121e-07
16168,1.2333143395437673e-07
16169,1.2318696063218226e-07
16170,1.2304248730998779e-07
16171,1.2290176654161655e-07
16172,1.2275541694251046e-07
16173,1.2261094362031599e-07
16174,1.2246834657503314e-07
16175,1.2232574952975028e-07
16176,1.2218315248446743e-07
16177,1.2204055543918457e-07
16178,1.2189795839390172e-07
16179,1.2175536134861886e-07
16180,1.2161276430333601e-07
16181,1.2147204353496477e-07
16182,1.2133132276659353e-07
16183,1.2118872572131067e-07
16184,1.2104612867602782e-07
16185,1.2090540790765658e-07
16186,1.2076468713928534e-07
16187,1.2062209009400249e-07
16188,1.2048324560254287e-07
16189,1.2034252483417163e-07
16190,1.20203680342712e-07
16191,1.2006108329742915e-07
16192,1.1992036252905791e-07
16193,1.1977964176068667e-07
16194,1.1964267354613867e-07
16195,1.1950382905467904e-07
16196,1.1936310828630781e-07
16197,1.192261400717598e-07
16198,1.1908354302647693e-07
16199,1.1894845108884054e-07
16200,1.188077303204693e-07
16201,1.186707621059213e-07
16202,1.1853004133755006e-07
16203,1.1839494939991367e-07
16204,1.1825422863154243e-07
16205,1.1811538414008281e-07
16206,1.1797841592553481e-07
16207,1.178414477109868e-07
16208,1.1770447949643879e-07
16209,1.1756563500497917e-07
16210,1.1742866679043117e-07
16211,1.1728982229897154e-07
16212,1.1715473036133516e-07
16213,1.1701588586987553e-07
16214,1.1687704137841591e-07
16215,1.1674007316386791e-07
16216,1.1660685750314313e-07
16217,1.1647176556550674e-07
16218,1.1633292107404712e-07
16219,1.1619595285949912e-07
16220,1.1606273719877434e-07
16221,1.1592576898422634e-07
16222,1.1579067704658995e-07
16223,1.1565558510895356e-07
16224,1.1551861689440555e-07
16225,1.1538352495676917e-07
16226,1.1525030929604439e-07
16227,1.1511709363531962e-07
16228,1.1498387797459485e-07
16229,1.1485066231387008e-07
16230,1.1471557037623369e-07
16231,1.145804784385973e-07
16232,1.1444913905478414e-07
16233,1.1431404711714775e-07
16234,1.1417895517951136e-07
16235,1.1404573951878659e-07
16236,1.1391252385806182e-07
16237,1.1377930819733705e-07
16238,1.1364609253661227e-07
16239,1.1351475315279912e-07
16240,1.1338153749207434e-07
16241,1.1324832183134957e-07
16242,1.1311885872444803e-07
16243,1.1298376678681164e-07
16244,1.1285055112608687e-07
16245,1.1271921174227372e-07
16246,1.1258787235846056e-07
16247,1.124565329746474e-07
16248,1.1232706986774586e-07
16249,1.1219573048393271e-07
16250,1.1206439110011955e-07
16251,1.1193492799321801e-07
16252,1.1180358860940486e-07
16253,1.1167412550250332e-07
16254,1.1154090984177854e-07
16255,1.11411446734877e-07
16256,1.1128010735106385e-07
16257,1.1115064424416231e-07
16258,1.1102118113726077e-07
16259,1.1089171803035923e-07
16260,1.1076225492345769e-07
16261,1.1063279181655615e-07
16262,1.1050145243274299e-07
16263,1.1037386560275307e-07
16264,1.1024440249585153e-07
16265,1.1011681566586161e-07
16266,1.0998735255896007e-07
16267,1.0985976572897015e-07
16268,1.0973030262206861e-07
16269,1.0960083951516707e-07
16270,1.0947512896208876e-07
16271,1.0934754213209884e-07
16272,1.0921995530210892e-07
16273,1.0909236847211899e-07
16274,1.0896478164212907e-07
16275,1.0883907108905076e-07
16276,1.0871148425906084e-07
16277,1.0858577370598253e-07
16278,1.0845818687599261e-07
16279,1.083324763229143e-07
16280,1.0820488949292438e-07
16281,1.0807730266293446e-07
16282,1.0795159210985615e-07
16283,1.0782588155677785e-07
16284,1.0770017100369954e-07
16285,1.0757446045062123e-07
16286,1.0745062617445454e-07
16287,1.0732491562137624e-07
16288,1.0719920506829793e-07
16289,1.0707537079213124e-07
16290,1.0694778396214132e-07
16291,1.0682394968597463e-07
16292,1.0670011540980794e-07
16293,1.0657440485672963e-07
16294,1.0644869430365132e-07
16295,1.0632486002748463e-07
16296,1.0619914947440633e-07
16297,1.0607343892132802e-07
16298,1.0594960464516133e-07
16299,1.0582764664590626e-07
16300,1.0570568864665118e-07
16301,1.0557997809357288e-07
16302,1.054580200943178e-07
16303,1.0533418581815111e-07
16304,1.0521410409580766e-07
16305,1.0509026981964097e-07
16306,1.0496643554347428e-07
16307,1.0484260126730759e-07
16308,1.0472064326805251e-07
16309,1.0459868526879744e-07
16310,1.0447860354645398e-07
16311,1.0435476927028729e-07
16312,1.0423281127103222e-07
16313,1.0411272954868876e-07
16314,1.0399077154943369e-07
16315,1.0386881355017862e-07
16316,1.0374873182783516e-07
16317,1.0362677382858009e-07
16318,1.0350669210623663e-07
16319,1.0338661038389317e-07
16320,1.0326277610772648e-07
16321,1.0314269438538302e-07
16322,1.0302261266303957e-07
16323,1.0290253094069611e-07
16324,1.0278432549526427e-07
16325,1.026623674960092e-07
16326,1.0254416205057736e-07
16327,1.0242595660514552e-07
16328,1.0230587488280206e-07
16329,1.021857931604586e-07
16330,1.0206758771502676e-07
16331,1.0194750599268331e-07
16332,1.0182742427033985e-07
16333,1.0170734254799639e-07
16334,1.0158726082565293e-07
16335,1.0147093165713271e-07
16336,1.0135272621170087e-07
16337,1.0123264448935741e-07
16338,1.0111443904392557e-07
16339,1.0099435732158212e-07
16340,1.0087802815306189e-07
16341,1.0075794643071843e-07
16342,1.0064161726219821e-07
16343,1.0052341181676637e-07
16344,1.0040708264824615e-07
16345,1.0028887720281431e-07
16346,1.0017254803429408e-07
16347,1.0005621886577386e-07
16348,9.9938013420342018e-08
